pdf_page,path_index,n_items,n_line,n_rect,n_bezier,x0,y0,x1,y1,bbox_width,bbox_height,stroke_width,color,fill
44,0,1,1,0,0,72.25885009765625,65.06170654296875,72.25885009765625,65.06170654296875,0.0,0.0,0.5173971652984619,"(0.8550000190734863, 0.8629999756813049, 0.8669999837875366)",None
44,1,1,1,0,0,118.40266418457031,65.06170654296875,118.40266418457031,65.06170654296875,0.0,0.0,0.5173971652984619,"(0.8550000190734863, 0.8629999756813049, 0.8669999837875366)",None
44,2,1,1,0,0,200.85755920410156,65.06170654296875,200.85755920410156,65.06170654296875,0.0,0.0,0.5173971652984619,"(0.8550000190734863, 0.8629999756813049, 0.8669999837875366)",None
44,3,1,1,0,0,258.4251708984375,65.06170654296875,258.4251708984375,65.06170654296875,0.0,0.0,0.5173971652984619,"(0.8550000190734863, 0.8629999756813049, 0.8669999837875366)",None
44,4,1,0,1,0,72.51769256591797,64.28952026367188,392.4527587890625,65.32371520996094,319.93506622314453,1.0341949462890625,,None,"(0.0, 0.0, 0.0)"
44,5,1,1,0,0,392.1973571777344,65.06170654296875,392.1973571777344,65.06170654296875,0.0,0.0,0.5173971652984619,"(0.8550000190734863, 0.8629999756813049, 0.8669999837875366)",None
44,6,1,1,0,0,118.92035675048828,75.95527648925781,199.82217407226562,75.95527648925781,80.90181732177734,0.0,0.5173971652984619,"(0.0, 0.0, 0.0)",None
44,7,1,0,1,0,118.66151428222656,75.70018005371094,200.0775604248047,76.21728515625,81.41604614257812,0.5171051025390625,,None,"(0.0, 0.0, 0.0)"
44,8,1,1,0,0,201.375244140625,75.95527648925781,257.3897705078125,75.95527648925781,56.0145263671875,0.0,0.5173971652984619,"(0.0, 0.0, 0.0)",None
44,9,1,0,1,0,201.1129608154297,75.70018005371094,257.6451721191406,76.21728515625,56.53221130371094,0.5171051025390625,,None,"(0.0, 0.0, 0.0)"
44,10,1,1,0,0,118.92035675048828,86.84886169433594,199.82217407226562,86.84886169433594,80.90181732177734,0.0,0.5173971652984619,"(0.0, 0.0, 0.0)",None
44,11,1,0,1,0,118.66151428222656,86.59376525878906,200.0775604248047,87.11087036132812,81.41604614257812,0.5171051025390625,,None,"(0.0, 0.0, 0.0)"
44,12,1,1,0,0,201.375244140625,86.84886169433594,257.3897705078125,86.84886169433594,56.0145263671875,0.0,0.5173971652984619,"(0.0, 0.0, 0.0)",None
44,13,1,0,1,0,201.1129608154297,86.59376525878906,257.6451721191406,87.11087036132812,56.53221130371094,0.5171051025390625,,None,"(0.0, 0.0, 0.0)"
44,14,1,0,1,0,72.51769256591797,97.46665954589844,258.6805725097656,98.5008544921875,186.16287994384766,1.0341949462890625,,None,"(0.0, 0.0, 0.0)"
44,15,1,1,0,0,118.92035675048828,109.13932800292969,199.82217407226562,109.13932800292969,80.90181732177734,0.0,0.5173971652984619,"(0.0, 0.0, 0.0)",None
44,16,1,0,1,0,118.66151428222656,108.87733459472656,200.0775604248047,109.39442443847656,81.41604614257812,0.51708984375,,None,"(0.0, 0.0, 0.0)"
44,17,1,1,0,0,201.375244140625,109.13932800292969,257.3897705078125,109.13932800292969,56.0145263671875,0.0,0.5173971652984619,"(0.0, 0.0, 0.0)",None
44,18,1,0,1,0,201.1129608154297,108.87733459472656,257.6451721191406,109.39442443847656,56.53221130371094,0.51708984375,,None,"(0.0, 0.0, 0.0)"
44,19,1,1,0,0,118.92035675048828,120.03291320800781,199.82217407226562,120.03291320800781,80.90181732177734,0.0,0.5173971652984619,"(0.0, 0.0, 0.0)",None
44,20,1,0,1,0,118.66151428222656,119.77090454101562,200.0775604248047,120.28800964355469,81.41604614257812,0.5171051025390625,,None,"(0.0, 0.0, 0.0)"
44,21,1,1,0,0,201.375244140625,120.03291320800781,257.3897705078125,120.03291320800781,56.0145263671875,0.0,0.5173971652984619,"(0.0, 0.0, 0.0)",None
44,22,1,0,1,0,201.1129608154297,119.77090454101562,257.6451721191406,120.28800964355469,56.53221130371094,0.5171051025390625,,None,"(0.0, 0.0, 0.0)"
44,23,1,1,0,0,118.92035675048828,130.92648315429688,199.82217407226562,130.92648315429688,80.90181732177734,0.0,0.5173971652984619,"(0.0, 0.0, 0.0)",None
44,24,1,0,1,0,118.66151428222656,130.66448974609375,200.0775604248047,131.18157958984375,81.41604614257812,0.51708984375,,None,"(0.0, 0.0, 0.0)"
44,25,1,1,0,0,201.375244140625,130.92648315429688,257.3897705078125,130.92648315429688,56.0145263671875,0.0,0.5173971652984619,"(0.0, 0.0, 0.0)",None
44,26,1,0,1,0,201.1129608154297,130.66448974609375,257.6451721191406,131.18157958984375,56.53221130371094,0.51708984375,,None,"(0.0, 0.0, 0.0)"
44,27,1,1,0,0,118.92035675048828,141.79937744140625,199.82217407226562,141.79937744140625,80.90181732177734,0.0,0.5173971652984619,"(0.0, 0.0, 0.0)",None
44,28,1,0,1,0,118.66151428222656,141.54083251953125,200.0775604248047,142.07516479492188,81.41604614257812,0.534332275390625,,None,"(0.0, 0.0, 0.0)"
44,29,1,1,0,0,201.375244140625,141.79937744140625,257.3897705078125,141.79937744140625,56.0145263671875,0.0,0.5173971652984619,"(0.0, 0.0, 0.0)",None
44,30,1,0,1,0,201.1129608154297,141.54083251953125,257.6451721191406,142.07516479492188,56.53221130371094,0.534332275390625,,None,"(0.0, 0.0, 0.0)"
44,31,1,1,0,0,118.92035675048828,152.69296264648438,199.82217407226562,152.69296264648438,80.90181732177734,0.0,0.5173971652984619,"(0.0, 0.0, 0.0)",None
44,32,1,0,1,0,118.66151428222656,152.4378662109375,200.0775604248047,152.9549560546875,81.41604614257812,0.51708984375,,None,"(0.0, 0.0, 0.0)"
44,33,1,1,0,0,201.375244140625,152.69296264648438,257.3897705078125,152.69296264648438,56.0145263671875,0.0,0.5173971652984619,"(0.0, 0.0, 0.0)",None
44,34,1,0,1,0,201.1129608154297,152.4378662109375,257.6451721191406,152.9549560546875,56.53221130371094,0.51708984375,,None,"(0.0, 0.0, 0.0)"
44,35,1,1,0,0,118.92035675048828,163.5865478515625,199.82217407226562,163.5865478515625,80.90181732177734,0.0,0.5173971652984619,"(0.0, 0.0, 0.0)",None
44,36,1,0,1,0,118.66151428222656,163.33143615722656,200.0775604248047,163.84854125976562,81.41604614257812,0.5171051025390625,,None,"(0.0, 0.0, 0.0)"
44,37,1,1,0,0,201.375244140625,163.5865478515625,257.3897705078125,163.5865478515625,56.0145263671875,0.0,0.5173971652984619,"(0.0, 0.0, 0.0)",None
44,38,1,0,1,0,201.1129608154297,163.33143615722656,257.6451721191406,163.84854125976562,56.53221130371094,0.5171051025390625,,None,"(0.0, 0.0, 0.0)"
44,39,1,1,0,0,118.92035675048828,174.48011779785156,199.82217407226562,174.48011779785156,80.90181732177734,0.0,0.5173971652984619,"(0.0, 0.0, 0.0)",None
44,40,1,0,1,0,118.66151428222656,174.22500610351562,200.0775604248047,174.7421112060547,81.41604614257812,0.5171051025390625,,None,"(0.0, 0.0, 0.0)"
44,41,1,1,0,0,201.375244140625,174.48011779785156,257.3897705078125,174.48011779785156,56.0145263671875,0.0,0.5173971652984619,"(0.0, 0.0, 0.0)",None
44,42,1,0,1,0,201.1129608154297,174.22500610351562,257.6451721191406,174.7421112060547,56.53221130371094,0.5171051025390625,,None,"(0.0, 0.0, 0.0)"
44,43,1,1,0,0,118.92035675048828,185.37644958496094,199.82217407226562,185.37644958496094,80.90181732177734,0.0,0.5173971652984619,"(0.0, 0.0, 0.0)",None
44,44,1,0,1,0,118.66151428222656,185.11790466308594,200.0775604248047,185.635009765625,81.41604614257812,0.5171051025390625,,None,"(0.0, 0.0, 0.0)"
44,45,1,1,0,0,201.375244140625,185.37644958496094,257.3897705078125,185.37644958496094,56.0145263671875,0.0,0.5173971652984619,"(0.0, 0.0, 0.0)",None
44,46,1,0,1,0,201.1129608154297,185.11790466308594,257.6451721191406,185.635009765625,56.53221130371094,0.5171051025390625,,None,"(0.0, 0.0, 0.0)"
44,47,1,1,0,0,118.92035675048828,196.25279235839844,199.82217407226562,196.25279235839844,80.90181732177734,0.0,0.5173971652984619,"(0.0, 0.0, 0.0)",None
44,48,1,0,1,0,118.66151428222656,195.99423217773438,200.0775604248047,196.51133728027344,81.41604614257812,0.5171051025390625,,None,"(0.0, 0.0, 0.0)"
44,49,1,1,0,0,201.375244140625,196.25279235839844,257.3897705078125,196.25279235839844,56.0145263671875,0.0,0.5173971652984619,"(0.0, 0.0, 0.0)",None
44,50,1,0,1,0,201.1129608154297,195.99423217773438,257.6451721191406,196.51133728027344,56.53221130371094,0.5171051025390625,,None,"(0.0, 0.0, 0.0)"
44,51,1,1,0,0,118.92035675048828,207.1463623046875,199.82217407226562,207.1463623046875,80.90181732177734,0.0,0.5173971652984619,"(0.0, 0.0, 0.0)",None
44,52,1,0,1,0,118.66151428222656,206.8878173828125,200.0775604248047,207.40492248535156,81.41604614257812,0.5171051025390625,,None,"(0.0, 0.0, 0.0)"
44,53,1,1,0,0,201.375244140625,207.1463623046875,257.3897705078125,207.1463623046875,56.0145263671875,0.0,0.5173971652984619,"(0.0, 0.0, 0.0)",None
44,54,1,0,1,0,201.1129608154297,206.8878173828125,257.6451721191406,207.40492248535156,56.53221130371094,0.5171051025390625,,None,"(0.0, 0.0, 0.0)"
44,55,1,0,1,0,72.51769256591797,217.78140258789062,258.6805725097656,218.8155975341797,186.16287994384766,1.0341949462890625,,None,"(0.0, 0.0, 0.0)"
44,56,1,1,0,0,118.92035675048828,229.45062255859375,199.82217407226562,229.45062255859375,80.90181732177734,0.0,0.5173971652984619,"(0.0, 0.0, 0.0)",None
44,57,4,4,0,0,118.66151428222656,229.19207763671875,200.0775604248047,229.7091827392578,81.41604614257812,0.5171051025390625,,None,"(0.0, 0.0, 0.0)"
44,58,1,1,0,0,201.375244140625,229.45062255859375,257.3897705078125,229.45062255859375,56.0145263671875,0.0,0.5173971652984619,"(0.0, 0.0, 0.0)",None
44,59,1,0,1,0,201.1129608154297,229.19207763671875,257.6451721191406,229.7091827392578,56.53221130371094,0.5171051025390625,,None,"(0.0, 0.0, 0.0)"
44,60,1,1,0,0,118.92035675048828,240.32696533203125,199.82217407226562,240.32696533203125,80.90181732177734,0.0,0.5173971652984619,"(0.0, 0.0, 0.0)",None
44,61,1,0,1,0,118.66151428222656,240.0684051513672,200.0775604248047,240.60275268554688,81.41604614257812,0.5343475341796875,,None,"(0.0, 0.0, 0.0)"
44,62,1,1,0,0,201.375244140625,240.32696533203125,257.3897705078125,240.32696533203125,56.0145263671875,0.0,0.5173971652984619,"(0.0, 0.0, 0.0)",None
44,63,1,0,1,0,201.1129608154297,240.0684051513672,257.6451721191406,240.60275268554688,56.53221130371094,0.5343475341796875,,None,"(0.0, 0.0, 0.0)"
44,64,1,0,1,0,71.48230743408203,64.2886962890625,72.51769256591797,251.99607849121094,1.0353851318359375,187.70738220214844,,None,"(0.0, 0.0, 0.0)"
44,65,1,0,1,0,117.6261215209961,65.32289123535156,118.66151428222656,251.99607849121094,1.0353927612304688,186.67318725585938,,None,"(0.0, 0.0, 0.0)"
44,66,1,0,1,0,200.0775604248047,65.32289123535156,201.1129608154297,251.99607849121094,1.035400390625,186.67318725585938,,None,"(0.0, 0.0, 0.0)"
44,67,1,0,1,0,257.6451721191406,65.32289123535156,258.6805725097656,251.99607849121094,1.035400390625,186.67318725585938,,None,"(0.0, 0.0, 0.0)"
44,68,1,0,1,0,72.51769256591797,250.9618682861328,392.4527587890625,251.99607849121094,319.93506622314453,1.034210205078125,,None,"(0.0, 0.0, 0.0)"
44,69,1,0,1,0,391.4173583984375,65.32289123535156,392.4527587890625,251.99607849121094,1.035400390625,186.67318725585938,,None,"(0.0, 0.0, 0.0)"
44,70,1,1,0,0,72.25885009765625,252.25462341308594,72.25885009765625,252.25462341308594,0.0,0.0,0.5173971652984619,"(0.8550000190734863, 0.8629999756813049, 0.8669999837875366)",None
44,71,1,1,0,0,118.40266418457031,252.25462341308594,118.40266418457031,252.25462341308594,0.0,0.0,0.5173971652984619,"(0.8550000190734863, 0.8629999756813049, 0.8669999837875366)",None
44,72,1,1,0,0,200.85755920410156,252.25462341308594,200.85755920410156,252.25462341308594,0.0,0.0,0.5173971652984619,"(0.8550000190734863, 0.8629999756813049, 0.8669999837875366)",None
44,73,1,1,0,0,258.4251708984375,252.25462341308594,258.4251708984375,252.25462341308594,0.0,0.0,0.5173971652984619,"(0.8550000190734863, 0.8629999756813049, 0.8669999837875366)",None
44,74,1,1,0,0,392.1973571777344,252.25462341308594,392.1973571777344,252.25462341308594,0.0,0.0,0.5173971652984619,"(0.8550000190734863, 0.8629999756813049, 0.8669999837875366)",None
44,75,1,1,0,0,392.7150573730469,65.06170654296875,392.7150573730469,65.06170654296875,0.0,0.0,0.5173971652984619,"(0.8550000190734863, 0.8629999756813049, 0.8669999837875366)",None
44,76,1,1,0,0,392.7150573730469,75.95527648925781,392.7150573730469,75.95527648925781,0.0,0.0,0.5173971652984619,"(0.8550000190734863, 0.8629999756813049, 0.8669999837875366)",None
44,77,1,1,0,0,392.7150573730469,86.84886169433594,392.7150573730469,86.84886169433594,0.0,0.0,0.5173971652984619,"(0.8550000190734863, 0.8629999756813049, 0.8669999837875366)",None
44,78,1,1,0,0,392.7150573730469,98.24575805664062,392.7150573730469,98.24575805664062,0.0,0.0,0.5173971652984619,"(0.8550000190734863, 0.8629999756813049, 0.8669999837875366)",None
44,79,1,1,0,0,392.7150573730469,109.13932800292969,392.7150573730469,109.13932800292969,0.0,0.0,0.5173971652984619,"(0.8550000190734863, 0.8629999756813049, 0.8669999837875366)",None
44,80,1,1,0,0,392.7150573730469,120.03291320800781,392.7150573730469,120.03291320800781,0.0,0.0,0.5173971652984619,"(0.8550000190734863, 0.8629999756813049, 0.8669999837875366)",None
44,81,1,1,0,0,392.7150573730469,130.92648315429688,392.7150573730469,130.92648315429688,0.0,0.0,0.5173971652984619,"(0.8550000190734863, 0.8629999756813049, 0.8669999837875366)",None
44,82,1,1,0,0,392.7150573730469,141.79937744140625,392.7150573730469,141.79937744140625,0.0,0.0,0.5173971652984619,"(0.8550000190734863, 0.8629999756813049, 0.8669999837875366)",None
44,83,1,1,0,0,392.7150573730469,152.69296264648438,392.7150573730469,152.69296264648438,0.0,0.0,0.5173971652984619,"(0.8550000190734863, 0.8629999756813049, 0.8669999837875366)",None
44,84,1,1,0,0,392.7150573730469,163.5865478515625,392.7150573730469,163.5865478515625,0.0,0.0,0.5173971652984619,"(0.8550000190734863, 0.8629999756813049, 0.8669999837875366)",None
44,85,1,1,0,0,392.7150573730469,174.48011779785156,392.7150573730469,174.48011779785156,0.0,0.0,0.5173971652984619,"(0.8550000190734863, 0.8629999756813049, 0.8669999837875366)",None
44,86,1,1,0,0,392.7150573730469,185.37644958496094,392.7150573730469,185.37644958496094,0.0,0.0,0.5173971652984619,"(0.8550000190734863, 0.8629999756813049, 0.8669999837875366)",None
44,87,1,1,0,0,392.7150573730469,196.25279235839844,392.7150573730469,196.25279235839844,0.0,0.0,0.5173971652984619,"(0.8550000190734863, 0.8629999756813049, 0.8669999837875366)",None
44,88,1,1,0,0,392.7150573730469,207.14637756347656,392.7150573730469,207.14637756347656,0.0,0.0,0.5173971652984619,"(0.8550000190734863, 0.8629999756813049, 0.8669999837875366)",None
44,89,1,1,0,0,392.7150573730469,218.5570526123047,392.7150573730469,218.5570526123047,0.0,0.0,0.5173971652984619,"(0.8550000190734863, 0.8629999756813049, 0.8669999837875366)",None
44,90,1,1,0,0,392.7150573730469,229.45062255859375,392.7150573730469,229.45062255859375,0.0,0.0,0.5173971652984619,"(0.8550000190734863, 0.8629999756813049, 0.8669999837875366)",None
44,91,1,1,0,0,392.7150573730469,240.32696533203125,392.7150573730469,240.32696533203125,0.0,0.0,0.5173971652984619,"(0.8550000190734863, 0.8629999756813049, 0.8669999837875366)",None
44,92,1,1,0,0,392.7150573730469,251.73751831054688,392.7150573730469,251.73751831054688,0.0,0.0,0.5173971652984619,"(0.8550000190734863, 0.8629999756813049, 0.8669999837875366)",None
44,93,1,1,0,0,401.156005859375,65.05557250976562,401.156005859375,65.05557250976562,0.0,0.0,0.5119690299034119,"(0.8550000190734863, 0.8629999756813049, 0.8669999837875366)",None
44,94,1,1,0,0,446.793701171875,65.05557250976562,446.793701171875,65.05557250976562,0.0,0.0,0.5119690299034119,"(0.8550000190734863, 0.8629999756813049, 0.8669999837875366)",None
44,95,1,1,0,0,528.34423828125,65.05557250976562,528.34423828125,65.05557250976562,0.0,0.0,0.5119690299034119,"(0.8550000190734863, 0.8629999756813049, 0.8669999837875366)",None
44,96,1,1,0,0,584.7684326171875,65.05557250976562,584.7684326171875,65.05557250976562,0.0,0.0,0.5119690299034119,"(0.8550000190734863, 0.8629999756813049, 0.8669999837875366)",None
44,97,1,0,1,0,401.4120178222656,64.28428649902344,717.3259887695312,65.30812072753906,315.9139709472656,1.023834228515625,,None,"(0.0, 0.0, 0.0)"
44,98,1,1,0,0,717.0733642578125,65.05557250976562,717.0733642578125,65.05557250976562,0.0,0.0,0.5119690299034119,"(0.8550000190734863, 0.8629999756813049, 0.8669999837875366)",None
44,99,1,1,0,0,447.30572509765625,75.84005737304688,527.3201904296875,75.84005737304688,80.01446533203125,0.0,0.5119690299034119,"(0.0, 0.0, 0.0)",None
44,100,1,0,1,0,447.0497131347656,75.5806884765625,527.57275390625,76.09260559082031,80.52304077148438,0.5119171142578125,,None,"(0.0, 0.0, 0.0)"
44,101,1,1,0,0,528.8562622070312,75.84005737304688,583.723876953125,75.84005737304688,54.86761474609375,0.0,0.5119690299034119,"(0.0, 0.0, 0.0)",None
44,102,1,0,1,0,528.5968017578125,75.5806884765625,583.9799194335938,76.09260559082031,55.38311767578125,0.5119171142578125,,None,"(0.0, 0.0, 0.0)"
44,103,1,1,0,0,447.30572509765625,86.62454223632812,527.3201904296875,86.62454223632812,80.01446533203125,0.0,0.5119690299034119,"(0.0, 0.0, 0.0)",None
44,104,1,0,1,0,447.0497131347656,86.36518859863281,527.57275390625,86.87710571289062,80.52304077148438,0.5119171142578125,,None,"(0.0, 0.0, 0.0)"
44,105,1,1,0,0,528.8562622070312,86.62454223632812,583.723876953125,86.62454223632812,54.86761474609375,0.0,0.5119690299034119,"(0.0, 0.0, 0.0)",None
44,106,1,0,1,0,528.5968017578125,86.36518859863281,583.9799194335938,86.87710571289062,55.38311767578125,0.5119171142578125,,None,"(0.0, 0.0, 0.0)"
44,107,1,0,1,0,401.4120178222656,97.13601684570312,585.02099609375,98.15986633300781,183.60897827148438,1.0238494873046875,,None,"(0.0, 0.0, 0.0)"
44,108,1,1,0,0,447.30572509765625,108.68496704101562,527.3201904296875,108.68496704101562,80.01446533203125,0.0,0.5119690299034119,"(0.0, 0.0, 0.0)",None
44,109,1,0,1,0,447.0497131347656,108.43241882324219,527.57275390625,108.9443359375,80.52304077148438,0.5119171142578125,,None,"(0.0, 0.0, 0.0)"
44,110,1,1,0,0,528.8562622070312,108.68496704101562,583.723876953125,108.68496704101562,54.86761474609375,0.0,0.5119690299034119,"(0.0, 0.0, 0.0)",None
44,111,1,0,1,0,528.5968017578125,108.43241882324219,583.9799194335938,108.9443359375,55.38311767578125,0.5119171142578125,,None,"(0.0, 0.0, 0.0)"
44,112,1,1,0,0,447.30572509765625,119.46946716308594,527.3201904296875,119.46946716308594,80.01446533203125,0.0,0.5119690299034119,"(0.0, 0.0, 0.0)",None
44,113,1,0,1,0,447.0497131347656,119.21690368652344,527.57275390625,119.72883605957031,80.52304077148438,0.511932373046875,,None,"(0.0, 0.0, 0.0)"
44,114,1,1,0,0,528.8562622070312,119.46946716308594,583.723876953125,119.46946716308594,54.86761474609375,0.0,0.5119690299034119,"(0.0, 0.0, 0.0)",None
44,115,1,0,1,0,528.5968017578125,119.21690368652344,583.9799194335938,119.72883605957031,55.38311767578125,0.511932373046875,,None,"(0.0, 0.0, 0.0)"
44,116,1,1,0,0,447.30572509765625,130.25393676757812,527.3201904296875,130.25393676757812,80.01446533203125,0.0,0.5119690299034119,"(0.0, 0.0, 0.0)",None
44,117,1,0,1,0,447.0497131347656,130.00140380859375,527.57275390625,130.51332092285156,80.52304077148438,0.5119171142578125,,None,"(0.0, 0.0, 0.0)"
44,118,1,1,0,0,528.8562622070312,130.25393676757812,583.723876953125,130.25393676757812,54.86761474609375,0.0,0.5119690299034119,"(0.0, 0.0, 0.0)",None
44,119,1,0,1,0,528.5968017578125,130.00140380859375,583.9799194335938,130.51332092285156,55.38311767578125,0.5119171142578125,,None,"(0.0, 0.0, 0.0)"
44,120,1,1,0,0,447.30572509765625,141.0247802734375,527.3201904296875,141.0247802734375,80.01446533203125,0.0,0.5119690299034119,"(0.0, 0.0, 0.0)",None
44,121,1,0,1,0,447.0497131347656,140.76541137695312,527.57275390625,141.27734375,80.52304077148438,0.511932373046875,,None,"(0.0, 0.0, 0.0)"
44,122,1,1,0,0,528.8562622070312,141.0247802734375,583.723876953125,141.0247802734375,54.86761474609375,0.0,0.5119690299034119,"(0.0, 0.0, 0.0)",None
44,123,1,0,1,0,528.5968017578125,140.76541137695312,583.9799194335938,141.27734375,55.38311767578125,0.511932373046875,,None,"(0.0, 0.0, 0.0)"
44,124,1,1,0,0,447.30572509765625,151.80926513671875,527.3201904296875,151.80926513671875,80.01446533203125,0.0,0.5119690299034119,"(0.0, 0.0, 0.0)",None
44,125,1,0,1,0,447.0497131347656,151.54989624023438,527.57275390625,152.06182861328125,80.52304077148438,0.511932373046875,,None,"(0.0, 0.0, 0.0)"
44,126,1,1,0,0,528.8562622070312,151.80926513671875,583.723876953125,151.80926513671875,54.86761474609375,0.0,0.5119690299034119,"(0.0, 0.0, 0.0)",None
44,127,1,0,1,0,528.5968017578125,151.54989624023438,583.9799194335938,152.06182861328125,55.38311767578125,0.511932373046875,,None,"(0.0, 0.0, 0.0)"
44,128,1,1,0,0,447.30572509765625,162.59375,527.3201904296875,162.59375,80.01446533203125,0.0,0.5119690299034119,"(0.0, 0.0, 0.0)",None
44,129,1,0,1,0,447.0497131347656,162.33438110351562,527.57275390625,162.8463134765625,80.52304077148438,0.511932373046875,,None,"(0.0, 0.0, 0.0)"
44,130,1,1,0,0,528.8562622070312,162.59375,583.723876953125,162.59375,54.86761474609375,0.0,0.5119690299034119,"(0.0, 0.0, 0.0)",None
44,131,1,0,1,0,528.5968017578125,162.33438110351562,583.9799194335938,162.8463134765625,55.38311767578125,0.511932373046875,,None,"(0.0, 0.0, 0.0)"
44,132,1,1,0,0,447.30572509765625,173.3782501220703,527.3201904296875,173.3782501220703,80.01446533203125,0.0,0.5119690299034119,"(0.0, 0.0, 0.0)",None
44,133,1,0,1,0,447.0497131347656,173.11886596679688,527.57275390625,173.63079833984375,80.52304077148438,0.511932373046875,,None,"(0.0, 0.0, 0.0)"
44,134,1,1,0,0,528.8562622070312,173.3782501220703,583.723876953125,173.3782501220703,54.86761474609375,0.0,0.5119690299034119,"(0.0, 0.0, 0.0)",None
44,135,1,0,1,0,528.5968017578125,173.11886596679688,583.9799194335938,173.63079833984375,55.38311767578125,0.511932373046875,,None,"(0.0, 0.0, 0.0)"
44,136,1,1,0,0,447.30572509765625,184.14430236816406,527.3201904296875,184.14430236816406,80.01446533203125,0.0,0.5119690299034119,"(0.0, 0.0, 0.0)",None
44,137,1,0,1,0,447.0497131347656,183.8883514404297,527.57275390625,184.41732788085938,80.52304077148438,0.5289764404296875,,None,"(0.0, 0.0, 0.0)"
44,138,1,1,0,0,528.8562622070312,184.14430236816406,583.723876953125,184.14430236816406,54.86761474609375,0.0,0.5119690299034119,"(0.0, 0.0, 0.0)",None
44,139,1,0,1,0,528.5968017578125,183.8883514404297,583.9799194335938,184.41732788085938,55.38311767578125,0.5289764404296875,,None,"(0.0, 0.0, 0.0)"
44,140,1,1,0,0,447.30572509765625,194.92880249023438,527.3201904296875,194.92880249023438,80.01446533203125,0.0,0.5119690299034119,"(0.0, 0.0, 0.0)",None
44,141,1,0,1,0,447.0497131347656,194.67283630371094,527.57275390625,195.18475341796875,80.52304077148438,0.5119171142578125,,None,"(0.0, 0.0, 0.0)"
44,142,1,1,0,0,528.8562622070312,194.92880249023438,583.723876953125,194.92880249023438,54.86761474609375,0.0,0.5119690299034119,"(0.0, 0.0, 0.0)",None
44,143,1,0,1,0,528.5968017578125,194.67283630371094,583.9799194335938,195.18475341796875,55.38311767578125,0.5119171142578125,,None,"(0.0, 0.0, 0.0)"
44,144,1,1,0,0,447.30572509765625,205.71328735351562,527.3201904296875,205.71328735351562,80.01446533203125,0.0,0.5119690299034119,"(0.0, 0.0, 0.0)",None
44,145,1,0,1,0,447.0497131347656,205.4573211669922,527.57275390625,205.96923828125,80.52304077148438,0.5119171142578125,,None,"(0.0, 0.0, 0.0)"
44,146,1,1,0,0,528.8562622070312,205.71328735351562,583.723876953125,205.71328735351562,54.86761474609375,0.0,0.5119690299034119,"(0.0, 0.0, 0.0)",None
44,147,1,0,1,0,528.5968017578125,205.4573211669922,583.9799194335938,205.96923828125,55.38311767578125,0.5119171142578125,,None,"(0.0, 0.0, 0.0)"
44,148,1,0,1,0,401.4120178222656,216.24180603027344,585.02099609375,217.26565551757812,183.60897827148438,1.0238494873046875,,None,"(0.0, 0.0, 0.0)"
44,149,1,1,0,0,447.30572509765625,227.26519775390625,527.3201904296875,227.26519775390625,80.01446533203125,0.0,0.5119690299034119,"(0.0, 0.0, 0.0)",None
44,150,1,0,1,0,447.0497131347656,227.00924682617188,527.57275390625,227.53822326660156,80.52304077148438,0.5289764404296875,,None,"(0.0, 0.0, 0.0)"
44,151,1,1,0,0,528.8562622070312,227.26519775390625,583.723876953125,227.26519775390625,54.86761474609375,0.0,0.5119690299034119,"(0.0, 0.0, 0.0)",None
44,152,1,0,1,0,528.5968017578125,227.00924682617188,583.9799194335938,227.53822326660156,55.38311767578125,0.5289764404296875,,None,"(0.0, 0.0, 0.0)"
44,153,1,1,0,0,447.30572509765625,238.0496826171875,527.3201904296875,238.0496826171875,80.01446533203125,0.0,0.5119690299034119,"(0.0, 0.0, 0.0)",None
44,154,1,0,1,0,447.0497131347656,237.79371643066406,527.57275390625,238.30564880371094,80.52304077148438,0.511932373046875,,None,"(0.0, 0.0, 0.0)"
44,155,1,1,0,0,528.8562622070312,238.0496826171875,583.723876953125,238.0496826171875,54.86761474609375,0.0,0.5119690299034119,"(0.0, 0.0, 0.0)",None
44,156,1,0,1,0,528.5968017578125,237.79371643066406,583.9799194335938,238.30564880371094,55.38311767578125,0.511932373046875,,None,"(0.0, 0.0, 0.0)"
44,157,1,0,1,0,400.3879699707031,64.2861328125,401.4120178222656,249.6018524169922,1.0240478515625,185.3157196044922,,None,"(0.0, 0.0, 0.0)"
44,158,1,0,1,0,446.02569580078125,65.30998229980469,447.0497131347656,249.60186767578125,1.024017333984375,184.29188537597656,,None,"(0.0, 0.0, 0.0)"
44,159,1,0,1,0,527.5728149414062,65.30998229980469,528.5968017578125,249.60186767578125,1.02398681640625,184.29188537597656,,None,"(0.0, 0.0, 0.0)"
44,160,1,0,1,0,583.9833374023438,65.30998229980469,585.0244140625,249.60186767578125,1.04107666015625,184.29188537597656,,None,"(0.0, 0.0, 0.0)"
44,161,4,4,0,0,401.4120178222656,248.57801818847656,717.3259887695312,249.60186767578125,315.9139709472656,1.0238494873046875,,None,"(0.0, 0.0, 0.0)"
44,162,1,0,1,0,716.302001953125,65.30998229980469,717.3259887695312,249.60186767578125,1.02398681640625,184.29188537597656,,None,"(0.0, 0.0, 0.0)"
44,163,1,1,0,0,401.156005859375,249.85781860351562,401.156005859375,249.85781860351562,0.0,0.0,0.5119690299034119,"(0.8550000190734863, 0.8629999756813049, 0.8669999837875366)",None
44,164,1,1,0,0,446.793701171875,249.85781860351562,446.793701171875,249.85781860351562,0.0,0.0,0.5119690299034119,"(0.8550000190734863, 0.8629999756813049, 0.8669999837875366)",None
44,165,1,1,0,0,528.34423828125,249.85781860351562,528.34423828125,249.85781860351562,0.0,0.0,0.5119690299034119,"(0.8550000190734863, 0.8629999756813049, 0.8669999837875366)",None
44,166,1,1,0,0,584.7684326171875,249.85781860351562,584.7684326171875,249.85781860351562,0.0,0.0,0.5119690299034119,"(0.8550000190734863, 0.8629999756813049, 0.8669999837875366)",None
44,167,1,1,0,0,717.0733642578125,249.8578338623047,717.0733642578125,249.8578338623047,0.0,0.0,0.5119690299034119,"(0.8550000190734863, 0.8629999756813049, 0.8669999837875366)",None
44,168,1,1,0,0,717.58544921875,65.05557250976562,717.58544921875,65.05557250976562,0.0,0.0,0.5119690299034119,"(0.8550000190734863, 0.8629999756813049, 0.8669999837875366)",None
44,169,1,1,0,0,717.58544921875,75.84005737304688,717.58544921875,75.84005737304688,0.0,0.0,0.5119690299034119,"(0.8550000190734863, 0.8629999756813049, 0.8669999837875366)",None
44,170,1,1,0,0,717.58544921875,86.62454223632812,717.58544921875,86.62454223632812,0.0,0.0,0.5119690299034119,"(0.8550000190734863, 0.8629999756813049, 0.8669999837875366)",None
44,171,1,1,0,0,717.58544921875,97.90048217773438,717.58544921875,97.90048217773438,0.0,0.0,0.5119690299034119,"(0.8550000190734863, 0.8629999756813049, 0.8669999837875366)",None
44,172,1,1,0,0,717.58544921875,108.68496704101562,717.58544921875,108.68496704101562,0.0,0.0,0.5119690299034119,"(0.8550000190734863, 0.8629999756813049, 0.8669999837875366)",None
44,173,1,1,0,0,717.58544921875,119.46946716308594,717.58544921875,119.46946716308594,0.0,0.0,0.5119690299034119,"(0.8550000190734863, 0.8629999756813049, 0.8669999837875366)",None
44,174,1,1,0,0,717.58544921875,130.25393676757812,717.58544921875,130.25393676757812,0.0,0.0,0.5119690299034119,"(0.8550000190734863, 0.8629999756813049, 0.8669999837875366)",None
44,175,1,1,0,0,717.58544921875,141.0247802734375,717.58544921875,141.0247802734375,0.0,0.0,0.5119690299034119,"(0.8550000190734863, 0.8629999756813049, 0.8669999837875366)",None
44,176,1,1,0,0,717.58544921875,151.80926513671875,717.58544921875,151.80926513671875,0.0,0.0,0.5119690299034119,"(0.8550000190734863, 0.8629999756813049, 0.8669999837875366)",None
44,177,1,1,0,0,717.58544921875,162.59375,717.58544921875,162.59375,0.0,0.0,0.5119690299034119,"(0.8550000190734863, 0.8629999756813049, 0.8669999837875366)",None
44,178,1,1,0,0,717.58544921875,173.3782501220703,717.58544921875,173.3782501220703,0.0,0.0,0.5119690299034119,"(0.8550000190734863, 0.8629999756813049, 0.8669999837875366)",None
44,179,1,1,0,0,717.58544921875,184.14430236816406,717.58544921875,184.14430236816406,0.0,0.0,0.5119690299034119,"(0.8550000190734863, 0.8629999756813049, 0.8669999837875366)",None
44,180,1,1,0,0,717.58544921875,194.92880249023438,717.58544921875,194.92880249023438,0.0,0.0,0.5119690299034119,"(0.8550000190734863, 0.8629999756813049, 0.8669999837875366)",None
44,181,1,1,0,0,717.58544921875,205.71328735351562,717.58544921875,205.71328735351562,0.0,0.0,0.5119690299034119,"(0.8550000190734863, 0.8629999756813049, 0.8669999837875366)",None
44,182,1,1,0,0,717.58544921875,217.00970458984375,717.58544921875,217.00970458984375,0.0,0.0,0.5119690299034119,"(0.8550000190734863, 0.8629999756813049, 0.8669999837875366)",None
44,183,1,1,0,0,717.58544921875,227.26519775390625,717.58544921875,227.26519775390625,0.0,0.0,0.5119690299034119,"(0.8550000190734863, 0.8629999756813049, 0.8669999837875366)",None
44,184,1,1,0,0,717.58544921875,238.0496826171875,717.58544921875,238.0496826171875,0.0,0.0,0.5119690299034119,"(0.8550000190734863, 0.8629999756813049, 0.8669999837875366)",None
44,185,1,1,0,0,717.58544921875,249.3459014892578,717.58544921875,249.3459014892578,0.0,0.0,0.5119690299034119,"(0.8550000190734863, 0.8629999756813049, 0.8669999837875366)",None
45,0,1,1,0,0,72.25926971435547,65.05735778808594,72.25926971435547,65.05735778808594,0.0,0.0,0.517842710018158,"(0.8550000190734863, 0.8629999756813049, 0.8669999837875366)",None
45,1,1,1,0,0,118.47904205322266,65.05735778808594,118.47904205322266,65.05735778808594,0.0,0.0,0.517842710018158,"(0.8550000190734863, 0.8629999756813049, 0.8669999837875366)",None
45,2,1,1,0,0,201.0696563720703,65.05735778808594,201.0696563720703,65.05735778808594,0.0,0.0,0.517842710018158,"(0.8550000190734863, 0.8629999756813049, 0.8669999837875366)",None
45,3,1,1,0,0,258.1927185058594,65.05735778808594,258.1927185058594,65.05735778808594,0.0,0.0,0.517842710018158,"(0.8550000190734863, 0.8629999756813049, 0.8669999837875366)",None
45,4,1,0,1,0,72.51854705810547,64.28509521484375,391.9431457519531,65.31938171386719,319.42459869384766,1.0342864990234375,,None,"(0.0, 0.0, 0.0)"
45,5,1,1,0,0,391.68731689453125,65.05735778808594,391.68731689453125,65.05735778808594,0.0,0.0,0.517842710018158,"(0.8550000190734863, 0.8629999756813049, 0.8669999837875366)",None
45,6,1,1,0,0,118.99758911132812,75.95176696777344,257.1556396484375,75.95176696777344,138.15805053710938,0.0,0.517842710018158,"(0.0, 0.0, 0.0)",None
45,7,1,0,1,0,118.73831176757812,75.69664001464844,257.4183654785156,76.21379089355469,138.6800537109375,0.51715087890625,,None,"(0.0, 0.0, 0.0)"
45,8,1,1,0,0,118.99758911132812,86.84617614746094,200.03256225585938,86.84617614746094,81.03497314453125,0.0,0.517842710018158,"(0.0, 0.0, 0.0)",None
45,9,1,0,1,0,118.73831176757812,86.591064453125,200.2883758544922,87.10820007324219,81.55006408691406,0.5171356201171875,,None,"(0.0, 0.0, 0.0)"
45,10,1,1,0,0,201.0696563720703,65.57449340820312,201.0696563720703,86.31526184082031,0.0,20.740768432617188,0.517842710018158,"(0.0, 0.0, 0.0)",None
45,11,1,0,1,0,200.8069305419922,65.31938171386719,201.3254852294922,86.591064453125,0.5185546875,21.271682739257812,,None,"(0.0, 0.0, 0.0)"
45,12,1,1,0,0,201.58819580078125,86.84617614746094,257.1556396484375,86.84617614746094,55.56744384765625,0.0,0.517842710018158,"(0.0, 0.0, 0.0)",None
45,13,1,0,1,0,201.3254852294922,86.591064453125,257.4149169921875,87.10820007324219,56.08943176269531,0.5171356201171875,,None,"(0.0, 0.0, 0.0)"
45,14,1,0,1,0,72.51854705810547,97.46479797363281,258.4554443359375,98.49906921386719,185.93689727783203,1.034271240234375,,None,"(0.0, 0.0, 0.0)"
45,15,1,1,0,0,118.99758911132812,109.13836669921875,200.03256225585938,109.13836669921875,81.03497314453125,0.0,0.517842710018158,"(0.0, 0.0, 0.0)",None
45,16,1,0,1,0,118.73831176757812,108.8763427734375,200.2883758544922,109.39347839355469,81.55006408691406,0.5171356201171875,,None,"(0.0, 0.0, 0.0)"
45,17,1,1,0,0,201.58819580078125,109.13836669921875,257.1556396484375,109.13836669921875,55.56744384765625,0.0,0.517842710018158,"(0.0, 0.0, 0.0)",None
45,18,1,0,1,0,201.3254852294922,108.8763427734375,257.4149169921875,109.39347839355469,56.08943176269531,0.5171356201171875,,None,"(0.0, 0.0, 0.0)"
45,19,1,1,0,0,118.99758911132812,120.03277587890625,200.03256225585938,120.03277587890625,81.03497314453125,0.0,0.517842710018158,"(0.0, 0.0, 0.0)",None
45,20,1,0,1,0,118.73831176757812,119.770751953125,200.2883758544922,120.28790283203125,81.55006408691406,0.51715087890625,,None,"(0.0, 0.0, 0.0)"
45,21,1,1,0,0,201.58819580078125,120.03277587890625,257.1556396484375,120.03277587890625,55.56744384765625,0.0,0.517842710018158,"(0.0, 0.0, 0.0)",None
45,22,1,0,1,0,201.3254852294922,119.770751953125,257.4149169921875,120.28790283203125,56.08943176269531,0.51715087890625,,None,"(0.0, 0.0, 0.0)"
45,23,1,1,0,0,118.99758911132812,130.92718505859375,200.03256225585938,130.92718505859375,81.03497314453125,0.0,0.517842710018158,"(0.0, 0.0, 0.0)",None
45,24,1,0,1,0,118.73831176757812,130.66517639160156,200.2883758544922,131.18231201171875,81.55006408691406,0.5171356201171875,,None,"(0.0, 0.0, 0.0)"
45,25,1,1,0,0,201.58819580078125,130.92718505859375,257.1556396484375,130.92718505859375,55.56744384765625,0.0,0.517842710018158,"(0.0, 0.0, 0.0)",None
45,26,1,0,1,0,201.3254852294922,130.66517639160156,257.4149169921875,131.18231201171875,56.08943176269531,0.5171356201171875,,None,"(0.0, 0.0, 0.0)"
45,27,1,1,0,0,118.99758911132812,141.80091857910156,200.03256225585938,141.80091857910156,81.03497314453125,0.0,0.517842710018158,"(0.0, 0.0, 0.0)",None
45,28,1,0,1,0,118.73831176757812,141.5423583984375,200.2883758544922,142.07672119140625,81.55006408691406,0.53436279296875,,None,"(0.0, 0.0, 0.0)"
45,29,1,1,0,0,201.58819580078125,141.80091857910156,257.1556396484375,141.80091857910156,55.56744384765625,0.0,0.517842710018158,"(0.0, 0.0, 0.0)",None
45,30,1,0,1,0,201.3254852294922,141.5423583984375,257.4149169921875,142.07672119140625,56.08943176269531,0.53436279296875,,None,"(0.0, 0.0, 0.0)"
45,31,1,1,0,0,118.99758911132812,152.69534301757812,200.03256225585938,152.69534301757812,81.03497314453125,0.0,0.517842710018158,"(0.0, 0.0, 0.0)",None
45,32,1,0,1,0,118.73831176757812,152.44021606445312,200.2883758544922,152.95736694335938,81.55006408691406,0.51715087890625,,None,"(0.0, 0.0, 0.0)"
45,33,1,1,0,0,201.58819580078125,152.69534301757812,257.1556396484375,152.69534301757812,55.56744384765625,0.0,0.517842710018158,"(0.0, 0.0, 0.0)",None
45,34,1,0,1,0,201.3254852294922,152.44021606445312,257.4149169921875,152.95736694335938,56.08943176269531,0.51715087890625,,None,"(0.0, 0.0, 0.0)"
45,35,1,1,0,0,118.99758911132812,163.58975219726562,200.03256225585938,163.58975219726562,81.03497314453125,0.0,0.517842710018158,"(0.0, 0.0, 0.0)",None
45,36,1,0,1,0,118.73831176757812,163.33462524414062,200.2883758544922,163.85177612304688,81.55006408691406,0.51715087890625,,None,"(0.0, 0.0, 0.0)"
45,37,1,1,0,0,201.58819580078125,163.58975219726562,257.1556396484375,163.58975219726562,55.56744384765625,0.0,0.517842710018158,"(0.0, 0.0, 0.0)",None
45,38,1,0,1,0,201.3254852294922,163.33462524414062,257.4149169921875,163.85177612304688,56.08943176269531,0.51715087890625,,None,"(0.0, 0.0, 0.0)"
45,39,1,1,0,0,118.99758911132812,174.48416137695312,200.03256225585938,174.48416137695312,81.03497314453125,0.0,0.517842710018158,"(0.0, 0.0, 0.0)",None
45,40,1,0,1,0,118.73831176757812,174.22903442382812,200.2883758544922,174.74618530273438,81.55006408691406,0.51715087890625,,None,"(0.0, 0.0, 0.0)"
45,41,1,1,0,0,201.58819580078125,174.48416137695312,257.1556396484375,174.48416137695312,55.56744384765625,0.0,0.517842710018158,"(0.0, 0.0, 0.0)",None
45,42,1,0,1,0,201.3254852294922,174.22903442382812,257.4149169921875,174.74618530273438,56.08943176269531,0.51715087890625,,None,"(0.0, 0.0, 0.0)"
45,43,1,1,0,0,118.99758911132812,185.38134765625,200.03256225585938,185.38134765625,81.03497314453125,0.0,0.517842710018158,"(0.0, 0.0, 0.0)",None
45,44,1,0,1,0,118.73831176757812,185.12277221679688,200.2883758544922,185.63992309570312,81.55006408691406,0.51715087890625,,None,"(0.0, 0.0, 0.0)"
45,45,1,1,0,0,201.58819580078125,185.38134765625,257.1556396484375,185.38134765625,55.56744384765625,0.0,0.517842710018158,"(0.0, 0.0, 0.0)",None
45,46,1,0,1,0,201.3254852294922,185.12277221679688,257.4149169921875,185.63992309570312,56.08943176269531,0.51715087890625,,None,"(0.0, 0.0, 0.0)"
45,47,1,1,0,0,118.99758911132812,196.25851440429688,200.03256225585938,196.25851440429688,81.03497314453125,0.0,0.517842710018158,"(0.0, 0.0, 0.0)",None
45,48,1,0,1,0,118.73831176757812,195.99993896484375,200.2883758544922,196.51708984375,81.55006408691406,0.51715087890625,,None,"(0.0, 0.0, 0.0)"
45,49,1,1,0,0,201.58819580078125,196.25851440429688,257.1556396484375,196.25851440429688,55.56744384765625,0.0,0.517842710018158,"(0.0, 0.0, 0.0)",None
45,50,1,0,1,0,201.3254852294922,195.99993896484375,257.4149169921875,196.51708984375,56.08943176269531,0.51715087890625,,None,"(0.0, 0.0, 0.0)"
45,51,1,1,0,0,118.99758911132812,207.15293884277344,200.03256225585938,207.15293884277344,81.03497314453125,0.0,0.517842710018158,"(0.0, 0.0, 0.0)",None
45,52,1,0,1,0,118.73831176757812,206.8943634033203,200.2883758544922,207.4114990234375,81.55006408691406,0.5171356201171875,,None,"(0.0, 0.0, 0.0)"
45,53,1,1,0,0,201.58819580078125,207.15293884277344,257.1556396484375,207.15293884277344,55.56744384765625,0.0,0.517842710018158,"(0.0, 0.0, 0.0)",None
45,54,1,0,1,0,201.3254852294922,206.8943634033203,257.4149169921875,207.4114990234375,56.08943176269531,0.5171356201171875,,None,"(0.0, 0.0, 0.0)"
45,55,1,0,1,0,72.51854705810547,217.7887725830078,258.4554443359375,218.82305908203125,185.93689727783203,1.0342864990234375,,None,"(0.0, 0.0, 0.0)"
45,56,1,1,0,0,118.99758911132812,229.4589080810547,200.03256225585938,229.4589080810547,81.03497314453125,0.0,0.517842710018158,"(0.0, 0.0, 0.0)",None
45,57,1,0,1,0,118.73831176757812,229.20033264160156,200.2883758544922,229.71746826171875,81.55006408691406,0.5171356201171875,,None,"(0.0, 0.0, 0.0)"
45,58,1,1,0,0,201.58819580078125,229.4589080810547,257.1556396484375,229.4589080810547,55.56744384765625,0.0,0.517842710018158,"(0.0, 0.0, 0.0)",None
45,59,1,0,1,0,201.3254852294922,229.20033264160156,257.4149169921875,229.71746826171875,56.08943176269531,0.5171356201171875,,None,"(0.0, 0.0, 0.0)"
45,60,1,1,0,0,118.99758911132812,240.33607482910156,200.03256225585938,240.33607482910156,81.03497314453125,0.0,0.517842710018158,"(0.0, 0.0, 0.0)",None
45,61,1,0,1,0,118.73831176757812,240.07749938964844,200.2883758544922,240.6118927001953,81.55006408691406,0.534393310546875,,None,"(0.0, 0.0, 0.0)"
45,62,1,1,0,0,201.58819580078125,240.33607482910156,257.1556396484375,240.33609008789062,55.56744384765625,1.52587890625e-05,0.517842710018158,"(0.0, 0.0, 0.0)",None
45,63,1,0,1,0,201.3254852294922,240.07749938964844,257.4149169921875,240.6118927001953,56.08943176269531,0.534393310546875,,None,"(0.0, 0.0, 0.0)"
45,64,1,0,1,0,71.48145294189453,64.28427124023438,72.51854705810547,252.00608825683594,1.0370941162109375,187.72181701660156,,None,"(0.0, 0.0, 0.0)"
45,65,1,0,1,0,117.70121765136719,65.31855773925781,118.73831176757812,252.00608825683594,1.0370941162109375,186.68753051757812,,None,"(0.0, 0.0, 0.0)"
45,66,1,0,1,0,200.28839111328125,86.59025573730469,201.3254852294922,252.00608825683594,1.0370941162109375,165.41583251953125,,None,"(0.0, 0.0, 0.0)"
45,67,1,0,1,0,257.4183654785156,65.31855773925781,258.4554443359375,252.00608825683594,1.037078857421875,186.68753051757812,,None,"(0.0, 0.0, 0.0)"
45,68,1,0,1,0,72.51854705810547,250.9718017578125,391.9431457519531,252.00608825683594,319.42459869384766,1.0342864990234375,,None,"(0.0, 0.0, 0.0)"
45,69,1,0,1,0,390.9060363769531,65.31855773925781,391.9431457519531,252.00608825683594,1.037109375,186.68753051757812,,None,"(0.0, 0.0, 0.0)"
45,70,1,1,0,0,72.25926971435547,252.2646484375,72.25926971435547,252.2646484375,0.0,0.0,0.517842710018158,"(0.8550000190734863, 0.8629999756813049, 0.8669999837875366)",None
45,71,1,1,0,0,118.47904205322266,252.2646484375,118.47904205322266,252.2646484375,0.0,0.0,0.517842710018158,"(0.8550000190734863, 0.8629999756813049, 0.8669999837875366)",None
45,72,1,1,0,0,201.0696563720703,252.2646484375,201.0696563720703,252.2646484375,0.0,0.0,0.517842710018158,"(0.8550000190734863, 0.8629999756813049, 0.8669999837875366)",None
45,73,1,1,0,0,258.1927185058594,252.2646484375,258.1927185058594,252.2646484375,0.0,0.0,0.517842710018158,"(0.8550000190734863, 0.8629999756813049, 0.8669999837875366)",None
45,74,1,1,0,0,391.68731689453125,252.2646484375,391.68731689453125,252.2646484375,0.0,0.0,0.517842710018158,"(0.8550000190734863, 0.8629999756813049, 0.8669999837875366)",None
45,75,1,1,0,0,392.20587158203125,65.05735778808594,392.20587158203125,65.05735778808594,0.0,0.0,0.517842710018158,"(0.8550000190734863, 0.8629999756813049, 0.8669999837875366)",None
45,76,1,0,1,0,391.9431457519531,64.80223083496094,392.4617004394531,65.31938171386719,0.5185546875,0.51715087890625,,None,"(0.8550000190734863, 0.8629999756813049, 0.8669999837875366)"
45,77,1,1,0,0,392.20587158203125,75.95176696777344,392.20587158203125,75.95176696777344,0.0,0.0,0.517842710018158,"(0.8550000190734863, 0.8629999756813049, 0.8669999837875366)",None
45,78,1,0,1,0,391.9431457519531,75.69664001464844,392.4617004394531,76.21379089355469,0.5185546875,0.51715087890625,,None,"(0.8550000190734863, 0.8629999756813049, 0.8669999837875366)"
45,79,1,1,0,0,392.20587158203125,86.84617614746094,392.20587158203125,86.84617614746094,0.0,0.0,0.517842710018158,"(0.8550000190734863, 0.8629999756813049, 0.8669999837875366)",None
45,80,1,0,1,0,391.9431457519531,86.591064453125,392.4617004394531,87.10820007324219,0.5185546875,0.5171356201171875,,None,"(0.8550000190734863, 0.8629999756813049, 0.8669999837875366)"
45,81,1,1,0,0,392.20587158203125,98.24394226074219,392.20587158203125,98.24394226074219,0.0,0.0,0.517842710018158,"(0.8550000190734863, 0.8629999756813049, 0.8669999837875366)",None
45,82,1,0,1,0,391.9431457519531,97.98193359375,392.4617004394531,98.49906921386719,0.5185546875,0.5171356201171875,,None,"(0.8550000190734863, 0.8629999756813049, 0.8669999837875366)"
45,83,1,1,0,0,392.20587158203125,109.13836669921875,392.20587158203125,109.13836669921875,0.0,0.0,0.517842710018158,"(0.8550000190734863, 0.8629999756813049, 0.8669999837875366)",None
45,84,1,0,1,0,391.9431457519531,108.8763427734375,392.4617004394531,109.39347839355469,0.5185546875,0.5171356201171875,,None,"(0.8550000190734863, 0.8629999756813049, 0.8669999837875366)"
45,85,1,1,0,0,392.20587158203125,120.03277587890625,392.20587158203125,120.03277587890625,0.0,0.0,0.517842710018158,"(0.8550000190734863, 0.8629999756813049, 0.8669999837875366)",None
45,86,1,0,1,0,391.9431457519531,119.770751953125,392.4617004394531,120.28790283203125,0.5185546875,0.51715087890625,,None,"(0.8550000190734863, 0.8629999756813049, 0.8669999837875366)"
45,87,1,1,0,0,392.20587158203125,130.92718505859375,392.20587158203125,130.92718505859375,0.0,0.0,0.517842710018158,"(0.8550000190734863, 0.8629999756813049, 0.8669999837875366)",None
45,88,1,0,1,0,391.9431457519531,130.66517639160156,392.4617004394531,131.18231201171875,0.5185546875,0.5171356201171875,,None,"(0.8550000190734863, 0.8629999756813049, 0.8669999837875366)"
45,89,1,1,0,0,392.20587158203125,141.80091857910156,392.20587158203125,141.80091857910156,0.0,0.0,0.517842710018158,"(0.8550000190734863, 0.8629999756813049, 0.8669999837875366)",None
45,90,1,0,1,0,391.9431457519531,141.5423583984375,392.4617004394531,142.07672119140625,0.5185546875,0.53436279296875,,None,"(0.8550000190734863, 0.8629999756813049, 0.8669999837875366)"
45,91,1,1,0,0,392.20587158203125,152.69534301757812,392.20587158203125,152.69534301757812,0.0,0.0,0.517842710018158,"(0.8550000190734863, 0.8629999756813049, 0.8669999837875366)",None
45,92,1,0,1,0,391.9431457519531,152.44021606445312,392.4617004394531,152.95736694335938,0.5185546875,0.51715087890625,,None,"(0.8550000190734863, 0.8629999756813049, 0.8669999837875366)"
45,93,1,1,0,0,392.20587158203125,163.58975219726562,392.20587158203125,163.58975219726562,0.0,0.0,0.517842710018158,"(0.8550000190734863, 0.8629999756813049, 0.8669999837875366)",None
45,94,1,0,1,0,391.9431457519531,163.33462524414062,392.4617004394531,163.85177612304688,0.5185546875,0.51715087890625,,None,"(0.8550000190734863, 0.8629999756813049, 0.8669999837875366)"
45,95,1,1,0,0,392.20587158203125,174.48416137695312,392.20587158203125,174.48416137695312,0.0,0.0,0.517842710018158,"(0.8550000190734863, 0.8629999756813049, 0.8669999837875366)",None
45,96,1,0,1,0,391.9431457519531,174.22903442382812,392.4617004394531,174.74618530273438,0.5185546875,0.51715087890625,,None,"(0.8550000190734863, 0.8629999756813049, 0.8669999837875366)"
45,97,1,1,0,0,392.20587158203125,185.38134765625,392.20587158203125,185.38134765625,0.0,0.0,0.517842710018158,"(0.8550000190734863, 0.8629999756813049, 0.8669999837875366)",None
45,98,1,0,1,0,391.9431457519531,185.12277221679688,392.4617004394531,185.63992309570312,0.5185546875,0.51715087890625,,None,"(0.8550000190734863, 0.8629999756813049, 0.8669999837875366)"
45,99,1,1,0,0,392.20587158203125,196.25851440429688,392.20587158203125,196.25851440429688,0.0,0.0,0.517842710018158,"(0.8550000190734863, 0.8629999756813049, 0.8669999837875366)",None
45,100,1,0,1,0,391.9431457519531,195.9999542236328,392.4617004394531,196.51708984375,0.5185546875,0.5171356201171875,,None,"(0.8550000190734863, 0.8629999756813049, 0.8669999837875366)"
45,101,1,1,0,0,392.20587158203125,207.15293884277344,392.20587158203125,207.15293884277344,0.0,0.0,0.517842710018158,"(0.8550000190734863, 0.8629999756813049, 0.8669999837875366)",None
45,102,1,0,1,0,391.9431457519531,206.8943634033203,392.4617004394531,207.4114990234375,0.5185546875,0.5171356201171875,,None,"(0.8550000190734863, 0.8629999756813049, 0.8669999837875366)"
45,103,1,1,0,0,392.20587158203125,218.56448364257812,392.20587158203125,218.56448364257812,0.0,0.0,0.517842710018158,"(0.8550000190734863, 0.8629999756813049, 0.8669999837875366)",None
45,104,1,0,1,0,391.9431457519531,218.30592346191406,392.4617004394531,218.82305908203125,0.5185546875,0.5171356201171875,,None,"(0.8550000190734863, 0.8629999756813049, 0.8669999837875366)"
45,105,1,1,0,0,392.20587158203125,229.4589080810547,392.20587158203125,229.4589080810547,0.0,0.0,0.517842710018158,"(0.8550000190734863, 0.8629999756813049, 0.8669999837875366)",None
45,106,1,0,1,0,391.9431457519531,229.20033264160156,392.4617004394531,229.71746826171875,0.5185546875,0.5171356201171875,,None,"(0.8550000190734863, 0.8629999756813049, 0.8669999837875366)"
45,107,1,1,0,0,392.20587158203125,240.33609008789062,392.20587158203125,240.33609008789062,0.0,0.0,0.517842710018158,"(0.8550000190734863, 0.8629999756813049, 0.8669999837875366)",None
45,108,1,0,1,0,391.9431457519531,240.0775146484375,392.4617004394531,240.6118927001953,0.5185546875,0.5343780517578125,,None,"(0.8550000190734863, 0.8629999756813049, 0.8669999837875366)"
45,109,1,1,0,0,392.20587158203125,251.7475128173828,392.20587158203125,251.7475128173828,0.0,0.0,0.517842710018158,"(0.8550000190734863, 0.8629999756813049, 0.8669999837875366)",None
45,110,1,0,1,0,391.9431457519531,251.4889373779297,392.4617004394531,252.00608825683594,0.5185546875,0.51715087890625,,None,"(0.8550000190734863, 0.8629999756813049, 0.8669999837875366)"
45,111,1,1,0,0,401.1593017578125,65.05892944335938,401.1593017578125,65.05892944335938,0.0,0.0,0.5178447365760803,"(0.8550000190734863, 0.8629999756813049, 0.8669999837875366)",None
45,112,1,1,0,0,447.384765625,65.05892944335938,447.384765625,65.05892944335938,0.0,0.0,0.5178447365760803,"(0.8550000190734863, 0.8629999756813049, 0.8669999837875366)",None
45,113,1,1,0,0,529.985595703125,65.05892944335938,529.985595703125,65.05892944335938,0.0,0.0,0.5178447365760803,"(0.8550000190734863, 0.8629999756813049, 0.8669999837875366)",None
45,114,1,1,0,0,587.1364135742188,65.05892944335938,587.1364135742188,65.05892944335938,0.0,0.0,0.5178447365760803,"(0.8550000190734863, 0.8629999756813049, 0.8669999837875366)",None
45,115,1,0,1,0,401.4186096191406,64.28675842285156,721.4011840820312,65.3209228515625,319.9825744628906,1.0341644287109375,,None,"(0.0, 0.0, 0.0)"
45,116,1,1,0,0,721.1453247070312,65.05892944335938,721.1453247070312,65.05892944335938,0.0,0.0,0.5178447365760803,"(0.8550000190734863, 0.8629999756813049, 0.8669999837875366)",None
45,117,1,1,0,0,447.90338134765625,75.95207214355469,528.9483642578125,75.95207214355469,81.04498291015625,0.0,0.5178447365760803,"(0.0, 0.0, 0.0)",None
45,118,1,0,1,0,447.6440734863281,75.69699096679688,529.2041625976562,76.21406555175781,81.56008911132812,0.5170745849609375,,None,"(0.0, 0.0, 0.0)"
45,119,1,1,0,0,530.504150390625,75.95207214355469,586.0784301757812,75.95207214355469,55.57427978515625,0.0,0.5178447365760803,"(0.0, 0.0, 0.0)",None
45,120,1,0,1,0,530.2413940429688,75.69699096679688,586.3377685546875,76.21406555175781,56.09637451171875,0.5170745849609375,,None,"(0.0, 0.0, 0.0)"
45,121,1,1,0,0,447.90338134765625,86.84523010253906,528.9483642578125,86.84523010253906,81.04498291015625,0.0,0.5178447365760803,"(0.0, 0.0, 0.0)",None
45,122,1,0,1,0,447.6440734863281,86.59014892578125,529.2041625976562,87.10722351074219,81.56008911132812,0.5170745849609375,,None,"(0.0, 0.0, 0.0)"
45,123,1,1,0,0,530.504150390625,86.84523010253906,586.0784301757812,86.84523010253906,55.57427978515625,0.0,0.5178447365760803,"(0.0, 0.0, 0.0)",None
45,124,1,0,1,0,530.2413940429688,86.59014892578125,586.3377685546875,87.10722351074219,56.09637451171875,0.5170745849609375,,None,"(0.0, 0.0, 0.0)"
45,125,1,0,1,0,401.4186096191406,97.46263122558594,587.3922729492188,98.49678039550781,185.97366333007812,1.034149169921875,,None,"(0.0, 0.0, 0.0)"
45,126,1,1,0,0,447.90338134765625,109.13484191894531,528.9483642578125,109.13484191894531,81.04498291015625,0.0,0.5178447365760803,"(0.0, 0.0, 0.0)",None
45,127,1,0,1,0,447.6440734863281,108.87284851074219,529.2041625976562,109.38993835449219,81.56008911132812,0.51708984375,,None,"(0.0, 0.0, 0.0)"
45,128,1,1,0,0,530.504150390625,109.13484191894531,586.0784301757812,109.13484191894531,55.57427978515625,0.0,0.5178447365760803,"(0.0, 0.0, 0.0)",None
45,129,1,0,1,0,530.2413940429688,108.87284851074219,586.3377685546875,109.38993835449219,56.09637451171875,0.51708984375,,None,"(0.0, 0.0, 0.0)"
45,130,1,1,0,0,447.90338134765625,120.02801513671875,528.9483642578125,120.02801513671875,81.04498291015625,0.0,0.5178447365760803,"(0.0, 0.0, 0.0)",None
45,131,1,0,1,0,447.6440734863281,119.76602172851562,529.2041625976562,120.28309631347656,81.56008911132812,0.5170745849609375,,None,"(0.0, 0.0, 0.0)"
45,132,1,1,0,0,530.504150390625,120.02801513671875,586.0784301757812,120.02801513671875,55.57427978515625,0.0,0.5178447365760803,"(0.0, 0.0, 0.0)",None
45,133,1,0,1,0,530.2413940429688,119.76602172851562,586.3377685546875,120.28309631347656,56.09637451171875,0.5170745849609375,,None,"(0.0, 0.0, 0.0)"
45,134,1,1,0,0,447.90338134765625,130.92117309570312,528.9483642578125,130.92117309570312,81.04498291015625,0.0,0.5178447365760803,"(0.0, 0.0, 0.0)",None
45,135,1,0,1,0,447.6440734863281,130.6591796875,529.2041625976562,131.17626953125,81.56008911132812,0.51708984375,,None,"(0.0, 0.0, 0.0)"
45,136,1,1,0,0,530.504150390625,130.92117309570312,586.0784301757812,130.92117309570312,55.57427978515625,0.0,0.5178447365760803,"(0.0, 0.0, 0.0)",None
45,137,1,0,1,0,530.2413940429688,130.6591796875,586.3377685546875,131.17626953125,56.09637451171875,0.51708984375,,None,"(0.0, 0.0, 0.0)"
45,138,1,1,0,0,447.90338134765625,141.79364013671875,528.9483642578125,141.79364013671875,81.04498291015625,0.0,0.5178447365760803,"(0.0, 0.0, 0.0)",None
45,139,1,0,1,0,447.6440734863281,141.5351104736328,529.2041625976562,142.06942749023438,81.56008911132812,0.5343170166015625,,None,"(0.0, 0.0, 0.0)"
45,140,1,1,0,0,530.504150390625,141.79364013671875,586.0784301757812,141.79364013671875,55.57427978515625,0.0,0.5178447365760803,"(0.0, 0.0, 0.0)",None
45,141,1,0,1,0,530.2413940429688,141.5351104736328,586.3377685546875,142.06942749023438,56.09637451171875,0.5343170166015625,,None,"(0.0, 0.0, 0.0)"
45,142,1,1,0,0,447.90338134765625,152.68679809570312,528.9483642578125,152.68679809570312,81.04498291015625,0.0,0.5178447365760803,"(0.0, 0.0, 0.0)",None
45,143,1,0,1,0,447.6440734863281,152.43170166015625,529.2041625976562,152.94879150390625,81.56008911132812,0.51708984375,,None,"(0.0, 0.0, 0.0)"
45,144,1,1,0,0,530.504150390625,152.68679809570312,586.0784301757812,152.68679809570312,55.57427978515625,0.0,0.5178447365760803,"(0.0, 0.0, 0.0)",None
45,145,1,0,1,0,530.2413940429688,152.43170166015625,586.3377685546875,152.94879150390625,56.09637451171875,0.51708984375,,None,"(0.0, 0.0, 0.0)"
45,146,1,1,0,0,447.90338134765625,163.5799560546875,528.9483642578125,163.5799560546875,81.04498291015625,0.0,0.5178447365760803,"(0.0, 0.0, 0.0)",None
45,147,1,0,1,0,447.6440734863281,163.32485961914062,529.2041625976562,163.84194946289062,81.56008911132812,0.51708984375,,None,"(0.0, 0.0, 0.0)"
45,148,1,1,0,0,530.504150390625,163.5799560546875,586.0784301757812,163.5799560546875,55.57427978515625,0.0,0.5178447365760803,"(0.0, 0.0, 0.0)",None
45,149,1,0,1,0,530.2413940429688,163.32485961914062,586.3377685546875,163.84194946289062,56.09637451171875,0.51708984375,,None,"(0.0, 0.0, 0.0)"
45,150,1,1,0,0,447.90338134765625,174.47311401367188,528.9483642578125,174.47311401367188,81.04498291015625,0.0,0.5178447365760803,"(0.0, 0.0, 0.0)",None
45,151,1,0,1,0,447.6440734863281,174.218017578125,529.2041625976562,174.735107421875,81.56008911132812,0.51708984375,,None,"(0.0, 0.0, 0.0)"
45,152,1,1,0,0,530.504150390625,174.47311401367188,586.0784301757812,174.47311401367188,55.57427978515625,0.0,0.5178447365760803,"(0.0, 0.0, 0.0)",None
45,153,1,0,1,0,530.2413940429688,174.218017578125,586.3377685546875,174.735107421875,56.09637451171875,0.51708984375,,None,"(0.0, 0.0, 0.0)"
45,154,1,1,0,0,447.90338134765625,185.36903381347656,528.9483642578125,185.36903381347656,81.04498291015625,0.0,0.5178447365760803,"(0.0, 0.0, 0.0)",None
45,155,1,0,1,0,447.6440734863281,185.11050415039062,529.2041625976562,185.62757873535156,81.56008911132812,0.5170745849609375,,None,"(0.0, 0.0, 0.0)"
45,156,1,1,0,0,530.504150390625,185.36903381347656,586.0784301757812,185.36903381347656,55.57427978515625,0.0,0.5178447365760803,"(0.0, 0.0, 0.0)",None
45,157,1,0,1,0,530.2413940429688,185.11050415039062,586.3377685546875,185.62757873535156,56.09637451171875,0.5170745849609375,,None,"(0.0, 0.0, 0.0)"
45,158,1,1,0,0,447.90338134765625,196.2449493408203,528.9483642578125,196.2449493408203,81.04498291015625,0.0,0.5178447365760803,"(0.0, 0.0, 0.0)",None
45,159,1,0,1,0,447.6440734863281,195.98641967773438,529.2041625976562,196.5034942626953,81.56008911132812,0.5170745849609375,,None,"(0.0, 0.0, 0.0)"
45,160,1,1,0,0,530.504150390625,196.2449493408203,586.0784301757812,196.2449493408203,55.57427978515625,0.0,0.5178447365760803,"(0.0, 0.0, 0.0)",None
45,161,1,0,1,0,530.2413940429688,195.98641967773438,586.3377685546875,196.5034942626953,56.09637451171875,0.5170745849609375,,None,"(0.0, 0.0, 0.0)"
45,162,1,1,0,0,447.90338134765625,207.13812255859375,528.9483642578125,207.13812255859375,81.04498291015625,0.0,0.5178447365760803,"(0.0, 0.0, 0.0)",None
45,163,1,0,1,0,447.6440734863281,206.87957763671875,529.2041625976562,207.3966522216797,81.56008911132812,0.5170745849609375,,None,"(0.0, 0.0, 0.0)"
45,164,1,1,0,0,530.504150390625,207.13812255859375,586.0784301757812,207.13812255859375,55.57427978515625,0.0,0.5178447365760803,"(0.0, 0.0, 0.0)",None
45,165,1,0,1,0,530.2413940429688,206.87957763671875,586.3377685546875,207.3966522216797,56.09637451171875,0.5170745849609375,,None,"(0.0, 0.0, 0.0)"
45,166,1,0,1,0,401.4186096191406,217.77273559570312,587.3922729492188,218.80690002441406,185.97366333007812,1.0341644287109375,,None,"(0.0, 0.0, 0.0)"
45,167,1,1,0,0,447.90338134765625,229.44151306152344,528.9483642578125,229.44151306152344,81.04498291015625,0.0,0.5178447365760803,"(0.0, 0.0, 0.0)",None
45,168,1,0,1,0,447.6440734863281,229.18296813964844,529.2041625976562,229.70005798339844,81.56008911132812,0.51708984375,,None,"(0.0, 0.0, 0.0)"
45,169,1,1,0,0,530.504150390625,229.44151306152344,586.0784301757812,229.44151306152344,55.57427978515625,0.0,0.5178447365760803,"(0.0, 0.0, 0.0)",None
45,170,1,0,1,0,530.2413940429688,229.18296813964844,586.3377685546875,229.70005798339844,56.09637451171875,0.51708984375,,None,"(0.0, 0.0, 0.0)"
45,171,1,1,0,0,447.90338134765625,240.31744384765625,528.9483642578125,240.31744384765625,81.04498291015625,0.0,0.5178447365760803,"(0.0, 0.0, 0.0)",None
45,172,1,0,1,0,447.6440734863281,240.0588836669922,529.2041625976562,240.5932159423828,81.56008911132812,0.534332275390625,,None,"(0.0, 0.0, 0.0)"
45,173,1,1,0,0,530.504150390625,240.31744384765625,586.0784301757812,240.31744384765625,55.57427978515625,0.0,0.5178447365760803,"(0.0, 0.0, 0.0)",None
45,174,4,4,0,0,530.2413940429688,240.0588836669922,586.3377685546875,240.5932159423828,56.09637451171875,0.534332275390625,,None,"(0.0, 0.0, 0.0)"
45,175,1,0,1,0,400.3813781738281,64.28593444824219,401.4186096191406,251.986083984375,1.0372314453125,187.7001495361328,,None,"(0.0, 0.0, 0.0)"
45,176,1,0,1,0,446.6068420410156,65.32009887695312,447.6440734863281,251.98609924316406,1.0372314453125,186.66600036621094,,None,"(0.0, 0.0, 0.0)"
45,177,1,0,1,0,529.2042236328125,65.32009887695312,530.2413940429688,251.98609924316406,1.03717041015625,186.66600036621094,,None,"(0.0, 0.0, 0.0)"
45,178,1,0,1,0,586.3411865234375,65.32009887695312,587.395751953125,251.98609924316406,1.0545654296875,186.66600036621094,,None,"(0.0, 0.0, 0.0)"
45,179,4,4,0,0,401.4186096191406,250.95193481445312,721.4011840820312,251.98609924316406,319.9825744628906,1.0341644287109375,,None,"(0.0, 0.0, 0.0)"
45,180,1,0,1,0,720.3639526367188,65.32009887695312,721.4011840820312,251.98609924316406,1.0372314453125,186.66600036621094,,None,"(0.0, 0.0, 0.0)"
45,181,1,1,0,0,401.1593017578125,252.24462890625,401.1593017578125,252.24462890625,0.0,0.0,0.5178447365760803,"(0.8550000190734863, 0.8629999756813049, 0.8669999837875366)",None
45,182,1,1,0,0,447.384765625,252.24462890625,447.384765625,252.24462890625,0.0,0.0,0.5178447365760803,"(0.8550000190734863, 0.8629999756813049, 0.8669999837875366)",None
45,183,1,1,0,0,529.985595703125,252.24462890625,529.985595703125,252.24462890625,0.0,0.0,0.5178447365760803,"(0.8550000190734863, 0.8629999756813049, 0.8669999837875366)",None
45,184,1,1,0,0,587.1364135742188,252.24462890625,587.1364135742188,252.24462890625,0.0,0.0,0.5178447365760803,"(0.8550000190734863, 0.8629999756813049, 0.8669999837875366)",None
45,185,1,1,0,0,721.1453857421875,252.24462890625,721.1453857421875,252.24462890625,0.0,0.0,0.5178447365760803,"(0.8550000190734863, 0.8629999756813049, 0.8669999837875366)",None
45,186,1,1,0,0,721.6639404296875,65.05892944335938,721.6639404296875,65.05892944335938,0.0,0.0,0.5178447365760803,"(0.8550000190734863, 0.8629999756813049, 0.8669999837875366)",None
45,187,1,1,0,0,721.6639404296875,75.95207214355469,721.6639404296875,75.95207214355469,0.0,0.0,0.5178447365760803,"(0.8550000190734863, 0.8629999756813049, 0.8669999837875366)",None
45,188,1,1,0,0,721.6639404296875,86.84523010253906,721.6639404296875,86.84523010253906,0.0,0.0,0.5178447365760803,"(0.8550000190734863, 0.8629999756813049, 0.8669999837875366)",None
45,189,1,1,0,0,721.6639404296875,98.24168395996094,721.6639404296875,98.24168395996094,0.0,0.0,0.5178447365760803,"(0.8550000190734863, 0.8629999756813049, 0.8669999837875366)",None
45,190,1,1,0,0,721.6639404296875,109.13484191894531,721.6639404296875,109.13484191894531,0.0,0.0,0.5178447365760803,"(0.8550000190734863, 0.8629999756813049, 0.8669999837875366)",None
45,191,1,1,0,0,721.6639404296875,120.02801513671875,721.6639404296875,120.02801513671875,0.0,0.0,0.5178447365760803,"(0.8550000190734863, 0.8629999756813049, 0.8669999837875366)",None
45,192,1,1,0,0,721.6639404296875,130.92117309570312,721.6639404296875,130.92117309570312,0.0,0.0,0.5178447365760803,"(0.8550000190734863, 0.8629999756813049, 0.8669999837875366)",None
45,193,1,1,0,0,721.6639404296875,141.79364013671875,721.6639404296875,141.79364013671875,0.0,0.0,0.5178447365760803,"(0.8550000190734863, 0.8629999756813049, 0.8669999837875366)",None
45,194,1,1,0,0,721.6639404296875,152.68679809570312,721.6639404296875,152.68679809570312,0.0,0.0,0.5178447365760803,"(0.8550000190734863, 0.8629999756813049, 0.8669999837875366)",None
45,195,1,1,0,0,721.6639404296875,163.5799560546875,721.6639404296875,163.5799560546875,0.0,0.0,0.5178447365760803,"(0.8550000190734863, 0.8629999756813049, 0.8669999837875366)",None
45,196,1,1,0,0,721.6639404296875,174.47311401367188,721.6639404296875,174.47311401367188,0.0,0.0,0.5178447365760803,"(0.8550000190734863, 0.8629999756813049, 0.8669999837875366)",None
45,197,1,1,0,0,721.6639404296875,185.36903381347656,721.6639404296875,185.36903381347656,0.0,0.0,0.5178447365760803,"(0.8550000190734863, 0.8629999756813049, 0.8669999837875366)",None
45,198,1,1,0,0,721.6639404296875,196.24496459960938,721.6639404296875,196.24496459960938,0.0,0.0,0.5178447365760803,"(0.8550000190734863, 0.8629999756813049, 0.8669999837875366)",None
45,199,1,1,0,0,721.6639404296875,207.13812255859375,721.6639404296875,207.13812255859375,0.0,0.0,0.5178447365760803,"(0.8550000190734863, 0.8629999756813049, 0.8669999837875366)",None
45,200,1,1,0,0,721.6639404296875,218.54835510253906,721.6639404296875,218.54835510253906,0.0,0.0,0.5178447365760803,"(0.8550000190734863, 0.8629999756813049, 0.8669999837875366)",None
45,201,1,1,0,0,721.6639404296875,229.44151306152344,721.6639404296875,229.44151306152344,0.0,0.0,0.5178447365760803,"(0.8550000190734863, 0.8629999756813049, 0.8669999837875366)",None
45,202,1,1,0,0,721.6639404296875,240.31744384765625,721.6639404296875,240.31744384765625,0.0,0.0,0.5178447365760803,"(0.8550000190734863, 0.8629999756813049, 0.8669999837875366)",None
45,203,1,1,0,0,721.6639404296875,251.72755432128906,721.6639404296875,251.72755432128906,0.0,0.0,0.5178447365760803,"(0.8550000190734863, 0.8629999756813049, 0.8669999837875366)",None
46,0,1,1,0,0,72.25968933105469,65.06240844726562,72.25968933105469,65.06240844726562,0.0,0.0,0.5186707973480225,"(0.8550000190734863, 0.8629999756813049, 0.8669999837875366)",None
46,1,1,1,0,0,118.55435180664062,65.06240844726562,118.55435180664062,65.06240844726562,0.0,0.0,0.5186707973480225,"(0.8550000190734863, 0.8629999756813049, 0.8669999837875366)",None
46,2,1,1,0,0,201.27879333496094,65.06240844726562,201.27879333496094,65.06240844726562,0.0,0.0,0.5186707973480225,"(0.8550000190734863, 0.8629999756813049, 0.8669999837875366)",None
46,3,1,1,0,0,258.49444580078125,65.06240844726562,258.49444580078125,65.06240844726562,0.0,0.0,0.5186707973480225,"(0.8550000190734863, 0.8629999756813049, 0.8669999837875366)",None
46,4,1,0,1,0,72.5193862915039,64.28201293945312,392.4615783691406,65.31793212890625,319.9421920776367,1.035919189453125,,None,"(0.0, 0.0, 0.0)"
46,5,1,1,0,0,392.2053527832031,65.06240844726562,392.2053527832031,65.06240844726562,0.0,0.0,0.5186707973480225,"(0.8550000190734863, 0.8629999756813049, 0.8669999837875366)",None
46,6,1,1,0,0,119.07374572753906,75.9739990234375,200.24002075195312,75.9739990234375,81.16627502441406,0.0,0.5186707973480225,"(0.0, 0.0, 0.0)",None
46,7,1,0,1,0,118.81404876708984,75.71157836914062,200.49624633789062,76.22953796386719,81.68219757080078,0.5179595947265625,,None,"(0.0, 0.0, 0.0)"
46,8,1,1,0,0,201.79818725585938,75.9739990234375,257.4556579589844,75.9739990234375,55.657470703125,0.0,0.5186707973480225,"(0.0, 0.0, 0.0)",None
46,9,1,0,1,0,201.5350341796875,75.71157836914062,257.71533203125,76.22953796386719,56.1802978515625,0.5179595947265625,,None,"(0.0, 0.0, 0.0)"
46,10,1,1,0,0,119.07374572753906,86.88560485839844,200.24002075195312,86.88560485839844,81.16627502441406,0.0,0.5186707973480225,"(0.0, 0.0, 0.0)",None
46,11,1,0,1,0,118.81404876708984,86.62318420410156,200.49624633789062,87.14114379882812,81.68219757080078,0.5179595947265625,,None,"(0.0, 0.0, 0.0)"
46,12,1,1,0,0,201.79818725585938,86.88560485839844,257.4556579589844,86.88560485839844,55.657470703125,0.0,0.5186707973480225,"(0.0, 0.0, 0.0)",None
46,13,1,0,1,0,201.5350341796875,86.62318420410156,257.71533203125,87.14114379882812,56.1802978515625,0.5179595947265625,,None,"(0.0, 0.0, 0.0)"
46,14,1,0,1,0,72.5193862915039,97.52098083496094,258.757568359375,98.556884765625,186.2381820678711,1.0359039306640625,,None,"(0.0, 0.0, 0.0)"
46,15,1,1,0,0,119.07374572753906,109.2060546875,200.24002075195312,109.2060546875,81.16627502441406,0.0,0.5186707973480225,"(0.0, 0.0, 0.0)",None
46,16,1,0,1,0,118.81404876708984,108.95053100585938,200.49624633789062,109.46847534179688,81.68219757080078,0.5179443359375,,None,"(0.0, 0.0, 0.0)"
46,17,1,1,0,0,201.79818725585938,109.2060546875,257.4556579589844,109.2060546875,55.657470703125,0.0,0.5186707973480225,"(0.0, 0.0, 0.0)",None
46,18,1,0,1,0,201.5350341796875,108.95053100585938,257.71533203125,109.46847534179688,56.1802978515625,0.5179443359375,,None,"(0.0, 0.0, 0.0)"
46,19,1,1,0,0,119.07374572753906,120.11766052246094,200.24002075195312,120.11766052246094,81.16627502441406,0.0,0.5186707973480225,"(0.0, 0.0, 0.0)",None
46,20,1,0,1,0,118.81404876708984,119.86213684082031,200.49624633789062,120.38008117675781,81.68219757080078,0.5179443359375,,None,"(0.0, 0.0, 0.0)"
46,21,1,1,0,0,201.79818725585938,120.11766052246094,257.4556579589844,120.11766052246094,55.657470703125,0.0,0.5186707973480225,"(0.0, 0.0, 0.0)",None
46,22,1,0,1,0,201.5350341796875,119.86213684082031,257.71533203125,120.38008117675781,56.1802978515625,0.5179443359375,,None,"(0.0, 0.0, 0.0)"
46,23,1,1,0,0,119.07374572753906,131.02926635742188,200.24002075195312,131.02926635742188,81.16627502441406,0.0,0.5186707973480225,"(0.0, 0.0, 0.0)",None
46,24,1,0,1,0,118.81404876708984,130.77374267578125,200.49624633789062,131.29168701171875,81.68219757080078,0.5179443359375,,None,"(0.0, 0.0, 0.0)"
46,25,1,1,0,0,201.79818725585938,131.02926635742188,257.4556579589844,131.02926635742188,55.657470703125,0.0,0.5186707973480225,"(0.0, 0.0, 0.0)",None
46,26,1,0,1,0,201.5350341796875,130.77374267578125,257.71533203125,131.29168701171875,56.1802978515625,0.5179443359375,,None,"(0.0, 0.0, 0.0)"
46,27,1,1,0,0,119.07374572753906,141.9270477294922,200.24002075195312,141.9270477294922,81.16627502441406,0.0,0.5186707973480225,"(0.0, 0.0, 0.0)",None
46,28,1,0,1,0,118.81404876708984,141.66461181640625,200.49624633789062,142.18258666992188,81.68219757080078,0.517974853515625,,None,"(0.0, 0.0, 0.0)"
46,29,1,1,0,0,201.79818725585938,141.9270477294922,257.4556579589844,141.9270477294922,55.657470703125,0.0,0.5186707973480225,"(0.0, 0.0, 0.0)",None
46,30,1,0,1,0,201.5350341796875,141.66461181640625,257.71533203125,142.18258666992188,56.1802978515625,0.517974853515625,,None,"(0.0, 0.0, 0.0)"
46,31,1,1,0,0,119.07374572753906,152.83865356445312,200.24002075195312,152.83865356445312,81.16627502441406,0.0,0.5186707973480225,"(0.0, 0.0, 0.0)",None
46,32,1,0,1,0,118.81404876708984,152.57623291015625,200.49624633789062,153.09417724609375,81.68219757080078,0.5179443359375,,None,"(0.0, 0.0, 0.0)"
46,33,1,1,0,0,201.79818725585938,152.83865356445312,257.4556579589844,152.83865356445312,55.657470703125,0.0,0.5186707973480225,"(0.0, 0.0, 0.0)",None
46,34,1,0,1,0,201.5350341796875,152.57623291015625,257.71533203125,153.09417724609375,56.1802978515625,0.5179443359375,,None,"(0.0, 0.0, 0.0)"
46,35,1,1,0,0,119.07374572753906,163.75025939941406,200.24002075195312,163.75025939941406,81.16627502441406,0.0,0.5186707973480225,"(0.0, 0.0, 0.0)",None
46,36,1,0,1,0,118.81404876708984,163.48782348632812,200.49624633789062,164.0057830810547,81.68219757080078,0.5179595947265625,,None,"(0.0, 0.0, 0.0)"
46,37,1,1,0,0,201.79818725585938,163.75025939941406,257.4556579589844,163.75025939941406,55.657470703125,0.0,0.5186707973480225,"(0.0, 0.0, 0.0)",None
46,38,1,0,1,0,201.5350341796875,163.48782348632812,257.71533203125,164.0057830810547,56.1802978515625,0.5179595947265625,,None,"(0.0, 0.0, 0.0)"
46,39,1,1,0,0,119.07374572753906,174.661865234375,200.24002075195312,174.661865234375,81.16627502441406,0.0,0.5186707973480225,"(0.0, 0.0, 0.0)",None
46,40,1,0,1,0,118.81404876708984,174.39942932128906,200.49624633789062,174.91738891601562,81.68219757080078,0.5179595947265625,,None,"(0.0, 0.0, 0.0)"
46,41,1,1,0,0,201.79818725585938,174.661865234375,257.4556579589844,174.661865234375,55.657470703125,0.0,0.5186707973480225,"(0.0, 0.0, 0.0)",None
46,42,1,0,1,0,201.5350341796875,174.39942932128906,257.71533203125,174.91738891601562,56.1802978515625,0.5179595947265625,,None,"(0.0, 0.0, 0.0)"
46,43,1,1,0,0,119.07374572753906,185.552734375,200.24002075195312,185.552734375,81.16627502441406,0.0,0.5186707973480225,"(0.0, 0.0, 0.0)",None
46,44,1,0,1,0,118.81404876708984,185.29376220703125,200.49624633789062,185.8117218017578,81.68219757080078,0.5179595947265625,,None,"(0.0, 0.0, 0.0)"
46,45,1,1,0,0,201.79818725585938,185.552734375,257.4556579589844,185.552734375,55.657470703125,0.0,0.5186707973480225,"(0.0, 0.0, 0.0)",None
46,46,1,0,1,0,201.5350341796875,185.29376220703125,257.71533203125,185.8117218017578,56.1802978515625,0.5179595947265625,,None,"(0.0, 0.0, 0.0)"
46,47,1,1,0,0,119.07374572753906,196.46435546875,200.24002075195312,196.46435546875,81.16627502441406,0.0,0.5186707973480225,"(0.0, 0.0, 0.0)",None
46,48,1,0,1,0,118.81404876708984,196.2053680419922,200.49624633789062,196.72332763671875,81.68219757080078,0.5179595947265625,,None,"(0.0, 0.0, 0.0)"
46,49,1,1,0,0,201.79818725585938,196.46435546875,257.4556579589844,196.46435546875,55.657470703125,0.0,0.5186707973480225,"(0.0, 0.0, 0.0)",None
46,50,1,0,1,0,201.5350341796875,196.2053680419922,257.71533203125,196.72332763671875,56.1802978515625,0.5179595947265625,,None,"(0.0, 0.0, 0.0)"
46,51,1,1,0,0,119.07374572753906,207.37594604492188,200.24002075195312,207.37594604492188,81.16627502441406,0.0,0.5186707973480225,"(0.0, 0.0, 0.0)",None
46,52,1,0,1,0,118.81404876708984,207.11697387695312,200.49624633789062,207.63491821289062,81.68219757080078,0.5179443359375,,None,"(0.0, 0.0, 0.0)"
46,53,1,1,0,0,201.79818725585938,207.37594604492188,257.4556579589844,207.37594604492188,55.657470703125,0.0,0.5186707973480225,"(0.0, 0.0, 0.0)",None
46,54,1,0,1,0,201.5350341796875,207.11697387695312,257.71533203125,207.63491821289062,56.1802978515625,0.5179443359375,,None,"(0.0, 0.0, 0.0)"
46,55,1,0,1,0,72.5193862915039,218.02857971191406,258.757568359375,219.06448364257812,186.2381820678711,1.0359039306640625,,None,"(0.0, 0.0, 0.0)"
46,56,1,1,0,0,119.07374572753906,229.69984436035156,200.24002075195312,229.69984436035156,81.16627502441406,0.0,0.5186707973480225,"(0.0, 0.0, 0.0)",None
46,57,1,0,1,0,118.81404876708984,229.4408721923828,200.49624633789062,229.95883178710938,81.68219757080078,0.5179595947265625,,None,"(0.0, 0.0, 0.0)"
46,58,1,1,0,0,201.79818725585938,229.69984436035156,257.4556579589844,229.69984436035156,55.657470703125,0.0,0.5186707973480225,"(0.0, 0.0, 0.0)",None
46,59,1,0,1,0,201.5350341796875,229.4408721923828,257.71533203125,229.95883178710938,56.1802978515625,0.5179595947265625,,None,"(0.0, 0.0, 0.0)"
46,60,1,1,0,0,119.07374572753906,240.6114501953125,200.24002075195312,240.6114501953125,81.16627502441406,0.0,0.5186707973480225,"(0.0, 0.0, 0.0)",None
46,61,1,0,1,0,118.81404876708984,240.35247802734375,200.49624633789062,240.87042236328125,81.68219757080078,0.5179443359375,,None,"(0.0, 0.0, 0.0)"
46,62,1,1,0,0,201.79818725585938,240.6114501953125,257.4556579589844,240.6114501953125,55.657470703125,0.0,0.5186707973480225,"(0.0, 0.0, 0.0)",None
46,63,1,0,1,0,201.5350341796875,240.35247802734375,257.71533203125,240.87042236328125,56.1802978515625,0.5179443359375,,None,"(0.0, 0.0, 0.0)"
46,64,1,0,1,0,71.4806137084961,64.28225708007812,72.5193862915039,252.3002166748047,1.0387725830078125,188.01795959472656,,None,"(0.0, 0.0, 0.0)"
46,65,1,0,1,0,117.77527618408203,65.31816101074219,118.81404876708984,252.3002166748047,1.0387725830078125,186.9820556640625,,None,"(0.0, 0.0, 0.0)"
46,66,1,0,1,0,200.4962615966797,65.31816101074219,201.5350341796875,252.3002166748047,1.0387725830078125,186.9820556640625,,None,"(0.0, 0.0, 0.0)"
46,67,1,0,1,0,257.71881103515625,65.31816101074219,258.757568359375,252.3002166748047,1.03875732421875,186.9820556640625,,None,"(0.0, 0.0, 0.0)"
46,68,1,0,1,0,72.5193862915039,251.26431274414062,392.4615783691406,252.3002166748047,319.9421920776367,1.0359039306640625,,None,"(0.0, 0.0, 0.0)"
46,69,1,0,1,0,391.42279052734375,65.31816101074219,392.4615783691406,252.3002166748047,1.038787841796875,186.9820556640625,,None,"(0.0, 0.0, 0.0)"
46,70,1,1,0,0,72.25969696044922,252.5592041015625,72.25969696044922,252.5592041015625,0.0,0.0,0.5186707973480225,"(0.8550000190734863, 0.8629999756813049, 0.8669999837875366)",None
46,71,1,1,0,0,118.55435180664062,252.5592041015625,118.55435180664062,252.5592041015625,0.0,0.0,0.5186707973480225,"(0.8550000190734863, 0.8629999756813049, 0.8669999837875366)",None
46,72,1,1,0,0,201.27879333496094,252.5592041015625,201.27879333496094,252.5592041015625,0.0,0.0,0.5186707973480225,"(0.8550000190734863, 0.8629999756813049, 0.8669999837875366)",None
46,73,1,1,0,0,258.49444580078125,252.5592041015625,258.49444580078125,252.5592041015625,0.0,0.0,0.5186707973480225,"(0.8550000190734863, 0.8629999756813049, 0.8669999837875366)",None
46,74,1,1,0,0,392.2053527832031,252.5592041015625,392.2053527832031,252.5592041015625,0.0,0.0,0.5186707973480225,"(0.8550000190734863, 0.8629999756813049, 0.8669999837875366)",None
46,75,1,1,0,0,392.7247314453125,65.06240844726562,392.7247314453125,65.06240844726562,0.0,0.0,0.5186707973480225,"(0.8550000190734863, 0.8629999756813049, 0.8669999837875366)",None
46,76,1,0,1,0,392.4615783691406,64.79997253417969,392.98095703125,65.31793212890625,0.519378662109375,0.5179595947265625,,None,"(0.8550000190734863, 0.8629999756813049, 0.8669999837875366)"
46,77,1,1,0,0,392.7247314453125,75.9739990234375,392.7247314453125,75.9739990234375,0.0,0.0,0.5186707973480225,"(0.8550000190734863, 0.8629999756813049, 0.8669999837875366)",None
46,78,1,0,1,0,392.4615783691406,75.71157836914062,392.98095703125,76.22953796386719,0.519378662109375,0.5179595947265625,,None,"(0.8550000190734863, 0.8629999756813049, 0.8669999837875366)"
46,79,1,1,0,0,392.7247314453125,86.88560485839844,392.7247314453125,86.88560485839844,0.0,0.0,0.5186707973480225,"(0.8550000190734863, 0.8629999756813049, 0.8669999837875366)",None
46,80,1,0,1,0,392.4615783691406,86.62318420410156,392.98095703125,87.14114379882812,0.519378662109375,0.5179595947265625,,None,"(0.8550000190734863, 0.8629999756813049, 0.8669999837875366)"
46,81,1,1,0,0,392.7247314453125,98.29444885253906,392.7247314453125,98.29444885253906,0.0,0.0,0.5186707973480225,"(0.8550000190734863, 0.8629999756813049, 0.8669999837875366)",None
46,82,1,0,1,0,392.4615783691406,98.03892517089844,392.98095703125,98.556884765625,0.519378662109375,0.5179595947265625,,None,"(0.8550000190734863, 0.8629999756813049, 0.8669999837875366)"
46,83,1,1,0,0,392.7247314453125,109.2060546875,392.7247314453125,109.2060546875,0.0,0.0,0.5186707973480225,"(0.8550000190734863, 0.8629999756813049, 0.8669999837875366)",None
46,84,1,0,1,0,392.4615783691406,108.95053100585938,392.98095703125,109.46847534179688,0.519378662109375,0.5179443359375,,None,"(0.8550000190734863, 0.8629999756813049, 0.8669999837875366)"
46,85,1,1,0,0,392.7247314453125,120.11766052246094,392.7247314453125,120.11766052246094,0.0,0.0,0.5186707973480225,"(0.8550000190734863, 0.8629999756813049, 0.8669999837875366)",None
46,86,1,0,1,0,392.4615783691406,119.86213684082031,392.98095703125,120.38008117675781,0.519378662109375,0.5179443359375,,None,"(0.8550000190734863, 0.8629999756813049, 0.8669999837875366)"
46,87,1,1,0,0,392.7247314453125,131.02926635742188,392.7247314453125,131.02926635742188,0.0,0.0,0.5186707973480225,"(0.8550000190734863, 0.8629999756813049, 0.8669999837875366)",None
46,88,1,0,1,0,392.4615783691406,130.77374267578125,392.98095703125,131.29168701171875,0.519378662109375,0.5179443359375,,None,"(0.8550000190734863, 0.8629999756813049, 0.8669999837875366)"
46,89,1,1,0,0,392.7247314453125,141.9270477294922,392.7247314453125,141.9270477294922,0.0,0.0,0.5186707973480225,"(0.8550000190734863, 0.8629999756813049, 0.8669999837875366)",None
46,90,1,0,1,0,392.4615783691406,141.66461181640625,392.98095703125,142.18258666992188,0.519378662109375,0.517974853515625,,None,"(0.8550000190734863, 0.8629999756813049, 0.8669999837875366)"
46,91,1,1,0,0,392.7247314453125,152.83865356445312,392.7247314453125,152.83865356445312,0.0,0.0,0.5186707973480225,"(0.8550000190734863, 0.8629999756813049, 0.8669999837875366)",None
46,92,1,0,1,0,392.4615783691406,152.57623291015625,392.98095703125,153.09417724609375,0.519378662109375,0.5179443359375,,None,"(0.8550000190734863, 0.8629999756813049, 0.8669999837875366)"
46,93,1,1,0,0,392.7247314453125,163.75025939941406,392.7247314453125,163.75025939941406,0.0,0.0,0.5186707973480225,"(0.8550000190734863, 0.8629999756813049, 0.8669999837875366)",None
46,94,1,0,1,0,392.4615783691406,163.48782348632812,392.98095703125,164.0057830810547,0.519378662109375,0.5179595947265625,,None,"(0.8550000190734863, 0.8629999756813049, 0.8669999837875366)"
46,95,1,1,0,0,392.7247314453125,174.661865234375,392.7247314453125,174.661865234375,0.0,0.0,0.5186707973480225,"(0.8550000190734863, 0.8629999756813049, 0.8669999837875366)",None
46,96,1,0,1,0,392.4615783691406,174.39942932128906,392.98095703125,174.91738891601562,0.519378662109375,0.5179595947265625,,None,"(0.8550000190734863, 0.8629999756813049, 0.8669999837875366)"
46,97,1,1,0,0,392.7247314453125,185.552734375,392.7247314453125,185.552734375,0.0,0.0,0.5186707973480225,"(0.8550000190734863, 0.8629999756813049, 0.8669999837875366)",None
46,98,1,0,1,0,392.4615783691406,185.29376220703125,392.98095703125,185.8117218017578,0.519378662109375,0.5179595947265625,,None,"(0.8550000190734863, 0.8629999756813049, 0.8669999837875366)"
46,99,1,1,0,0,392.7247314453125,196.46435546875,392.7247314453125,196.46435546875,0.0,0.0,0.5186707973480225,"(0.8550000190734863, 0.8629999756813049, 0.8669999837875366)",None
46,100,1,0,1,0,392.4615783691406,196.2053680419922,392.98095703125,196.72332763671875,0.519378662109375,0.5179595947265625,,None,"(0.8550000190734863, 0.8629999756813049, 0.8669999837875366)"
46,101,1,1,0,0,392.7247314453125,207.37594604492188,392.7247314453125,207.37594604492188,0.0,0.0,0.5186707973480225,"(0.8550000190734863, 0.8629999756813049, 0.8669999837875366)",None
46,102,1,0,1,0,392.4615783691406,207.11697387695312,392.98095703125,207.63491821289062,0.519378662109375,0.5179443359375,,None,"(0.8550000190734863, 0.8629999756813049, 0.8669999837875366)"
46,103,1,1,0,0,392.7247314453125,218.80551147460938,392.7247314453125,218.80551147460938,0.0,0.0,0.5186707973480225,"(0.8550000190734863, 0.8629999756813049, 0.8669999837875366)",None
46,104,1,0,1,0,392.4615783691406,218.54653930664062,392.98095703125,219.06448364257812,0.519378662109375,0.5179443359375,,None,"(0.8550000190734863, 0.8629999756813049, 0.8669999837875366)"
46,105,1,1,0,0,392.7247314453125,229.69984436035156,392.7247314453125,229.69984436035156,0.0,0.0,0.5186707973480225,"(0.8550000190734863, 0.8629999756813049, 0.8669999837875366)",None
46,106,1,0,1,0,392.4615783691406,229.4408721923828,392.98095703125,229.95883178710938,0.519378662109375,0.5179595947265625,,None,"(0.8550000190734863, 0.8629999756813049, 0.8669999837875366)"
46,107,1,1,0,0,392.7247314453125,240.6114501953125,392.7247314453125,240.6114501953125,0.0,0.0,0.5186707973480225,"(0.8550000190734863, 0.8629999756813049, 0.8669999837875366)",None
46,108,1,0,1,0,392.4615783691406,240.35247802734375,392.98095703125,240.87042236328125,0.519378662109375,0.5179443359375,,None,"(0.8550000190734863, 0.8629999756813049, 0.8669999837875366)"
46,109,1,1,0,0,392.7247314453125,252.04124450683594,392.7247314453125,252.04124450683594,0.0,0.0,0.5186707973480225,"(0.8550000190734863, 0.8629999756813049, 0.8669999837875366)",None
46,110,1,0,1,0,392.4615783691406,251.78225708007812,392.98095703125,252.3002166748047,0.519378662109375,0.5179595947265625,,None,"(0.8550000190734863, 0.8629999756813049, 0.8669999837875366)"
46,111,1,1,0,0,401.1593017578125,65.06596374511719,401.1593017578125,65.06596374511719,0.0,0.0,0.5178350210189819,"(0.8550000190734863, 0.8629999756813049, 0.8669999837875366)",None
46,112,1,1,0,0,447.384765625,65.06596374511719,447.384765625,65.06596374511719,0.0,0.0,0.5178350210189819,"(0.8550000190734863, 0.8629999756813049, 0.8669999837875366)",None
46,113,1,1,0,0,529.985595703125,65.06596374511719,529.985595703125,65.06596374511719,0.0,0.0,0.5178350210189819,"(0.8550000190734863, 0.8629999756813049, 0.8669999837875366)",None
46,114,1,1,0,0,587.1156616210938,65.06596374511719,587.1156616210938,65.06596374511719,0.0,0.0,0.5178350210189819,"(0.8550000190734863, 0.8629999756813049, 0.8669999837875366)",None
46,115,1,0,1,0,401.4186096191406,64.28692626953125,721.4011840820312,65.321044921875,319.9825744628906,1.03411865234375,,None,"(0.0, 0.0, 0.0)"
46,116,1,1,0,0,721.1453247070312,65.06596374511719,721.1453247070312,65.06596374511719,0.0,0.0,0.5178350210189819,"(0.8550000190734863, 0.8629999756813049, 0.8669999837875366)",None
46,117,1,1,0,0,447.90338134765625,75.95870971679688,528.9483642578125,75.95870971679688,81.04498291015625,0.0,0.5178350210189819,"(0.0, 0.0, 0.0)",None
46,118,1,0,1,0,447.6440734863281,75.69674682617188,529.2041625976562,76.21380615234375,81.56008911132812,0.517059326171875,,None,"(0.0, 0.0, 0.0)"
46,119,1,1,0,0,447.90338134765625,86.85145568847656,528.9483642578125,86.85145568847656,81.04498291015625,0.0,0.5178350210189819,"(0.0, 0.0, 0.0)",None
46,120,1,0,1,0,447.6440734863281,86.58949279785156,529.2041625976562,87.10655212402344,81.56008911132812,0.517059326171875,,None,"(0.0, 0.0, 0.0)"
46,121,1,0,1,0,401.4186096191406,97.46844482421875,587.37841796875,98.50257873535156,185.95980834960938,1.0341339111328125,,None,"(0.0, 0.0, 0.0)"
46,122,1,1,0,0,447.90338134765625,109.13334655761719,528.9483642578125,109.13334655761719,81.04498291015625,0.0,0.5178350210189819,"(0.0, 0.0, 0.0)",None
46,123,1,0,1,0,447.6440734863281,108.87825012207031,529.2041625976562,109.39530944824219,81.56008911132812,0.517059326171875,,None,"(0.0, 0.0, 0.0)"
46,124,1,1,0,0,447.90338134765625,120.02609252929688,528.9483642578125,120.02609252929688,81.04498291015625,0.0,0.5178350210189819,"(0.0, 0.0, 0.0)",None
46,125,1,0,1,0,447.6440734863281,119.77099609375,529.2041625976562,120.28805541992188,81.56008911132812,0.517059326171875,,None,"(0.0, 0.0, 0.0)"
46,126,1,1,0,0,447.90338134765625,130.9188232421875,528.9483642578125,130.9188232421875,81.04498291015625,0.0,0.5178350210189819,"(0.0, 0.0, 0.0)",None
46,127,1,0,1,0,447.6440734863281,130.66375732421875,529.2041625976562,131.18081665039062,81.56008911132812,0.517059326171875,,None,"(0.0, 0.0, 0.0)"
46,128,1,1,0,0,447.90338134765625,141.79779052734375,528.9483642578125,141.79779052734375,81.04498291015625,0.0,0.5178350210189819,"(0.0, 0.0, 0.0)",None
46,129,1,0,1,0,447.6440734863281,141.53582763671875,529.2041625976562,142.05288696289062,81.56008911132812,0.517059326171875,,None,"(0.0, 0.0, 0.0)"
46,130,1,1,0,0,447.90338134765625,152.69053649902344,528.9483642578125,152.69053649902344,81.04498291015625,0.0,0.5178350210189819,"(0.0, 0.0, 0.0)",None
46,131,1,0,1,0,447.6440734863281,152.42857360839844,529.2041625976562,152.9456329345703,81.56008911132812,0.517059326171875,,None,"(0.0, 0.0, 0.0)"
46,132,1,1,0,0,447.90338134765625,163.58328247070312,528.9483642578125,163.58328247070312,81.04498291015625,0.0,0.5178350210189819,"(0.0, 0.0, 0.0)",None
46,133,1,0,1,0,447.6440734863281,163.32131958007812,529.2041625976562,163.83837890625,81.56008911132812,0.517059326171875,,None,"(0.0, 0.0, 0.0)"
46,134,1,1,0,0,447.90338134765625,174.47604370117188,528.9483642578125,174.47604370117188,81.04498291015625,0.0,0.5178350210189819,"(0.0, 0.0, 0.0)",None
46,135,1,0,1,0,447.6440734863281,174.21405029296875,529.2041625976562,174.73110961914062,81.56008911132812,0.517059326171875,,None,"(0.0, 0.0, 0.0)"
46,136,1,1,0,0,447.90338134765625,185.34811401367188,528.9483642578125,185.34811401367188,81.04498291015625,0.0,0.5178350210189819,"(0.0, 0.0, 0.0)",None
46,137,1,0,1,0,447.6440734863281,185.08956909179688,529.2041625976562,185.60662841796875,81.56008911132812,0.517059326171875,,None,"(0.0, 0.0, 0.0)"
46,138,1,1,0,0,447.90338134765625,196.24085998535156,528.9483642578125,196.24085998535156,81.04498291015625,0.0,0.5178350210189819,"(0.0, 0.0, 0.0)",None
46,139,1,0,1,0,447.6440734863281,195.98233032226562,529.2041625976562,196.4993896484375,81.56008911132812,0.517059326171875,,None,"(0.0, 0.0, 0.0)"
46,140,1,1,0,0,447.90338134765625,207.13360595703125,528.9483642578125,207.13360595703125,81.04498291015625,0.0,0.5178350210189819,"(0.0, 0.0, 0.0)",None
46,141,4,4,0,0,447.6440734863281,206.87506103515625,529.2041625976562,207.3921356201172,81.56008911132812,0.5170745849609375,,None,"(0.0, 0.0, 0.0)"
46,142,1,0,1,0,401.4186096191406,217.767822265625,587.37841796875,218.80194091796875,185.95980834960938,1.03411865234375,,None,"(0.0, 0.0, 0.0)"
46,143,1,1,0,0,447.90338134765625,229.41893005371094,528.9483642578125,229.41893005371094,81.04498291015625,0.0,0.5178350210189819,"(0.0, 0.0, 0.0)",None
46,144,1,0,1,0,447.6440734863281,229.160400390625,529.2041625976562,229.67745971679688,81.56008911132812,0.517059326171875,,None,"(0.0, 0.0, 0.0)"
46,145,1,1,0,0,447.90338134765625,240.31167602539062,528.9483642578125,240.31167602539062,81.04498291015625,0.0,0.5178350210189819,"(0.0, 0.0, 0.0)",None
46,146,1,0,1,0,447.6440734863281,240.0531463623047,529.2041625976562,240.57020568847656,81.56008911132812,0.517059326171875,,None,"(0.0, 0.0, 0.0)"
46,147,1,0,1,0,400.3813781738281,64.28715515136719,401.4186096191406,251.98023986816406,1.0372314453125,187.69308471679688,,None,"(0.0, 0.0, 0.0)"
46,148,1,0,1,0,446.6068420410156,65.3212890625,447.6440734863281,251.98023986816406,1.0372314453125,186.65895080566406,,None,"(0.0, 0.0, 0.0)"
46,149,1,0,1,0,529.2042236328125,65.3212890625,530.2413940429688,251.98023986816406,1.03717041015625,186.65895080566406,,None,"(0.0, 0.0, 0.0)"
46,150,1,0,1,0,586.3411865234375,65.3212890625,587.37841796875,251.98023986816406,1.0372314453125,186.65895080566406,,None,"(0.0, 0.0, 0.0)"
46,151,4,4,0,0,401.4186096191406,250.9461212158203,721.4011840820312,251.98025512695312,319.9825744628906,1.0341339111328125,,None,"(0.0, 0.0, 0.0)"
46,152,1,0,1,0,720.3639526367188,65.3212890625,721.4011840820312,251.98025512695312,1.0372314453125,186.65896606445312,,None,"(0.0, 0.0, 0.0)"
46,153,1,1,0,0,401.1593017578125,252.23876953125,401.1593017578125,252.23876953125,0.0,0.0,0.5178350210189819,"(0.8550000190734863, 0.8629999756813049, 0.8669999837875366)",None
46,154,1,1,0,0,447.384765625,252.23876953125,447.384765625,252.23876953125,0.0,0.0,0.5178350210189819,"(0.8550000190734863, 0.8629999756813049, 0.8669999837875366)",None
46,155,1,1,0,0,529.985595703125,252.23878479003906,529.985595703125,252.23878479003906,0.0,0.0,0.5178350210189819,"(0.8550000190734863, 0.8629999756813049, 0.8669999837875366)",None
46,156,1,1,0,0,587.1156616210938,252.23878479003906,587.1156616210938,252.23878479003906,0.0,0.0,0.5178350210189819,"(0.8550000190734863, 0.8629999756813049, 0.8669999837875366)",None
46,157,1,1,0,0,721.1453857421875,252.23878479003906,721.1453857421875,252.23878479003906,0.0,0.0,0.5178350210189819,"(0.8550000190734863, 0.8629999756813049, 0.8669999837875366)",None
46,158,1,1,0,0,721.6639404296875,65.06596374511719,721.6639404296875,65.06596374511719,0.0,0.0,0.5178350210189819,"(0.8550000190734863, 0.8629999756813049, 0.8669999837875366)",None
46,159,1,0,1,0,721.4011840820312,64.80398559570312,721.9197998046875,65.321044921875,0.51861572265625,0.517059326171875,,None,"(0.8550000190734863, 0.8629999756813049, 0.8669999837875366)"
46,160,1,1,0,0,530.504150390625,75.95870971679688,586.0784301757812,75.95870971679688,55.57427978515625,0.0,0.5178350210189819,"(0.0, 0.0, 0.0)",None
46,161,1,0,1,0,530.2413940429688,75.69674682617188,586.3377685546875,76.21380615234375,56.09637451171875,0.517059326171875,,None,"(0.0, 0.0, 0.0)"
46,162,1,1,0,0,530.504150390625,86.85145568847656,586.0784301757812,86.85145568847656,55.57427978515625,0.0,0.5178350210189819,"(0.0, 0.0, 0.0)",None
46,163,1,0,1,0,530.2413940429688,86.58949279785156,586.3377685546875,87.10655212402344,56.09637451171875,0.517059326171875,,None,"(0.0, 0.0, 0.0)"
46,164,1,1,0,0,721.6639404296875,98.24058532714844,721.6639404296875,98.24058532714844,0.0,0.0,0.5178350210189819,"(0.8550000190734863, 0.8629999756813049, 0.8669999837875366)",None
46,165,1,0,1,0,721.4011840820312,97.98550415039062,721.9197998046875,98.50257873535156,0.51861572265625,0.5170745849609375,,None,"(0.8550000190734863, 0.8629999756813049, 0.8669999837875366)"
46,166,1,1,0,0,530.504150390625,109.13334655761719,586.0784301757812,109.13334655761719,55.57427978515625,0.0,0.5178350210189819,"(0.0, 0.0, 0.0)",None
46,167,1,0,1,0,530.2413940429688,108.87825012207031,586.3377685546875,109.39530944824219,56.09637451171875,0.517059326171875,,None,"(0.0, 0.0, 0.0)"
46,168,1,1,0,0,530.504150390625,120.02609252929688,586.0784301757812,120.02609252929688,55.57427978515625,0.0,0.5178350210189819,"(0.0, 0.0, 0.0)",None
46,169,1,0,1,0,530.2413940429688,119.77099609375,586.3377685546875,120.28805541992188,56.09637451171875,0.517059326171875,,None,"(0.0, 0.0, 0.0)"
46,170,1,1,0,0,530.504150390625,130.9188232421875,586.0784301757812,130.9188232421875,55.57427978515625,0.0,0.5178350210189819,"(0.0, 0.0, 0.0)",None
46,171,1,0,1,0,530.2413940429688,130.66375732421875,586.3377685546875,131.18081665039062,56.09637451171875,0.517059326171875,,None,"(0.0, 0.0, 0.0)"
46,172,1,1,0,0,530.504150390625,141.79779052734375,586.0784301757812,141.79779052734375,55.57427978515625,0.0,0.5178350210189819,"(0.0, 0.0, 0.0)",None
46,173,1,0,1,0,530.2413940429688,141.53582763671875,586.3377685546875,142.05288696289062,56.09637451171875,0.517059326171875,,None,"(0.0, 0.0, 0.0)"
46,174,1,1,0,0,530.504150390625,152.69053649902344,586.0784301757812,152.69053649902344,55.57427978515625,0.0,0.5178350210189819,"(0.0, 0.0, 0.0)",None
46,175,1,0,1,0,530.2413940429688,152.42857360839844,586.3377685546875,152.9456329345703,56.09637451171875,0.517059326171875,,None,"(0.0, 0.0, 0.0)"
46,176,1,1,0,0,530.504150390625,163.58328247070312,586.0784301757812,163.58328247070312,55.57427978515625,0.0,0.5178350210189819,"(0.0, 0.0, 0.0)",None
46,177,1,0,1,0,530.2413940429688,163.32131958007812,586.3377685546875,163.83837890625,56.09637451171875,0.517059326171875,,None,"(0.0, 0.0, 0.0)"
46,178,1,1,0,0,530.504150390625,174.47604370117188,586.0784301757812,174.47604370117188,55.57427978515625,0.0,0.5178350210189819,"(0.0, 0.0, 0.0)",None
46,179,1,0,1,0,530.2413940429688,174.21405029296875,586.3377685546875,174.73110961914062,56.09637451171875,0.517059326171875,,None,"(0.0, 0.0, 0.0)"
46,180,1,1,0,0,530.504150390625,185.34811401367188,586.0784301757812,185.34811401367188,55.57427978515625,0.0,0.5178350210189819,"(0.0, 0.0, 0.0)",None
46,181,1,0,1,0,530.2413940429688,185.08956909179688,586.3377685546875,185.60662841796875,56.09637451171875,0.517059326171875,,None,"(0.0, 0.0, 0.0)"
46,182,1,1,0,0,530.504150390625,196.24085998535156,586.0784301757812,196.24085998535156,55.57427978515625,0.0,0.5178350210189819,"(0.0, 0.0, 0.0)",None
46,183,1,0,1,0,530.2413940429688,195.98233032226562,586.3377685546875,196.4993896484375,56.09637451171875,0.517059326171875,,None,"(0.0, 0.0, 0.0)"
46,184,1,1,0,0,530.504150390625,207.13360595703125,586.0784301757812,207.13360595703125,55.57427978515625,0.0,0.5178350210189819,"(0.0, 0.0, 0.0)",None
46,185,1,0,1,0,530.2413940429688,206.8750762939453,586.3377685546875,207.3921356201172,56.09637451171875,0.517059326171875,,None,"(0.0, 0.0, 0.0)"
46,186,1,1,0,0,721.6639404296875,218.5434112548828,721.6639404296875,218.5434112548828,0.0,0.0,0.5178350210189819,"(0.8550000190734863, 0.8629999756813049, 0.8669999837875366)",None
46,187,1,0,1,0,721.4011840820312,218.28488159179688,721.9197998046875,218.80194091796875,0.51861572265625,0.517059326171875,,None,"(0.8550000190734863, 0.8629999756813049, 0.8669999837875366)"
46,188,1,1,0,0,530.504150390625,229.41893005371094,586.0784301757812,229.41893005371094,55.57427978515625,0.0,0.5178350210189819,"(0.0, 0.0, 0.0)",None
46,189,1,0,1,0,530.2413940429688,229.160400390625,586.3377685546875,229.67745971679688,56.09637451171875,0.517059326171875,,None,"(0.0, 0.0, 0.0)"
46,190,1,1,0,0,530.504150390625,240.31167602539062,586.0784301757812,240.31167602539062,55.57427978515625,0.0,0.5178350210189819,"(0.0, 0.0, 0.0)",None
46,191,1,0,1,0,530.2413940429688,240.0531463623047,586.3377685546875,240.57020568847656,56.09637451171875,0.517059326171875,,None,"(0.0, 0.0, 0.0)"
46,192,1,1,0,0,721.6639404296875,251.7217254638672,721.6639404296875,251.7217254638672,0.0,0.0,0.5178350210189819,"(0.8550000190734863, 0.8629999756813049, 0.8669999837875366)",None
46,193,1,0,1,0,721.4011840820312,251.4631805419922,721.9197998046875,251.98025512695312,0.51861572265625,0.5170745849609375,,None,"(0.8550000190734863, 0.8629999756813049, 0.8669999837875366)"
47,0,1,1,0,0,72.25882720947266,65.05892944335938,72.25882720947266,65.05892944335938,0.0,0.0,0.5173698663711548,"(0.8550000190734863, 0.8629999756813049, 0.8669999837875366)",None
47,1,1,1,0,0,118.39955139160156,65.05892944335938,118.39955139160156,65.05892944335938,0.0,0.0,0.5173698663711548,"(0.8550000190734863, 0.8629999756813049, 0.8669999837875366)",None
47,2,1,1,0,0,200.8489227294922,65.05892944335938,200.8489227294922,65.05892944335938,0.0,0.0,0.5173698663711548,"(0.8550000190734863, 0.8629999756813049, 0.8669999837875366)",None
47,3,1,1,0,0,257.8742980957031,65.05892944335938,257.8742980957031,65.05892944335938,0.0,0.0,0.5173698663711548,"(0.8550000190734863, 0.8629999756813049, 0.8669999837875366)",None
47,4,1,0,1,0,72.51766204833984,64.28675842285156,391.3959655761719,65.3209228515625,318.87830352783203,1.0341644287109375,,None,"(0.0, 0.0, 0.0)"
47,5,1,1,0,0,391.1405944824219,65.05892944335938,391.1405944824219,65.05892944335938,0.0,0.0,0.5173698663711548,"(0.8550000190734863, 0.8629999756813049, 0.8669999837875366)",None
47,6,1,1,0,0,118.9172134399414,75.95207214355469,256.8389892578125,75.95207214355469,137.9217758178711,0.0,0.5173698663711548,"(0.0, 0.0, 0.0)",None
47,7,1,0,1,0,118.65838623046875,75.69699096679688,257.10125732421875,76.21406555175781,138.44287109375,0.5170745849609375,,None,"(0.0, 0.0, 0.0)"
47,8,1,1,0,0,118.9172134399414,86.84523010253906,256.8389892578125,86.84523010253906,137.9217758178711,0.0,0.5173698663711548,"(0.0, 0.0, 0.0)",None
47,9,1,0,1,0,118.65838623046875,86.59014892578125,257.10125732421875,87.10722351074219,138.44287109375,0.5170745849609375,,None,"(0.0, 0.0, 0.0)"
47,10,1,1,0,0,200.8489227294922,65.57600402832031,200.8489227294922,97.20751953125,0.0,31.631515502929688,0.5173698663711548,"(0.0, 0.0, 0.0)",None
47,11,1,0,1,0,200.58663940429688,65.31745910644531,201.10430908203125,97.46263122558594,0.517669677734375,32.145172119140625,,None,"(0.0, 0.0, 0.0)"
47,12,1,0,1,0,72.51766204833984,97.46263122558594,258.1365966796875,98.49678039550781,185.61893463134766,1.034149169921875,,None,"(0.0, 0.0, 0.0)"
47,13,1,1,0,0,118.9172134399414,109.13484191894531,199.8135986328125,109.13484191894531,80.8963851928711,0.0,0.5173698663711548,"(0.0, 0.0, 0.0)",None
47,14,1,0,1,0,118.65838623046875,108.87284851074219,200.0689697265625,109.38993835449219,81.41058349609375,0.51708984375,,None,"(0.0, 0.0, 0.0)"
47,15,1,1,0,0,201.3665771484375,109.13484191894531,256.8389892578125,109.13484191894531,55.472412109375,0.0,0.5173698663711548,"(0.0, 0.0, 0.0)",None
47,16,1,0,1,0,201.10430908203125,108.87284851074219,257.0978088378906,109.38993835449219,55.993499755859375,0.51708984375,,None,"(0.0, 0.0, 0.0)"
47,17,1,1,0,0,118.9172134399414,120.02801513671875,199.8135986328125,120.02801513671875,80.8963851928711,0.0,0.5173698663711548,"(0.0, 0.0, 0.0)",None
47,18,1,0,1,0,118.65838623046875,119.76602172851562,200.0689697265625,120.28309631347656,81.41058349609375,0.5170745849609375,,None,"(0.0, 0.0, 0.0)"
47,19,1,1,0,0,201.3665771484375,120.02801513671875,256.8389892578125,120.02801513671875,55.472412109375,0.0,0.5173698663711548,"(0.0, 0.0, 0.0)",None
47,20,1,0,1,0,201.10430908203125,119.76602172851562,257.0978088378906,120.28309631347656,55.993499755859375,0.5170745849609375,,None,"(0.0, 0.0, 0.0)"
47,21,1,1,0,0,118.9172134399414,130.92117309570312,199.8135986328125,130.92117309570312,80.8963851928711,0.0,0.5173698663711548,"(0.0, 0.0, 0.0)",None
47,22,1,0,1,0,118.65838623046875,130.6591796875,200.0689697265625,131.17626953125,81.41058349609375,0.51708984375,,None,"(0.0, 0.0, 0.0)"
47,23,1,1,0,0,201.3665771484375,130.92117309570312,256.8389892578125,130.92117309570312,55.472412109375,0.0,0.5173698663711548,"(0.0, 0.0, 0.0)",None
47,24,1,0,1,0,201.10430908203125,130.6591796875,257.0978088378906,131.17626953125,55.993499755859375,0.51708984375,,None,"(0.0, 0.0, 0.0)"
47,25,1,1,0,0,118.9172134399414,141.79364013671875,199.8135986328125,141.79364013671875,80.8963851928711,0.0,0.5173698663711548,"(0.0, 0.0, 0.0)",None
47,26,1,0,1,0,118.65838623046875,141.5351104736328,200.0689697265625,142.06942749023438,81.41058349609375,0.5343170166015625,,None,"(0.0, 0.0, 0.0)"
47,27,1,1,0,0,201.3665771484375,141.79364013671875,256.8389892578125,141.79364013671875,55.472412109375,0.0,0.5173698663711548,"(0.0, 0.0, 0.0)",None
47,28,1,0,1,0,201.10430908203125,141.5351104736328,257.0978088378906,142.06942749023438,55.993499755859375,0.5343170166015625,,None,"(0.0, 0.0, 0.0)"
47,29,1,1,0,0,118.9172134399414,152.68679809570312,199.8135986328125,152.68679809570312,80.8963851928711,0.0,0.5173698663711548,"(0.0, 0.0, 0.0)",None
47,30,1,0,1,0,118.65838623046875,152.43170166015625,200.0689697265625,152.94879150390625,81.41058349609375,0.51708984375,,None,"(0.0, 0.0, 0.0)"
47,31,1,1,0,0,201.3665771484375,152.68679809570312,256.8389892578125,152.68679809570312,55.472412109375,0.0,0.5173698663711548,"(0.0, 0.0, 0.0)",None
47,32,1,0,1,0,201.10430908203125,152.43170166015625,257.0978088378906,152.94879150390625,55.993499755859375,0.51708984375,,None,"(0.0, 0.0, 0.0)"
47,33,1,1,0,0,118.9172134399414,163.5799560546875,199.8135986328125,163.5799560546875,80.8963851928711,0.0,0.5173698663711548,"(0.0, 0.0, 0.0)",None
47,34,1,0,1,0,118.65838623046875,163.32485961914062,200.0689697265625,163.84194946289062,81.41058349609375,0.51708984375,,None,"(0.0, 0.0, 0.0)"
47,35,1,1,0,0,201.3665771484375,163.5799560546875,256.8389892578125,163.5799560546875,55.472412109375,0.0,0.5173698663711548,"(0.0, 0.0, 0.0)",None
47,36,1,0,1,0,201.10430908203125,163.32485961914062,257.0978088378906,163.84194946289062,55.993499755859375,0.51708984375,,None,"(0.0, 0.0, 0.0)"
47,37,1,1,0,0,118.9172134399414,174.47311401367188,199.8135986328125,174.47311401367188,80.8963851928711,0.0,0.5173698663711548,"(0.0, 0.0, 0.0)",None
47,38,1,0,1,0,118.65838623046875,174.218017578125,200.0689697265625,174.735107421875,81.41058349609375,0.51708984375,,None,"(0.0, 0.0, 0.0)"
47,39,1,1,0,0,201.3665771484375,174.47311401367188,256.8389892578125,174.47311401367188,55.472412109375,0.0,0.5173698663711548,"(0.0, 0.0, 0.0)",None
47,40,1,0,1,0,201.10430908203125,174.218017578125,257.0978088378906,174.735107421875,55.993499755859375,0.51708984375,,None,"(0.0, 0.0, 0.0)"
47,41,1,1,0,0,118.9172134399414,185.36903381347656,199.8135986328125,185.36903381347656,80.8963851928711,0.0,0.5173698663711548,"(0.0, 0.0, 0.0)",None
47,42,1,0,1,0,118.65838623046875,185.11050415039062,200.0689697265625,185.62757873535156,81.41058349609375,0.5170745849609375,,None,"(0.0, 0.0, 0.0)"
47,43,1,1,0,0,201.3665771484375,185.36903381347656,256.8389892578125,185.36903381347656,55.472412109375,0.0,0.5173698663711548,"(0.0, 0.0, 0.0)",None
47,44,1,0,1,0,201.10430908203125,185.11050415039062,257.0978088378906,185.62757873535156,55.993499755859375,0.5170745849609375,,None,"(0.0, 0.0, 0.0)"
47,45,1,1,0,0,118.9172134399414,196.2449493408203,199.8135986328125,196.2449493408203,80.8963851928711,0.0,0.5173698663711548,"(0.0, 0.0, 0.0)",None
47,46,1,0,1,0,118.65838623046875,195.98641967773438,200.0689697265625,196.5034942626953,81.41058349609375,0.5170745849609375,,None,"(0.0, 0.0, 0.0)"
47,47,1,1,0,0,201.3665771484375,196.2449493408203,256.8389892578125,196.2449493408203,55.472412109375,0.0,0.5173698663711548,"(0.0, 0.0, 0.0)",None
47,48,1,0,1,0,201.10430908203125,195.98641967773438,257.0978088378906,196.5034942626953,55.993499755859375,0.5170745849609375,,None,"(0.0, 0.0, 0.0)"
47,49,1,1,0,0,118.9172134399414,207.13812255859375,199.8135986328125,207.13812255859375,80.8963851928711,0.0,0.5173698663711548,"(0.0, 0.0, 0.0)",None
47,50,1,0,1,0,118.65838623046875,206.87957763671875,200.0689697265625,207.3966522216797,81.41058349609375,0.5170745849609375,,None,"(0.0, 0.0, 0.0)"
47,51,1,1,0,0,201.3665771484375,207.13812255859375,256.8389892578125,207.13812255859375,55.472412109375,0.0,0.5173698663711548,"(0.0, 0.0, 0.0)",None
47,52,1,0,1,0,201.10430908203125,206.87957763671875,257.0978088378906,207.3966522216797,55.993499755859375,0.5170745849609375,,None,"(0.0, 0.0, 0.0)"
47,53,1,0,1,0,72.51766204833984,217.77273559570312,258.1365966796875,218.80690002441406,185.61893463134766,1.0341644287109375,,None,"(0.0, 0.0, 0.0)"
47,54,1,1,0,0,118.9172134399414,229.44151306152344,199.8135986328125,229.44151306152344,80.8963851928711,0.0,0.5173698663711548,"(0.0, 0.0, 0.0)",None
47,55,1,0,1,0,118.65838623046875,229.18296813964844,200.0689697265625,229.70005798339844,81.41058349609375,0.51708984375,,None,"(0.0, 0.0, 0.0)"
47,56,1,1,0,0,201.3665771484375,229.44151306152344,256.8389892578125,229.44151306152344,55.472412109375,0.0,0.5173698663711548,"(0.0, 0.0, 0.0)",None
47,57,1,0,1,0,201.10430908203125,229.18296813964844,257.0978088378906,229.70005798339844,55.993499755859375,0.51708984375,,None,"(0.0, 0.0, 0.0)"
47,58,1,1,0,0,118.9172134399414,240.31744384765625,199.8135986328125,240.31744384765625,80.8963851928711,0.0,0.5173698663711548,"(0.0, 0.0, 0.0)",None
47,59,1,0,1,0,118.65838623046875,240.0588836669922,200.0689697265625,240.5932159423828,81.41058349609375,0.534332275390625,,None,"(0.0, 0.0, 0.0)"
47,60,1,1,0,0,201.3665771484375,240.31744384765625,256.8389892578125,240.31744384765625,55.472412109375,0.0,0.5173698663711548,"(0.0, 0.0, 0.0)",None
47,61,4,4,0,0,201.10430908203125,240.0588836669922,257.0978088378906,240.5932159423828,55.993499755859375,0.534332275390625,,None,"(0.0, 0.0, 0.0)"
47,62,1,0,1,0,71.48233795166016,64.28593444824219,72.51766204833984,251.986083984375,1.0353240966796875,187.7001495361328,,None,"(0.0, 0.0, 0.0)"
47,63,1,0,1,0,117.62306213378906,65.32009887695312,118.65838623046875,251.98609924316406,1.0353240966796875,186.66600036621094,,None,"(0.0, 0.0, 0.0)"
47,64,1,0,1,0,200.06898498535156,98.4959716796875,201.10430908203125,251.98609924316406,1.0353240966796875,153.49012756347656,,None,"(0.0, 0.0, 0.0)"
47,65,1,0,1,0,257.10125732421875,65.32009887695312,258.1365966796875,251.98609924316406,1.03533935546875,186.66600036621094,,None,"(0.0, 0.0, 0.0)"
47,66,4,4,0,0,72.51766204833984,250.95193481445312,391.3959655761719,251.98609924316406,318.87830352783203,1.0341644287109375,,None,"(0.0, 0.0, 0.0)"
47,67,1,0,1,0,390.36065673828125,65.32009887695312,391.3959655761719,251.98609924316406,1.035308837890625,186.66600036621094,,None,"(0.0, 0.0, 0.0)"
47,68,1,1,0,0,72.25882720947266,252.24462890625,72.25882720947266,252.24462890625,0.0,0.0,0.5173698663711548,"(0.8550000190734863, 0.8629999756813049, 0.8669999837875366)",None
47,69,1,1,0,0,118.39955139160156,252.24462890625,118.39955139160156,252.24462890625,0.0,0.0,0.5173698663711548,"(0.8550000190734863, 0.8629999756813049, 0.8669999837875366)",None
47,70,1,1,0,0,200.8489227294922,252.24462890625,200.8489227294922,252.24462890625,0.0,0.0,0.5173698663711548,"(0.8550000190734863, 0.8629999756813049, 0.8669999837875366)",None
47,71,1,1,0,0,257.8742980957031,252.24462890625,257.8742980957031,252.24462890625,0.0,0.0,0.5173698663711548,"(0.8550000190734863, 0.8629999756813049, 0.8669999837875366)",None
47,72,1,1,0,0,391.1405944824219,252.24462890625,391.1405944824219,252.24462890625,0.0,0.0,0.5173698663711548,"(0.8550000190734863, 0.8629999756813049, 0.8669999837875366)",None
47,73,1,1,0,0,391.65826416015625,65.05892944335938,391.65826416015625,65.05892944335938,0.0,0.0,0.5173698663711548,"(0.8550000190734863, 0.8629999756813049, 0.8669999837875366)",None
47,74,1,0,1,0,391.3959655761719,64.8038330078125,391.91363525390625,65.3209228515625,0.517669677734375,0.51708984375,,None,"(0.8550000190734863, 0.8629999756813049, 0.8669999837875366)"
47,75,1,1,0,0,391.65826416015625,75.95207214355469,391.65826416015625,75.95207214355469,0.0,0.0,0.5173698663711548,"(0.8550000190734863, 0.8629999756813049, 0.8669999837875366)",None
47,76,1,0,1,0,391.3959655761719,75.69699096679688,391.91363525390625,76.21406555175781,0.517669677734375,0.5170745849609375,,None,"(0.8550000190734863, 0.8629999756813049, 0.8669999837875366)"
47,77,1,1,0,0,391.65826416015625,86.84523010253906,391.65826416015625,86.84523010253906,0.0,0.0,0.5173698663711548,"(0.8550000190734863, 0.8629999756813049, 0.8669999837875366)",None
47,78,1,0,1,0,391.3959655761719,86.59014892578125,391.91363525390625,87.10722351074219,0.517669677734375,0.5170745849609375,,None,"(0.8550000190734863, 0.8629999756813049, 0.8669999837875366)"
47,79,1,1,0,0,391.65826416015625,98.24168395996094,391.65826416015625,98.24168395996094,0.0,0.0,0.5173698663711548,"(0.8550000190734863, 0.8629999756813049, 0.8669999837875366)",None
47,80,1,0,1,0,391.3959655761719,97.97970581054688,391.91363525390625,98.49678039550781,0.517669677734375,0.5170745849609375,,None,"(0.8550000190734863, 0.8629999756813049, 0.8669999837875366)"
47,81,1,1,0,0,391.65826416015625,109.13484191894531,391.65826416015625,109.13484191894531,0.0,0.0,0.5173698663711548,"(0.8550000190734863, 0.8629999756813049, 0.8669999837875366)",None
47,82,1,0,1,0,391.3959655761719,108.87284851074219,391.91363525390625,109.38993835449219,0.517669677734375,0.51708984375,,None,"(0.8550000190734863, 0.8629999756813049, 0.8669999837875366)"
47,83,1,1,0,0,391.65826416015625,120.02801513671875,391.65826416015625,120.02801513671875,0.0,0.0,0.5173698663711548,"(0.8550000190734863, 0.8629999756813049, 0.8669999837875366)",None
47,84,1,0,1,0,391.3959655761719,119.76602172851562,391.91363525390625,120.28309631347656,0.517669677734375,0.5170745849609375,,None,"(0.8550000190734863, 0.8629999756813049, 0.8669999837875366)"
47,85,1,1,0,0,391.65826416015625,130.92117309570312,391.65826416015625,130.92117309570312,0.0,0.0,0.5173698663711548,"(0.8550000190734863, 0.8629999756813049, 0.8669999837875366)",None
47,86,1,0,1,0,391.3959655761719,130.6591796875,391.91363525390625,131.17626953125,0.517669677734375,0.51708984375,,None,"(0.8550000190734863, 0.8629999756813049, 0.8669999837875366)"
47,87,1,1,0,0,391.65826416015625,141.79364013671875,391.65826416015625,141.79364013671875,0.0,0.0,0.5173698663711548,"(0.8550000190734863, 0.8629999756813049, 0.8669999837875366)",None
47,88,1,0,1,0,391.3959655761719,141.5351104736328,391.91363525390625,142.06942749023438,0.517669677734375,0.5343170166015625,,None,"(0.8550000190734863, 0.8629999756813049, 0.8669999837875366)"
47,89,1,1,0,0,391.65826416015625,152.68679809570312,391.65826416015625,152.68679809570312,0.0,0.0,0.5173698663711548,"(0.8550000190734863, 0.8629999756813049, 0.8669999837875366)",None
47,90,1,0,1,0,391.3959655761719,152.43170166015625,391.91363525390625,152.94879150390625,0.517669677734375,0.51708984375,,None,"(0.8550000190734863, 0.8629999756813049, 0.8669999837875366)"
47,91,1,1,0,0,391.65826416015625,163.5799560546875,391.65826416015625,163.5799560546875,0.0,0.0,0.5173698663711548,"(0.8550000190734863, 0.8629999756813049, 0.8669999837875366)",None
47,92,1,0,1,0,391.3959655761719,163.32485961914062,391.91363525390625,163.84194946289062,0.517669677734375,0.51708984375,,None,"(0.8550000190734863, 0.8629999756813049, 0.8669999837875366)"
47,93,1,1,0,0,391.65826416015625,174.47311401367188,391.65826416015625,174.47311401367188,0.0,0.0,0.5173698663711548,"(0.8550000190734863, 0.8629999756813049, 0.8669999837875366)",None
47,94,1,0,1,0,391.3959655761719,174.218017578125,391.91363525390625,174.735107421875,0.517669677734375,0.51708984375,,None,"(0.8550000190734863, 0.8629999756813049, 0.8669999837875366)"
47,95,1,1,0,0,391.65826416015625,185.36903381347656,391.65826416015625,185.36903381347656,0.0,0.0,0.5173698663711548,"(0.8550000190734863, 0.8629999756813049, 0.8669999837875366)",None
47,96,1,0,1,0,391.3959655761719,185.11050415039062,391.91363525390625,185.62757873535156,0.517669677734375,0.5170745849609375,,None,"(0.8550000190734863, 0.8629999756813049, 0.8669999837875366)"
47,97,1,1,0,0,391.65826416015625,196.24496459960938,391.65826416015625,196.24496459960938,0.0,0.0,0.5173698663711548,"(0.8550000190734863, 0.8629999756813049, 0.8669999837875366)",None
47,98,1,0,1,0,391.3959655761719,195.98641967773438,391.91363525390625,196.5034942626953,0.517669677734375,0.5170745849609375,,None,"(0.8550000190734863, 0.8629999756813049, 0.8669999837875366)"
47,99,1,1,0,0,391.65826416015625,207.13812255859375,391.65826416015625,207.13812255859375,0.0,0.0,0.5173698663711548,"(0.8550000190734863, 0.8629999756813049, 0.8669999837875366)",None
47,100,1,0,1,0,391.3959655761719,206.87957763671875,391.91363525390625,207.39666748046875,0.517669677734375,0.51708984375,,None,"(0.8550000190734863, 0.8629999756813049, 0.8669999837875366)"
47,101,1,1,0,0,391.65826416015625,218.54835510253906,391.65826416015625,218.54835510253906,0.0,0.0,0.5173698663711548,"(0.8550000190734863, 0.8629999756813049, 0.8669999837875366)",None
47,102,1,0,1,0,391.3959655761719,218.28982543945312,391.91363525390625,218.80690002441406,0.517669677734375,0.5170745849609375,,None,"(0.8550000190734863, 0.8629999756813049, 0.8669999837875366)"
47,103,1,1,0,0,391.65826416015625,229.44151306152344,391.65826416015625,229.44151306152344,0.0,0.0,0.5173698663711548,"(0.8550000190734863, 0.8629999756813049, 0.8669999837875366)",None
47,104,1,0,1,0,391.3959655761719,229.18296813964844,391.91363525390625,229.70005798339844,0.517669677734375,0.51708984375,,None,"(0.8550000190734863, 0.8629999756813049, 0.8669999837875366)"
47,105,1,1,0,0,391.65826416015625,240.31744384765625,391.65826416015625,240.31744384765625,0.0,0.0,0.5173698663711548,"(0.8550000190734863, 0.8629999756813049, 0.8669999837875366)",None
47,106,1,0,1,0,391.3959655761719,240.05889892578125,391.91363525390625,240.5932159423828,0.517669677734375,0.5343170166015625,,None,"(0.8550000190734863, 0.8629999756813049, 0.8669999837875366)"
47,107,1,1,0,0,391.65826416015625,251.72755432128906,391.65826416015625,251.72755432128906,0.0,0.0,0.5173698663711548,"(0.8550000190734863, 0.8629999756813049, 0.8669999837875366)",None
47,108,1,0,1,0,391.3959655761719,251.46900939941406,391.91363525390625,251.98609924316406,0.517669677734375,0.51708984375,,None,"(0.8550000190734863, 0.8629999756813049, 0.8669999837875366)"
47,109,1,1,0,0,401.15496826171875,65.05430603027344,401.15496826171875,65.05430603027344,0.0,0.0,0.5096899271011353,"(0.8550000190734863, 0.8629999756813049, 0.8669999837875366)",None
47,110,1,1,0,0,446.6109619140625,65.05430603027344,446.6109619140625,65.05430603027344,0.0,0.0,0.5096899271011353,"(0.8550000190734863, 0.8629999756813049, 0.8669999837875366)",None
47,111,1,1,0,0,527.8367309570312,65.05430603027344,527.8367309570312,65.05430603027344,0.0,0.0,0.5096899271011353,"(0.8550000190734863, 0.8629999756813049, 0.8669999837875366)",None
47,112,1,1,0,0,584.0362548828125,65.05430603027344,584.0362548828125,65.05430603027344,0.0,0.0,0.5096899271011353,"(0.8550000190734863, 0.8629999756813049, 0.8669999837875366)",None
47,113,1,0,1,0,401.40997314453125,64.29360961914062,716.06591796875,65.31240844726562,314.65594482421875,1.018798828125,,None,"(0.0, 0.0, 0.0)"
47,114,1,1,0,0,715.8143310546875,65.05430603027344,715.8143310546875,65.05430603027344,0.0,0.0,0.5096899271011353,"(0.8550000190734863, 0.8629999756813049, 0.8669999837875366)",None
47,115,1,1,0,0,447.1209411621094,75.78572082519531,526.8167724609375,75.78572082519531,79.69583129882812,0.0,0.5096899271011353,"(0.0, 0.0, 0.0)",None
47,116,1,0,1,0,446.8659362792969,75.534423828125,527.068359375,76.0438232421875,80.20242309570312,0.5093994140625,,None,"(0.0, 0.0, 0.0)"
47,117,1,1,0,0,528.3466796875,75.78572082519531,582.995849609375,75.78572082519531,54.649169921875,0.0,0.5096899271011353,"(0.0, 0.0, 0.0)",None
47,118,1,0,1,0,528.0883178710938,75.534423828125,583.2508544921875,76.0438232421875,55.16253662109375,0.5093994140625,,None,"(0.0, 0.0, 0.0)"
47,119,1,1,0,0,447.1209411621094,86.51713562011719,526.8167724609375,86.51713562011719,79.69583129882812,0.0,0.5096899271011353,"(0.0, 0.0, 0.0)",None
47,120,1,0,1,0,446.8659362792969,86.26583862304688,527.068359375,86.77523803710938,80.20242309570312,0.5093994140625,,None,"(0.0, 0.0, 0.0)"
47,121,1,1,0,0,528.3466796875,86.51713562011719,582.995849609375,86.51713562011719,54.649169921875,0.0,0.5096899271011353,"(0.0, 0.0, 0.0)",None
47,122,1,0,1,0,528.0883178710938,86.26583862304688,583.2508544921875,86.77523803710938,55.16253662109375,0.5093994140625,,None,"(0.0, 0.0, 0.0)"
47,123,1,0,1,0,401.40997314453125,96.97688293457031,584.287841796875,97.99569702148438,182.87786865234375,1.0188140869140625,,None,"(0.0, 0.0, 0.0)"
47,124,1,1,0,0,447.1209411621094,108.47579956054688,526.8167724609375,108.47579956054688,79.69583129882812,0.0,0.5096899271011353,"(0.0, 0.0, 0.0)",None
47,125,1,0,1,0,446.8659362792969,108.21769714355469,527.068359375,108.72709655761719,80.20242309570312,0.5093994140625,,None,"(0.0, 0.0, 0.0)"
47,126,1,1,0,0,528.3466796875,108.47579956054688,582.995849609375,108.47579956054688,54.649169921875,0.0,0.5096899271011353,"(0.0, 0.0, 0.0)",None
47,127,1,0,1,0,528.0883178710938,108.21769714355469,583.2508544921875,108.72709655761719,55.16253662109375,0.5093994140625,,None,"(0.0, 0.0, 0.0)"
47,128,1,1,0,0,447.1209411621094,119.20721435546875,526.8167724609375,119.20721435546875,79.69583129882812,0.0,0.5096899271011353,"(0.0, 0.0, 0.0)",None
47,129,1,0,1,0,446.8659362792969,118.94911193847656,527.068359375,119.45852661132812,80.20242309570312,0.5094146728515625,,None,"(0.0, 0.0, 0.0)"
47,130,1,1,0,0,528.3466796875,119.20721435546875,582.995849609375,119.20721435546875,54.649169921875,0.0,0.5096899271011353,"(0.0, 0.0, 0.0)",None
47,131,1,0,1,0,528.0883178710938,118.94911193847656,583.2508544921875,119.45852661132812,55.16253662109375,0.5094146728515625,,None,"(0.0, 0.0, 0.0)"
47,132,1,1,0,0,447.1209411621094,129.93862915039062,526.8167724609375,129.93862915039062,79.69583129882812,0.0,0.5096899271011353,"(0.0, 0.0, 0.0)",None
47,133,1,0,1,0,446.8659362792969,129.6805419921875,527.068359375,130.18994140625,80.20242309570312,0.5093994140625,,None,"(0.0, 0.0, 0.0)"
47,134,1,1,0,0,528.3466796875,129.93862915039062,582.995849609375,129.93862915039062,54.649169921875,0.0,0.5096899271011353,"(0.0, 0.0, 0.0)",None
47,135,1,0,1,0,528.0883178710938,129.6805419921875,583.2508544921875,130.18994140625,55.16253662109375,0.5093994140625,,None,"(0.0, 0.0, 0.0)"
47,136,1,1,0,0,447.1209411621094,140.64967346191406,526.8167724609375,140.64967346191406,79.69583129882812,0.0,0.5096899271011353,"(0.0, 0.0, 0.0)",None
47,137,1,0,1,0,446.8659362792969,140.39498901367188,527.068359375,140.92135620117188,80.20242309570312,0.5263671875,,None,"(0.0, 0.0, 0.0)"
47,138,1,1,0,0,528.3466796875,140.64967346191406,582.995849609375,140.64967346191406,54.649169921875,0.0,0.5096899271011353,"(0.0, 0.0, 0.0)",None
47,139,1,0,1,0,528.0883178710938,140.39498901367188,583.2508544921875,140.92135620117188,55.16253662109375,0.5263671875,,None,"(0.0, 0.0, 0.0)"
47,140,1,1,0,0,447.1209411621094,151.381103515625,526.8167724609375,151.381103515625,79.69583129882812,0.0,0.5096899271011353,"(0.0, 0.0, 0.0)",None
47,141,1,0,1,0,446.8659362792969,151.12979125976562,527.068359375,151.63919067382812,80.20242309570312,0.5093994140625,,None,"(0.0, 0.0, 0.0)"
47,142,1,1,0,0,528.3466796875,151.381103515625,582.995849609375,151.381103515625,54.649169921875,0.0,0.5096899271011353,"(0.0, 0.0, 0.0)",None
47,143,1,0,1,0,528.0883178710938,151.12979125976562,583.2508544921875,151.63919067382812,55.16253662109375,0.5093994140625,,None,"(0.0, 0.0, 0.0)"
47,144,1,1,0,0,447.1209411621094,162.11251831054688,526.8167724609375,162.11251831054688,79.69583129882812,0.0,0.5096899271011353,"(0.0, 0.0, 0.0)",None
47,145,1,0,1,0,446.8659362792969,161.8612060546875,527.068359375,162.37060546875,80.20242309570312,0.5093994140625,,None,"(0.0, 0.0, 0.0)"
47,146,1,1,0,0,528.3466796875,162.11251831054688,582.995849609375,162.11251831054688,54.649169921875,0.0,0.5096899271011353,"(0.0, 0.0, 0.0)",None
47,147,1,0,1,0,528.0883178710938,161.8612060546875,583.2508544921875,162.37060546875,55.16253662109375,0.5093994140625,,None,"(0.0, 0.0, 0.0)"
47,148,1,1,0,0,447.1209411621094,172.84393310546875,526.8167724609375,172.84393310546875,79.69583129882812,0.0,0.5096899271011353,"(0.0, 0.0, 0.0)",None
47,149,1,0,1,0,446.8659362792969,172.59262084960938,527.068359375,173.10202026367188,80.20242309570312,0.5093994140625,,None,"(0.0, 0.0, 0.0)"
47,150,1,1,0,0,528.3466796875,172.84393310546875,582.995849609375,172.84393310546875,54.649169921875,0.0,0.5096899271011353,"(0.0, 0.0, 0.0)",None
47,151,1,0,1,0,528.0883178710938,172.59262084960938,583.2508544921875,173.10202026367188,55.16253662109375,0.5093994140625,,None,"(0.0, 0.0, 0.0)"
47,152,1,1,0,0,447.1209411621094,183.57806396484375,526.8167724609375,183.57806396484375,79.69583129882812,0.0,0.5096899271011353,"(0.0, 0.0, 0.0)",None
47,153,1,0,1,0,446.8659362792969,183.3233642578125,527.068359375,183.832763671875,80.20242309570312,0.5093994140625,,None,"(0.0, 0.0, 0.0)"
47,154,1,1,0,0,528.3467407226562,183.57806396484375,582.995849609375,183.57806396484375,54.64910888671875,0.0,0.5096899271011353,"(0.0, 0.0, 0.0)",None
47,155,1,0,1,0,528.0883178710938,183.3233642578125,583.2508544921875,183.832763671875,55.16253662109375,0.5093994140625,,None,"(0.0, 0.0, 0.0)"
47,156,1,1,0,0,447.1209411621094,194.29251098632812,526.8167724609375,194.29251098632812,79.69583129882812,0.0,0.5096899271011353,"(0.0, 0.0, 0.0)",None
47,157,1,0,1,0,446.8659362792969,194.03781127929688,527.068359375,194.54721069335938,80.20242309570312,0.5093994140625,,None,"(0.0, 0.0, 0.0)"
47,158,1,1,0,0,528.3467407226562,194.29251098632812,582.995849609375,194.29251098632812,54.64910888671875,0.0,0.5096899271011353,"(0.0, 0.0, 0.0)",None
47,159,1,0,1,0,528.0883178710938,194.03781127929688,583.2508544921875,194.54721069335938,55.16253662109375,0.5093994140625,,None,"(0.0, 0.0, 0.0)"
47,160,1,1,0,0,447.1209411621094,205.02392578125,526.8167724609375,205.02392578125,79.69583129882812,0.0,0.5096899271011353,"(0.0, 0.0, 0.0)",None
47,161,1,0,1,0,446.8659362792969,204.76922607421875,527.068359375,205.27862548828125,80.20242309570312,0.5093994140625,,None,"(0.0, 0.0, 0.0)"
47,162,1,1,0,0,528.3467407226562,205.02392578125,582.995849609375,205.02392578125,54.64910888671875,0.0,0.5096899271011353,"(0.0, 0.0, 0.0)",None
47,163,1,0,1,0,528.0883178710938,204.76922607421875,583.2508544921875,205.27862548828125,55.16253662109375,0.5093994140625,,None,"(0.0, 0.0, 0.0)"
47,164,1,0,1,0,401.40997314453125,215.50064086914062,584.287841796875,216.51943969726562,182.87786865234375,1.018798828125,,None,"(0.0, 0.0, 0.0)"
47,165,1,1,0,0,447.1209411621094,226.99615478515625,526.8167724609375,226.9961700439453,79.69583129882812,1.52587890625e-05,0.5096899271011353,"(0.0, 0.0, 0.0)",None
47,166,1,0,1,0,446.8659362792969,226.741455078125,527.068359375,227.25086975097656,80.20242309570312,0.5094146728515625,,None,"(0.0, 0.0, 0.0)"
47,167,1,1,0,0,528.3467407226562,226.9961700439453,582.995849609375,226.9961700439453,54.64910888671875,0.0,0.5096899271011353,"(0.0, 0.0, 0.0)",None
47,168,1,0,1,0,528.0883178710938,226.741455078125,583.2508544921875,227.25086975097656,55.16253662109375,0.5094146728515625,,None,"(0.0, 0.0, 0.0)"
47,169,1,1,0,0,447.1209411621094,237.71060180664062,526.8167724609375,237.71060180664062,79.69583129882812,0.0,0.5096899271011353,"(0.0, 0.0, 0.0)",None
47,170,1,0,1,0,446.8659362792969,237.45590209960938,527.068359375,237.98228454589844,80.20242309570312,0.5263824462890625,,None,"(0.0, 0.0, 0.0)"
47,171,1,1,0,0,528.3467407226562,237.71060180664062,582.995849609375,237.71060180664062,54.64910888671875,0.0,0.5096899271011353,"(0.0, 0.0, 0.0)",None
47,172,1,0,1,0,528.0883178710938,237.45590209960938,583.2508544921875,237.98228454589844,55.16253662109375,0.5263824462890625,,None,"(0.0, 0.0, 0.0)"
47,173,1,0,1,0,400.3900146484375,64.29280090332031,401.40997314453125,249.2060089111328,1.01995849609375,184.9132080078125,,None,"(0.0, 0.0, 0.0)"
47,174,4,4,0,0,445.8459777832031,65.31159973144531,446.8659362792969,249.2060089111328,1.01995849609375,183.8944091796875,,None,"(0.0, 0.0, 0.0)"
47,175,1,0,1,0,527.068359375,65.31159973144531,528.0883178710938,249.2060089111328,1.01995849609375,183.8944091796875,,None,"(0.0, 0.0, 0.0)"
47,176,1,0,1,0,583.2542724609375,65.31159973144531,584.2911987304688,249.2060089111328,1.03692626953125,183.8944091796875,,None,"(0.0, 0.0, 0.0)"
47,177,1,0,1,0,401.40997314453125,248.18719482421875,716.06591796875,249.2060089111328,314.65594482421875,1.0188140869140625,,None,"(0.0, 0.0, 0.0)"
47,178,1,0,1,0,715.0460205078125,65.31159973144531,716.06591796875,249.2060089111328,1.0198974609375,183.8944091796875,,None,"(0.0, 0.0, 0.0)"
47,179,1,1,0,0,401.15496826171875,249.46070861816406,401.15496826171875,249.46070861816406,0.0,0.0,0.5096899271011353,"(0.8550000190734863, 0.8629999756813049, 0.8669999837875366)",None
47,180,1,1,0,0,446.6109619140625,249.46070861816406,446.6109619140625,249.46070861816406,0.0,0.0,0.5096899271011353,"(0.8550000190734863, 0.8629999756813049, 0.8669999837875366)",None
47,181,1,1,0,0,527.8367309570312,249.46070861816406,527.8367309570312,249.46070861816406,0.0,0.0,0.5096899271011353,"(0.8550000190734863, 0.8629999756813049, 0.8669999837875366)",None
47,182,1,1,0,0,584.0362548828125,249.46070861816406,584.0362548828125,249.46070861816406,0.0,0.0,0.5096899271011353,"(0.8550000190734863, 0.8629999756813049, 0.8669999837875366)",None
47,183,1,1,0,0,715.8143920898438,249.46070861816406,715.8143920898438,249.46070861816406,0.0,0.0,0.5096899271011353,"(0.8550000190734863, 0.8629999756813049, 0.8669999837875366)",None
47,184,1,1,0,0,716.3243408203125,65.05430603027344,716.3243408203125,65.05430603027344,0.0,0.0,0.5096899271011353,"(0.8550000190734863, 0.8629999756813049, 0.8669999837875366)",None
47,185,1,1,0,0,716.3243408203125,75.78572082519531,716.3243408203125,75.78572082519531,0.0,0.0,0.5096899271011353,"(0.8550000190734863, 0.8629999756813049, 0.8669999837875366)",None
47,186,1,1,0,0,716.3243408203125,86.51713562011719,716.3243408203125,86.51713562011719,0.0,0.0,0.5096899271011353,"(0.8550000190734863, 0.8629999756813049, 0.8669999837875366)",None
47,187,1,1,0,0,716.3243408203125,97.744384765625,716.3243408203125,97.744384765625,0.0,0.0,0.5096899271011353,"(0.8550000190734863, 0.8629999756813049, 0.8669999837875366)",None
47,188,1,1,0,0,716.3243408203125,108.47579956054688,716.3243408203125,108.47579956054688,0.0,0.0,0.5096899271011353,"(0.8550000190734863, 0.8629999756813049, 0.8669999837875366)",None
47,189,1,1,0,0,716.3243408203125,119.20721435546875,716.3243408203125,119.20721435546875,0.0,0.0,0.5096899271011353,"(0.8550000190734863, 0.8629999756813049, 0.8669999837875366)",None
47,190,1,1,0,0,716.3243408203125,129.93862915039062,716.3243408203125,129.93862915039062,0.0,0.0,0.5096899271011353,"(0.8550000190734863, 0.8629999756813049, 0.8669999837875366)",None
47,191,1,1,0,0,716.3243408203125,140.64967346191406,716.3243408203125,140.64967346191406,0.0,0.0,0.5096899271011353,"(0.8550000190734863, 0.8629999756813049, 0.8669999837875366)",None
47,192,1,1,0,0,716.3243408203125,151.381103515625,716.3243408203125,151.381103515625,0.0,0.0,0.5096899271011353,"(0.8550000190734863, 0.8629999756813049, 0.8669999837875366)",None
47,193,1,1,0,0,716.3243408203125,162.11251831054688,716.3243408203125,162.11251831054688,0.0,0.0,0.5096899271011353,"(0.8550000190734863, 0.8629999756813049, 0.8669999837875366)",None
47,194,1,1,0,0,716.3243408203125,172.84393310546875,716.3243408203125,172.84393310546875,0.0,0.0,0.5096899271011353,"(0.8550000190734863, 0.8629999756813049, 0.8669999837875366)",None
47,195,1,1,0,0,716.3243408203125,183.57806396484375,716.3243408203125,183.57806396484375,0.0,0.0,0.5096899271011353,"(0.8550000190734863, 0.8629999756813049, 0.8669999837875366)",None
47,196,1,1,0,0,716.3243408203125,194.29251098632812,716.3243408203125,194.29251098632812,0.0,0.0,0.5096899271011353,"(0.8550000190734863, 0.8629999756813049, 0.8669999837875366)",None
47,197,1,1,0,0,716.3243408203125,205.02392578125,716.3243408203125,205.02392578125,0.0,0.0,0.5096899271011353,"(0.8550000190734863, 0.8629999756813049, 0.8669999837875366)",None
47,198,1,1,0,0,716.3243408203125,216.26473999023438,716.3243408203125,216.26473999023438,0.0,0.0,0.5096899271011353,"(0.8550000190734863, 0.8629999756813049, 0.8669999837875366)",None
47,199,1,1,0,0,716.3243408203125,226.9961700439453,716.3243408203125,226.9961700439453,0.0,0.0,0.5096899271011353,"(0.8550000190734863, 0.8629999756813049, 0.8669999837875366)",None
47,200,1,1,0,0,716.3243408203125,237.71060180664062,716.3243408203125,237.71060180664062,0.0,0.0,0.5096899271011353,"(0.8550000190734863, 0.8629999756813049, 0.8669999837875366)",None
47,201,1,1,0,0,716.3243408203125,248.95130920410156,716.3243408203125,248.95130920410156,0.0,0.0,0.5096899271011353,"(0.8550000190734863, 0.8629999756813049, 0.8669999837875366)",None
