pixel_x,pixel_y,axial_strain_global_pct,deviator_stress_kPa,q_smooth_kPa,axial_strain_local_pct,figure_id,specimen_id,stage_index,stage,matric_suction_kPa,source_q_peak_kPa,stress_per_pixel_kPa,x_max_pct
101,403.5,0.10256410256410256,19.304405059168385,22.393109868635328,0.0,F-47,ST-80B,1,1st,6.9,234.3,1.544352404733471,8.0
102,402.0,0.11721611721611722,21.62093366626859,23.165286071002065,0.014652014652014655,F-47,ST-80B,1,1st,6.9,234.3,1.544352404733471,8.0
103,401.0,0.13186813186813187,23.165286071002065,23.551374172185433,0.02930402930402931,F-47,ST-80B,1,1st,6.9,234.3,1.544352404733471,8.0
104,400.5,0.14652014652014653,23.937462273368798,23.937462273368798,0.043956043956043966,F-47,ST-80B,1,1st,6.9,234.3,1.544352404733471,8.0
105,400.0,0.16117216117216118,24.709638475735535,24.709638475735535,0.05860805860805862,F-47,ST-80B,1,1st,6.9,234.3,1.544352404733471,8.0
106,399.0,0.17582417582417584,26.253990880469004,26.253990880469004,0.07326007326007328,F-47,ST-80B,1,1st,6.9,234.3,1.544352404733471,8.0
107,396.5,0.19047619047619047,30.114871892302684,30.114871892302684,0.0879120879120879,F-47,ST-80B,1,1st,6.9,234.3,1.544352404733471,8.0
108,394.5,0.20512820512820512,33.20357670176963,33.20357670176963,0.10256410256410256,F-47,ST-80B,1,1st,6.9,234.3,1.544352404733471,8.0
109,393.0,0.21978021978021978,35.52010530886983,35.52010530886983,0.11721611721611722,F-47,ST-80B,1,1st,6.9,234.3,1.544352404733471,8.0
110,392.0,0.23443223443223443,37.0644577136033,37.0644577136033,0.13186813186813187,F-47,ST-80B,1,1st,6.9,234.3,1.544352404733471,8.0
111,390.0,0.2490842490842491,40.15316252307024,40.15316252307024,0.14652014652014653,F-47,ST-80B,1,1st,6.9,234.3,1.544352404733471,8.0
112,389.0,0.26373626373626374,41.69751492780372,41.69751492780372,0.16117216117216118,F-47,ST-80B,1,1st,6.9,234.3,1.544352404733471,8.0
113,388.5,0.2783882783882784,42.46969113017045,42.46969113017045,0.17582417582417584,F-47,ST-80B,1,1st,6.9,234.3,1.544352404733471,8.0
114,387.5,0.29304029304029305,44.01404353490392,44.01404353490392,0.1904761904761905,F-47,ST-80B,1,1st,6.9,234.3,1.544352404733471,8.0
115,386.0,0.3076923076923077,46.33057214200413,46.33057214200413,0.20512820512820515,F-47,ST-80B,1,1st,6.9,234.3,1.544352404733471,8.0
116,385.0,0.32234432234432236,47.874924546737596,47.874924546737596,0.2197802197802198,F-47,ST-80B,1,1st,6.9,234.3,1.544352404733471,8.0
117,385.0,0.336996336996337,47.874924546737596,47.874924546737596,0.23443223443223446,F-47,ST-80B,1,1st,6.9,234.3,1.544352404733471,8.0
118,384.0,0.3516483516483517,49.41927695147107,49.41927695147107,0.24908424908424912,F-47,ST-80B,1,1st,6.9,234.3,1.544352404733471,8.0
119,383.0,0.3663003663003663,50.96362935620454,50.96362935620454,0.2637362637362637,F-47,ST-80B,1,1st,6.9,234.3,1.544352404733471,8.0
120,382.0,0.38095238095238093,52.50798176093801,52.50798176093801,0.2783882783882784,F-47,ST-80B,1,1st,6.9,234.3,1.544352404733471,8.0
121,381.5,0.3956043956043956,53.280157963304745,53.280157963304745,0.293040293040293,F-47,ST-80B,1,1st,6.9,234.3,1.544352404733471,8.0
122,380.5,0.41025641025641024,54.82451036803822,54.82451036803822,0.3076923076923077,F-47,ST-80B,1,1st,6.9,234.3,1.544352404733471,8.0
123,380.0,0.4249084249084249,55.596686570404955,55.596686570404955,0.3223443223443223,F-47,ST-80B,1,1st,6.9,234.3,1.544352404733471,8.0
124,379.0,0.43956043956043955,57.14103897513842,57.14103897513842,0.336996336996337,F-47,ST-80B,1,1st,6.9,234.3,1.544352404733471,8.0
125,378.0,0.4542124542124542,58.685391379871895,58.685391379871895,0.3516483516483516,F-47,ST-80B,1,1st,6.9,234.3,1.544352404733471,8.0
126,377.5,0.46886446886446886,59.45756758223863,59.45756758223863,0.36630036630036633,F-47,ST-80B,1,1st,6.9,234.3,1.544352404733471,8.0
127,376.5,0.4835164835164835,61.0019199869721,61.0019199869721,0.38095238095238093,F-47,ST-80B,1,1st,6.9,234.3,1.544352404733471,8.0
128,376.0,0.4981684981684982,61.774096189338835,61.774096189338835,0.39560439560439564,F-47,ST-80B,1,1st,6.9,234.3,1.544352404733471,8.0
129,375.5,0.5128205128205128,62.54627239170557,62.54627239170557,0.41025641025641024,F-47,ST-80B,1,1st,6.9,234.3,1.544352404733471,8.0
130,374.5,0.5274725274725275,64.09062479643904,64.09062479643904,0.42490842490842495,F-47,ST-80B,1,1st,6.9,234.3,1.544352404733471,8.0
131,373.5,0.5421245421245421,65.63497720117252,65.63497720117252,0.43956043956043955,F-47,ST-80B,1,1st,6.9,234.3,1.544352404733471,8.0
132,372.5,0.5567765567765568,67.17932960590599,67.17932960590599,0.45421245421245426,F-47,ST-80B,1,1st,6.9,234.3,1.544352404733471,8.0
133,372.0,0.5714285714285714,67.95150580827271,67.95150580827271,0.46886446886446886,F-47,ST-80B,1,1st,6.9,234.3,1.544352404733471,8.0
134,371.0,0.5860805860805861,69.49585821300619,69.49585821300619,0.4835164835164836,F-47,ST-80B,1,1st,6.9,234.3,1.544352404733471,8.0
135,370.5,0.6007326007326007,70.26803441537292,70.26803441537292,0.4981684981684982,F-47,ST-80B,1,1st,6.9,234.3,1.544352404733471,8.0
136,370.0,0.6153846153846154,71.04021061773966,71.04021061773966,0.5128205128205129,F-47,ST-80B,1,1st,6.9,234.3,1.544352404733471,8.0
137,369.5,0.63003663003663,71.8123868201064,71.8123868201064,0.5274725274725275,F-47,ST-80B,1,1st,6.9,234.3,1.544352404733471,8.0
138,368.5,0.6446886446886447,73.35673922483987,73.35673922483987,0.5421245421245422,F-47,ST-80B,1,1st,6.9,234.3,1.544352404733471,8.0
139,368.0,0.6593406593406593,74.1289154272066,74.1289154272066,0.5567765567765568,F-47,ST-80B,1,1st,6.9,234.3,1.544352404733471,8.0
140,367.0,0.673992673992674,75.67326783194008,75.67326783194008,0.5714285714285715,F-47,ST-80B,1,1st,6.9,234.3,1.544352404733471,8.0
141,366.0,0.6886446886446886,77.21762023667354,77.21762023667354,0.5860805860805861,F-47,ST-80B,1,1st,6.9,234.3,1.544352404733471,8.0
142,365.0,0.7032967032967034,78.76197264140701,78.76197264140701,0.6007326007326008,F-47,ST-80B,1,1st,6.9,234.3,1.544352404733471,8.0
143,364.5,0.717948717948718,79.53414884377375,79.53414884377375,0.6153846153846154,F-47,ST-80B,1,1st,6.9,234.3,1.544352404733471,8.0
144,363.5,0.7326007326007326,81.07850124850722,81.07850124850722,0.63003663003663,F-47,ST-80B,1,1st,6.9,234.3,1.544352404733471,8.0
145,363.0,0.7472527472527473,81.85067745087396,81.85067745087396,0.6446886446886447,F-47,ST-80B,1,1st,6.9,234.3,1.544352404733471,8.0
146,362.5,0.7619047619047619,82.6228536532407,82.6228536532407,0.6593406593406593,F-47,ST-80B,1,1st,6.9,234.3,1.544352404733471,8.0
147,362.0,0.7765567765567766,83.39502985560743,83.39502985560743,0.673992673992674,F-47,ST-80B,1,1st,6.9,234.3,1.544352404733471,8.0
148,361.5,0.7912087912087912,84.16720605797417,84.16720605797417,0.6886446886446886,F-47,ST-80B,1,1st,6.9,234.3,1.544352404733471,8.0
149,360.5,0.8058608058608059,85.71155846270763,85.71155846270763,0.7032967032967034,F-47,ST-80B,1,1st,6.9,234.3,1.544352404733471,8.0
150,359.5,0.8205128205128205,87.2559108674411,87.2559108674411,0.717948717948718,F-47,ST-80B,1,1st,6.9,234.3,1.544352404733471,8.0
151,358.5,0.8351648351648352,88.80026327217458,88.80026327217458,0.7326007326007327,F-47,ST-80B,1,1st,6.9,234.3,1.544352404733471,8.0
152,357.5,0.8498168498168498,90.34461567690805,90.34461567690805,0.7472527472527473,F-47,ST-80B,1,1st,6.9,234.3,1.544352404733471,8.0
153,357.0,0.8644688644688645,91.11679187927479,91.11679187927479,0.761904761904762,F-47,ST-80B,1,1st,6.9,234.3,1.544352404733471,8.0
154,356.5,0.8791208791208791,91.88896808164152,91.88896808164152,0.7765567765567766,F-47,ST-80B,1,1st,6.9,234.3,1.544352404733471,8.0
155,356.0,0.8937728937728938,92.66114428400826,92.66114428400826,0.7912087912087913,F-47,ST-80B,1,1st,6.9,234.3,1.544352404733471,8.0
156,355.5,0.9084249084249084,93.433320486375,93.433320486375,0.8058608058608059,F-47,ST-80B,1,1st,6.9,234.3,1.544352404733471,8.0
157,354.5,0.9230769230769231,94.97767289110845,94.97767289110845,0.8205128205128206,F-47,ST-80B,1,1st,6.9,234.3,1.544352404733471,8.0
158,353.5,0.9377289377289377,96.52202529584193,96.52202529584193,0.8351648351648352,F-47,ST-80B,1,1st,6.9,234.3,1.544352404733471,8.0
159,352.5,0.9523809523809523,98.0663777005754,98.0663777005754,0.8498168498168498,F-47,ST-80B,1,1st,6.9,234.3,1.544352404733471,8.0
160,352.0,0.967032967032967,98.83855390294214,98.83855390294214,0.8644688644688645,F-47,ST-80B,1,1st,6.9,234.3,1.544352404733471,8.0
161,352.0,0.9816849816849816,98.83855390294214,98.83855390294214,0.8791208791208791,F-47,ST-80B,1,1st,6.9,234.3,1.544352404733471,8.0
162,351.5,0.9963369963369964,99.61073010530887,99.61073010530887,0.8937728937728938,F-47,ST-80B,1,1st,6.9,234.3,1.544352404733471,8.0
163,351.0,1.010989010989011,100.38290630767561,100.38290630767561,0.9084249084249084,F-47,ST-80B,1,1st,6.9,234.3,1.544352404733471,8.0
164,350.5,1.0256410256410255,101.15508251004235,101.15508251004235,0.923076923076923,F-47,ST-80B,1,1st,6.9,234.3,1.544352404733471,8.0
165,349.5,1.0402930402930404,102.69943491477582,102.69943491477582,0.9377289377289378,F-47,ST-80B,1,1st,6.9,234.3,1.544352404733471,8.0
166,348.5,1.054945054945055,104.24378731950928,104.24378731950928,0.9523809523809524,F-47,ST-80B,1,1st,6.9,234.3,1.544352404733471,8.0
167,348.0,1.0695970695970696,105.01596352187602,105.01596352187602,0.967032967032967,F-47,ST-80B,1,1st,6.9,234.3,1.544352404733471,8.0
168,348.0,1.0842490842490842,105.01596352187602,105.01596352187602,0.9816849816849816,F-47,ST-80B,1,1st,6.9,234.3,1.544352404733471,8.0
169,347.5,1.098901098901099,105.78813972424275,105.78813972424275,0.9963369963369965,F-47,ST-80B,1,1st,6.9,234.3,1.544352404733471,8.0
170,347.0,1.1135531135531136,106.56031592660949,106.56031592660949,1.010989010989011,F-47,ST-80B,1,1st,6.9,234.3,1.544352404733471,8.0
171,345.5,1.1282051282051282,108.8768445337097,108.8768445337097,1.0256410256410255,F-47,ST-80B,1,1st,6.9,234.3,1.544352404733471,8.0
172,344.5,1.1428571428571428,110.42119693844317,110.42119693844317,1.0402930402930401,F-47,ST-80B,1,1st,6.9,234.3,1.544352404733471,8.0
173,343.5,1.1575091575091576,111.96554934317665,111.96554934317665,1.054945054945055,F-47,ST-80B,1,1st,6.9,234.3,1.544352404733471,8.0
174,343.0,1.1721611721611722,112.73772554554337,112.73772554554337,1.0695970695970696,F-47,ST-80B,1,1st,6.9,234.3,1.544352404733471,8.0
175,342.5,1.1868131868131868,113.5099017479101,113.5099017479101,1.0842490842490842,F-47,ST-80B,1,1st,6.9,234.3,1.544352404733471,8.0
176,342.0,1.2014652014652014,114.28207795027684,114.28207795027684,1.0989010989010988,F-47,ST-80B,1,1st,6.9,234.3,1.544352404733471,8.0
177,341.5,1.216117216117216,115.05425415264358,115.05425415264358,1.1135531135531134,F-47,ST-80B,1,1st,6.9,234.3,1.544352404733471,8.0
178,341.0,1.2307692307692308,115.82643035501032,115.82643035501032,1.1282051282051282,F-47,ST-80B,1,1st,6.9,234.3,1.544352404733471,8.0
179,341.0,1.2454212454212454,115.82643035501032,115.82643035501032,1.1428571428571428,F-47,ST-80B,1,1st,6.9,234.3,1.544352404733471,8.0
180,339.5,1.26007326007326,118.14295896211053,118.14295896211053,1.1575091575091574,F-47,ST-80B,1,1st,6.9,234.3,1.544352404733471,8.0
181,338.5,1.2747252747252746,119.687311366844,119.687311366844,1.172161172161172,F-47,ST-80B,1,1st,6.9,234.3,1.544352404733471,8.0
182,338.0,1.2893772893772895,120.45948756921074,120.45948756921074,1.1868131868131868,F-47,ST-80B,1,1st,6.9,234.3,1.544352404733471,8.0
183,338.0,1.304029304029304,120.45948756921074,120.45948756921074,1.2014652014652014,F-47,ST-80B,1,1st,6.9,234.3,1.544352404733471,8.0
184,337.5,1.3186813186813187,121.23166377157747,121.23166377157747,1.216117216117216,F-47,ST-80B,1,1st,6.9,234.3,1.544352404733471,8.0
185,337.0,1.3333333333333333,122.0038399739442,122.0038399739442,1.2307692307692306,F-47,ST-80B,1,1st,6.9,234.3,1.544352404733471,8.0
186,336.0,1.347985347985348,123.54819237867767,123.54819237867767,1.2454212454212454,F-47,ST-80B,1,1st,6.9,234.3,1.544352404733471,8.0
187,335.0,1.3626373626373627,125.09254478341114,125.09254478341114,1.26007326007326,F-47,ST-80B,1,1st,6.9,234.3,1.544352404733471,8.0
188,334.0,1.3772893772893773,126.63689718814462,126.63689718814462,1.2747252747252746,F-47,ST-80B,1,1st,6.9,234.3,1.544352404733471,8.0
189,334.0,1.3919413919413919,126.63689718814462,126.63689718814462,1.2893772893772892,F-47,ST-80B,1,1st,6.9,234.3,1.544352404733471,8.0
190,333.5,1.4065934065934067,127.40907339051135,127.40907339051135,1.304029304029304,F-47,ST-80B,1,1st,6.9,234.3,1.544352404733471,8.0
191,333.0,1.4212454212454213,128.1812495928781,128.1812495928781,1.3186813186813187,F-47,ST-80B,1,1st,6.9,234.3,1.544352404733471,8.0
192,332.5,1.435897435897436,128.9534257952448,128.9534257952448,1.3333333333333333,F-47,ST-80B,1,1st,6.9,234.3,1.544352404733471,8.0
193,331.0,1.4505494505494505,131.26995440234504,131.26995440234504,1.3479853479853479,F-47,ST-80B,1,1st,6.9,234.3,1.544352404733471,8.0
194,330.0,1.465201465201465,132.8143068070785,132.8143068070785,1.3626373626373625,F-47,ST-80B,1,1st,6.9,234.3,1.544352404733471,8.0
195,329.0,1.47985347985348,134.35865921181198,134.35865921181198,1.3772893772893773,F-47,ST-80B,1,1st,6.9,234.3,1.544352404733471,8.0
196,329.0,1.4945054945054945,134.35865921181198,134.35865921181198,1.3919413919413919,F-47,ST-80B,1,1st,6.9,234.3,1.544352404733471,8.0
197,328.5,1.5091575091575091,135.1308354141787,135.1308354141787,1.4065934065934065,F-47,ST-80B,1,1st,6.9,234.3,1.544352404733471,8.0
198,328.0,1.5238095238095237,135.90301161654543,135.90301161654543,1.421245421245421,F-47,ST-80B,1,1st,6.9,234.3,1.544352404733471,8.0
199,327.5,1.5384615384615385,136.67518781891218,136.67518781891218,1.435897435897436,F-47,ST-80B,1,1st,6.9,234.3,1.544352404733471,8.0
200,327.0,1.5531135531135531,137.4473640212789,137.4473640212789,1.4505494505494505,F-47,ST-80B,1,1st,6.9,234.3,1.544352404733471,8.0
201,326.5,1.5677655677655677,138.21954022364565,138.21954022364565,1.465201465201465,F-47,ST-80B,1,1st,6.9,234.3,1.544352404733471,8.0
202,326.0,1.5824175824175823,138.99171642601237,138.99171642601237,1.4798534798534797,F-47,ST-80B,1,1st,6.9,234.3,1.544352404733471,8.0
203,326.0,1.5970695970695972,138.99171642601237,138.99171642601237,1.4945054945054945,F-47,ST-80B,1,1st,6.9,234.3,1.544352404733471,8.0
204,325.5,1.6117216117216118,139.76389262837912,139.76389262837912,1.5091575091575091,F-47,ST-80B,1,1st,6.9,234.3,1.544352404733471,8.0
205,325.0,1.6263736263736264,140.53606883074585,140.53606883074585,1.5238095238095237,F-47,ST-80B,1,1st,6.9,234.3,1.544352404733471,8.0
206,323.5,1.641025641025641,142.85259743784607,142.85259743784607,1.5384615384615383,F-47,ST-80B,1,1st,6.9,234.3,1.544352404733471,8.0
207,322.5,1.6556776556776556,144.39694984257952,144.39694984257952,1.553113553113553,F-47,ST-80B,1,1st,6.9,234.3,1.544352404733471,8.0
208,321.5,1.6703296703296704,145.941302247313,145.941302247313,1.5677655677655677,F-47,ST-80B,1,1st,6.9,234.3,1.544352404733471,8.0
209,321.0,1.684981684981685,146.71347844967974,146.71347844967974,1.5824175824175823,F-47,ST-80B,1,1st,6.9,234.3,1.544352404733471,8.0
210,320.5,1.6996336996336996,147.48565465204646,147.48565465204646,1.597069597069597,F-47,ST-80B,1,1st,6.9,234.3,1.544352404733471,8.0
211,320.0,1.7142857142857142,148.2578308544132,148.2578308544132,1.6117216117216115,F-47,ST-80B,1,1st,6.9,234.3,1.544352404733471,8.0
212,319.5,1.728937728937729,149.03000705677994,149.03000705677994,1.6263736263736264,F-47,ST-80B,1,1st,6.9,234.3,1.544352404733471,8.0
213,318.5,1.7435897435897436,150.5743594615134,150.5743594615134,1.641025641025641,F-47,ST-80B,1,1st,6.9,234.3,1.544352404733471,8.0
214,317.5,1.7582417582417582,152.11871186624688,152.11871186624688,1.6556776556776556,F-47,ST-80B,1,1st,6.9,234.3,1.544352404733471,8.0
215,317.0,1.7728937728937728,152.8908880686136,152.8908880686136,1.6703296703296702,F-47,ST-80B,1,1st,6.9,234.3,1.544352404733471,8.0
216,317.0,1.7875457875457876,152.8908880686136,152.8908880686136,1.684981684981685,F-47,ST-80B,1,1st,6.9,234.3,1.544352404733471,8.0
217,316.5,1.8021978021978022,153.66306427098036,153.66306427098036,1.6996336996336996,F-47,ST-80B,1,1st,6.9,234.3,1.544352404733471,8.0
218,316.0,1.8168498168498168,154.43524047334708,154.43524047334708,1.7142857142857142,F-47,ST-80B,1,1st,6.9,234.3,1.544352404733471,8.0
219,315.5,1.8315018315018314,155.20741667571383,155.20741667571383,1.7289377289377288,F-47,ST-80B,1,1st,6.9,234.3,1.544352404733471,8.0
220,315.5,1.8461538461538463,155.20741667571383,155.20741667571383,1.7435897435897436,F-47,ST-80B,1,1st,6.9,234.3,1.544352404733471,8.0
221,315.0,1.8608058608058609,155.97959287808055,155.97959287808055,1.7582417582417582,F-47,ST-80B,1,1st,6.9,234.3,1.544352404733471,8.0
222,314.5,1.8754578754578755,156.7517690804473,156.7517690804473,1.7728937728937728,F-47,ST-80B,1,1st,6.9,234.3,1.544352404733471,8.0
223,314.0,1.89010989010989,157.52394528281403,157.52394528281403,1.7875457875457874,F-47,ST-80B,1,1st,6.9,234.3,1.544352404733471,8.0
224,314.0,1.9047619047619047,157.52394528281403,157.52394528281403,1.802197802197802,F-47,ST-80B,1,1st,6.9,234.3,1.544352404733471,8.0
225,313.5,1.9194139194139195,158.29612148518078,158.29612148518078,1.8168498168498168,F-47,ST-80B,1,1st,6.9,234.3,1.544352404733471,8.0
226,312.0,1.934065934065934,160.61265009228097,160.61265009228097,1.8315018315018314,F-47,ST-80B,1,1st,6.9,234.3,1.544352404733471,8.0
227,311.0,1.9487179487179487,162.15700249701445,162.15700249701445,1.846153846153846,F-47,ST-80B,1,1st,6.9,234.3,1.544352404733471,8.0
228,310.0,1.9633699633699633,163.70135490174792,163.70135490174792,1.8608058608058606,F-47,ST-80B,1,1st,6.9,234.3,1.544352404733471,8.0
229,309.5,1.978021978021978,164.47353110411464,164.47353110411464,1.8754578754578755,F-47,ST-80B,1,1st,6.9,234.3,1.544352404733471,8.0
230,308.5,1.9926739926739927,166.01788350884812,166.01788350884812,1.89010989010989,F-47,ST-80B,1,1st,6.9,234.3,1.544352404733471,8.0
231,308.0,2.0073260073260073,166.79005971121487,166.79005971121487,1.9047619047619047,F-47,ST-80B,1,1st,6.9,234.3,1.544352404733471,8.0
232,307.5,2.021978021978022,167.5622359135816,167.5622359135816,1.9194139194139193,F-47,ST-80B,1,1st,6.9,234.3,1.544352404733471,8.0
233,307.5,2.0366300366300365,167.5622359135816,167.5622359135816,1.9340659340659339,F-47,ST-80B,1,1st,6.9,234.3,1.544352404733471,8.0
234,306.5,2.051282051282051,169.10658831831506,169.10658831831506,1.9487179487179485,F-47,ST-80B,1,1st,6.9,234.3,1.544352404733471,8.0
235,306.0,2.065934065934066,169.8787645206818,169.8787645206818,1.9633699633699635,F-47,ST-80B,1,1st,6.9,234.3,1.544352404733471,8.0
236,306.0,2.0805860805860807,169.8787645206818,169.8787645206818,1.978021978021978,F-47,ST-80B,1,1st,6.9,234.3,1.544352404733471,8.0
237,305.5,2.0952380952380953,170.65094072304854,170.65094072304854,1.9926739926739927,F-47,ST-80B,1,1st,6.9,234.3,1.544352404733471,8.0
238,305.0,2.10989010989011,171.42311692541526,171.42311692541526,2.0073260073260073,F-47,ST-80B,1,1st,6.9,234.3,1.544352404733471,8.0
239,304.5,2.1245421245421245,172.195293127782,172.195293127782,2.021978021978022,F-47,ST-80B,1,1st,6.9,234.3,1.544352404733471,8.0
240,304.0,2.139194139194139,172.96746933014873,172.96746933014873,2.0366300366300365,F-47,ST-80B,1,1st,6.9,234.3,1.544352404733471,8.0
241,303.5,2.1538461538461537,173.73964553251548,173.73964553251548,2.051282051282051,F-47,ST-80B,1,1st,6.9,234.3,1.544352404733471,8.0
242,303.0,2.1684981684981683,174.5118217348822,174.5118217348822,2.0659340659340657,F-47,ST-80B,1,1st,6.9,234.3,1.544352404733471,8.0
243,303.0,2.183150183150183,174.5118217348822,174.5118217348822,2.0805860805860803,F-47,ST-80B,1,1st,6.9,234.3,1.544352404733471,8.0
244,302.5,2.197802197802198,175.28399793724896,175.28399793724896,2.0952380952380953,F-47,ST-80B,1,1st,6.9,234.3,1.544352404733471,8.0
245,302.0,2.2124542124542126,176.05617413961568,176.05617413961568,2.10989010989011,F-47,ST-80B,1,1st,6.9,234.3,1.544352404733471,8.0
246,301.5,2.227106227106227,176.82835034198243,176.82835034198243,2.1245421245421245,F-47,ST-80B,1,1st,6.9,234.3,1.544352404733471,8.0
247,300.5,2.241758241758242,178.3727027467159,178.3727027467159,2.139194139194139,F-47,ST-80B,1,1st,6.9,234.3,1.544352404733471,8.0
248,299.5,2.2564102564102564,179.91705515144935,179.91705515144935,2.1538461538461537,F-47,ST-80B,1,1st,6.9,234.3,1.544352404733471,8.0
249,299.0,2.271062271062271,180.6892313538161,180.6892313538161,2.1684981684981683,F-47,ST-80B,1,1st,6.9,234.3,1.544352404733471,8.0
250,299.0,2.2857142857142856,180.6892313538161,180.6892313538161,2.183150183150183,F-47,ST-80B,1,1st,6.9,234.3,1.544352404733471,8.0
251,298.5,2.3003663003663,181.46140755618282,181.46140755618282,2.1978021978021975,F-47,ST-80B,1,1st,6.9,234.3,1.544352404733471,8.0
252,298.0,2.3150183150183152,182.23358375854957,182.23358375854957,2.2124542124542126,F-47,ST-80B,1,1st,6.9,234.3,1.544352404733471,8.0
253,297.5,2.32967032967033,183.0057599609163,183.0057599609163,2.227106227106227,F-47,ST-80B,1,1st,6.9,234.3,1.544352404733471,8.0
254,297.5,2.3443223443223444,183.0057599609163,183.0057599609163,2.241758241758242,F-47,ST-80B,1,1st,6.9,234.3,1.544352404733471,8.0
255,297.5,2.358974358974359,183.0057599609163,183.0057599609163,2.2564102564102564,F-47,ST-80B,1,1st,6.9,234.3,1.544352404733471,8.0
256,297.5,2.3736263736263736,183.0057599609163,183.0057599609163,2.271062271062271,F-47,ST-80B,1,1st,6.9,234.3,1.544352404733471,8.0
257,297.0,2.3882783882783882,183.77793616328304,183.77793616328304,2.2857142857142856,F-47,ST-80B,1,1st,6.9,234.3,1.544352404733471,8.0
258,297.0,2.402930402930403,183.77793616328304,183.77793616328304,2.3003663003663,F-47,ST-80B,1,1st,6.9,234.3,1.544352404733471,8.0
259,296.5,2.4175824175824174,184.55011236564977,184.55011236564977,2.315018315018315,F-47,ST-80B,1,1st,6.9,234.3,1.544352404733471,8.0
260,296.0,2.432234432234432,185.32228856801652,185.32228856801652,2.3296703296703294,F-47,ST-80B,1,1st,6.9,234.3,1.544352404733471,8.0
261,295.0,2.446886446886447,186.86664097275,186.86664097275,2.3443223443223444,F-47,ST-80B,1,1st,6.9,234.3,1.544352404733471,8.0
262,294.0,2.4615384615384617,188.41099337748346,188.41099337748346,2.358974358974359,F-47,ST-80B,1,1st,6.9,234.3,1.544352404733471,8.0
263,293.0,2.4761904761904763,189.9553457822169,189.9553457822169,2.3736263736263736,F-47,ST-80B,1,1st,6.9,234.3,1.544352404733471,8.0
264,293.0,2.490842490842491,189.9553457822169,189.9553457822169,2.3882783882783882,F-47,ST-80B,1,1st,6.9,234.3,1.544352404733471,8.0
265,292.5,2.5054945054945055,190.72752198458366,190.72752198458366,2.402930402930403,F-47,ST-80B,1,1st,6.9,234.3,1.544352404733471,8.0
266,292.0,2.52014652014652,191.49969818695038,191.49969818695038,2.4175824175824174,F-47,ST-80B,1,1st,6.9,234.3,1.544352404733471,8.0
267,291.5,2.5347985347985347,192.27187438931713,192.27187438931713,2.432234432234432,F-47,ST-80B,1,1st,6.9,234.3,1.544352404733471,8.0
268,290.5,2.5494505494505493,193.8162267940506,193.8162267940506,2.4468864468864466,F-47,ST-80B,1,1st,6.9,234.3,1.544352404733471,8.0
269,290.0,2.5641025641025643,194.58840299641733,194.58840299641733,2.4615384615384617,F-47,ST-80B,1,1st,6.9,234.3,1.544352404733471,8.0
270,290.0,2.578754578754579,194.58840299641733,194.58840299641733,2.4761904761904763,F-47,ST-80B,1,1st,6.9,234.3,1.544352404733471,8.0
271,289.5,2.5934065934065935,195.36057919878408,195.36057919878408,2.490842490842491,F-47,ST-80B,1,1st,6.9,234.3,1.544352404733471,8.0
272,289.0,2.608058608058608,196.1327554011508,196.1327554011508,2.5054945054945055,F-47,ST-80B,1,1st,6.9,234.3,1.544352404733471,8.0
273,288.5,2.6227106227106227,196.90493160351755,196.90493160351755,2.52014652014652,F-47,ST-80B,1,1st,6.9,234.3,1.544352404733471,8.0
274,288.0,2.6373626373626373,197.67710780588428,197.67710780588428,2.5347985347985347,F-47,ST-80B,1,1st,6.9,234.3,1.544352404733471,8.0
275,287.5,2.652014652014652,198.449284008251,198.449284008251,2.5494505494505493,F-47,ST-80B,1,1st,6.9,234.3,1.544352404733471,8.0
276,287.0,2.6666666666666665,199.22146021061775,199.22146021061775,2.564102564102564,F-47,ST-80B,1,1st,6.9,234.3,1.544352404733471,8.0
277,287.0,2.681318681318681,199.22146021061775,199.22146021061775,2.5787545787545785,F-47,ST-80B,1,1st,6.9,234.3,1.544352404733471,8.0
278,286.5,2.695970695970696,199.99363641298447,199.99363641298447,2.5934065934065935,F-47,ST-80B,1,1st,6.9,234.3,1.544352404733471,8.0
279,286.0,2.7106227106227108,200.76581261535122,200.76581261535122,2.608058608058608,F-47,ST-80B,1,1st,6.9,234.3,1.544352404733471,8.0
280,285.5,2.7252747252747254,201.53798881771795,201.53798881771795,2.6227106227106227,F-47,ST-80B,1,1st,6.9,234.3,1.544352404733471,8.0
281,285.5,2.73992673992674,201.53798881771795,201.53798881771795,2.6373626373626373,F-47,ST-80B,1,1st,6.9,234.3,1.544352404733471,8.0
282,285.5,2.7545787545787546,201.53798881771795,201.53798881771795,2.652014652014652,F-47,ST-80B,1,1st,6.9,234.3,1.544352404733471,8.0
283,285.5,2.769230769230769,201.53798881771795,201.53798881771795,2.6666666666666665,F-47,ST-80B,1,1st,6.9,234.3,1.544352404733471,8.0
284,285.0,2.7838827838827838,202.3101650200847,202.3101650200847,2.681318681318681,F-47,ST-80B,1,1st,6.9,234.3,1.544352404733471,8.0
285,285.0,2.7985347985347984,202.3101650200847,202.3101650200847,2.6959706959706957,F-47,ST-80B,1,1st,6.9,234.3,1.544352404733471,8.0
286,284.5,2.8131868131868134,203.08234122245142,203.08234122245142,2.7106227106227108,F-47,ST-80B,1,1st,6.9,234.3,1.544352404733471,8.0
287,284.0,2.827838827838828,203.85451742481817,203.85451742481817,2.7252747252747254,F-47,ST-80B,1,1st,6.9,234.3,1.544352404733471,8.0
288,283.5,2.8424908424908426,204.6266936271849,204.6266936271849,2.73992673992674,F-47,ST-80B,1,1st,6.9,234.3,1.544352404733471,8.0
289,282.5,2.857142857142857,206.17104603191837,206.17104603191837,2.7545787545787546,F-47,ST-80B,1,1st,6.9,234.3,1.544352404733471,8.0
290,282.0,2.871794871794872,206.9432222342851,206.9432222342851,2.769230769230769,F-47,ST-80B,1,1st,6.9,234.3,1.544352404733471,8.0
291,282.0,2.8864468864468864,206.9432222342851,206.9432222342851,2.7838827838827838,F-47,ST-80B,1,1st,6.9,234.3,1.544352404733471,8.0
292,281.5,2.901098901098901,207.71539843665184,207.71539843665184,2.7985347985347984,F-47,ST-80B,1,1st,6.9,234.3,1.544352404733471,8.0
293,281.0,2.9157509157509156,208.48757463901856,208.48757463901856,2.813186813186813,F-47,ST-80B,1,1st,6.9,234.3,1.544352404733471,8.0
294,280.5,2.93040293040293,209.2597508413853,209.2597508413853,2.8278388278388276,F-47,ST-80B,1,1st,6.9,234.3,1.544352404733471,8.0
295,280.5,2.9450549450549453,209.2597508413853,209.2597508413853,2.8424908424908426,F-47,ST-80B,1,1st,6.9,234.3,1.544352404733471,8.0
296,280.5,2.95970695970696,209.2597508413853,209.2597508413853,2.857142857142857,F-47,ST-80B,1,1st,6.9,234.3,1.544352404733471,8.0
297,280.5,2.9743589743589745,209.2597508413853,209.2597508413853,2.871794871794872,F-47,ST-80B,1,1st,6.9,234.3,1.544352404733471,8.0
298,280.0,2.989010989010989,210.03192704375203,210.03192704375203,2.8864468864468864,F-47,ST-80B,1,1st,6.9,234.3,1.544352404733471,8.0
299,280.0,3.0036630036630036,210.03192704375203,210.03192704375203,2.901098901098901,F-47,ST-80B,1,1st,6.9,234.3,1.544352404733471,8.0
300,279.5,3.0183150183150182,210.80410324611879,210.80410324611879,2.9157509157509156,F-47,ST-80B,1,1st,6.9,234.3,1.544352404733471,8.0
301,279.0,3.032967032967033,211.5762794484855,211.5762794484855,2.93040293040293,F-47,ST-80B,1,1st,6.9,234.3,1.544352404733471,8.0
302,278.5,3.0476190476190474,212.34845565085226,212.34845565085226,2.945054945054945,F-47,ST-80B,1,1st,6.9,234.3,1.544352404733471,8.0
303,278.5,3.062271062271062,212.34845565085226,212.34845565085226,2.9597069597069594,F-47,ST-80B,1,1st,6.9,234.3,1.544352404733471,8.0
304,278.0,3.076923076923077,213.12063185321898,213.12063185321898,2.9743589743589745,F-47,ST-80B,1,1st,6.9,234.3,1.544352404733471,8.0
305,278.0,3.0915750915750917,213.12063185321898,213.12063185321898,2.989010989010989,F-47,ST-80B,1,1st,6.9,234.3,1.544352404733471,8.0
306,277.5,3.1062271062271063,213.89280805558573,213.89280805558573,3.0036630036630036,F-47,ST-80B,1,1st,6.9,234.3,1.544352404733471,8.0
307,277.0,3.120879120879121,214.66498425795245,214.66498425795245,3.0183150183150182,F-47,ST-80B,1,1st,6.9,234.3,1.544352404733471,8.0
308,276.5,3.1355311355311355,215.4371604603192,215.4371604603192,3.032967032967033,F-47,ST-80B,1,1st,6.9,234.3,1.544352404733471,8.0
309,276.0,3.15018315018315,216.20933666268593,216.20933666268593,3.0476190476190474,F-47,ST-80B,1,1st,6.9,234.3,1.544352404733471,8.0
310,275.5,3.1648351648351647,216.98151286505265,216.98151286505265,3.062271062271062,F-47,ST-80B,1,1st,6.9,234.3,1.544352404733471,8.0
311,275.0,3.1794871794871793,217.7536890674194,217.7536890674194,3.0769230769230766,F-47,ST-80B,1,1st,6.9,234.3,1.544352404733471,8.0
312,275.0,3.1941391941391943,217.7536890674194,217.7536890674194,3.0915750915750917,F-47,ST-80B,1,1st,6.9,234.3,1.544352404733471,8.0
313,274.5,3.208791208791209,218.52586526978612,218.52586526978612,3.1062271062271063,F-47,ST-80B,1,1st,6.9,234.3,1.544352404733471,8.0
314,274.0,3.2234432234432235,219.29804147215287,219.29804147215287,3.120879120879121,F-47,ST-80B,1,1st,6.9,234.3,1.544352404733471,8.0
315,274.0,3.238095238095238,219.29804147215287,219.29804147215287,3.1355311355311355,F-47,ST-80B,1,1st,6.9,234.3,1.544352404733471,8.0
316,274.0,3.2527472527472527,219.29804147215287,219.29804147215287,3.15018315018315,F-47,ST-80B,1,1st,6.9,234.3,1.544352404733471,8.0
317,274.0,3.2673992673992673,219.29804147215287,219.29804147215287,3.1648351648351647,F-47,ST-80B,1,1st,6.9,234.3,1.544352404733471,8.0
318,274.0,3.282051282051282,219.29804147215287,219.29804147215287,3.1794871794871793,F-47,ST-80B,1,1st,6.9,234.3,1.544352404733471,8.0
319,274.0,3.2967032967032965,219.29804147215287,219.29804147215287,3.194139194139194,F-47,ST-80B,1,1st,6.9,234.3,1.544352404733471,8.0
320,273.5,3.311355311355311,220.0702176745196,220.0702176745196,3.2087912087912085,F-47,ST-80B,1,1st,6.9,234.3,1.544352404733471,8.0
321,273.0,3.326007326007326,220.84239387688635,220.84239387688635,3.2234432234432235,F-47,ST-80B,1,1st,6.9,234.3,1.544352404733471,8.0
322,272.5,3.340659340659341,221.61457007925307,221.61457007925307,3.238095238095238,F-47,ST-80B,1,1st,6.9,234.3,1.544352404733471,8.0
323,272.0,3.3553113553113554,222.38674628161982,222.38674628161982,3.2527472527472527,F-47,ST-80B,1,1st,6.9,234.3,1.544352404733471,8.0
324,271.5,3.36996336996337,223.15892248398654,223.15892248398654,3.2673992673992673,F-47,ST-80B,1,1st,6.9,234.3,1.544352404733471,8.0
325,271.0,3.3846153846153846,223.9310986863533,223.9310986863533,3.282051282051282,F-47,ST-80B,1,1st,6.9,234.3,1.544352404733471,8.0
326,271.0,3.399267399267399,223.9310986863533,223.9310986863533,3.2967032967032965,F-47,ST-80B,1,1st,6.9,234.3,1.544352404733471,8.0
327,270.5,3.413919413919414,224.70327488872002,224.70327488872002,3.311355311355311,F-47,ST-80B,1,1st,6.9,234.3,1.544352404733471,8.0
328,270.5,3.4285714285714284,224.70327488872002,224.70327488872002,3.3260073260073257,F-47,ST-80B,1,1st,6.9,234.3,1.544352404733471,8.0
329,270.0,3.4432234432234434,225.47545109108674,225.47545109108674,3.340659340659341,F-47,ST-80B,1,1st,6.9,234.3,1.544352404733471,8.0
330,270.0,3.457875457875458,225.47545109108674,225.47545109108674,3.3553113553113554,F-47,ST-80B,1,1st,6.9,234.3,1.544352404733471,8.0
331,270.0,3.4725274725274726,225.47545109108674,225.47545109108674,3.36996336996337,F-47,ST-80B,1,1st,6.9,234.3,1.544352404733471,8.0
332,270.0,3.4871794871794872,225.47545109108674,225.47545109108674,3.3846153846153846,F-47,ST-80B,1,1st,6.9,234.3,1.544352404733471,8.0
333,269.5,3.501831501831502,226.2476272934535,225.47545109108674,3.399267399267399,F-47,ST-80B,1,1st,6.9,234.3,1.544352404733471,8.0
334,270.0,3.5164835164835164,225.47545109108674,226.2476272934535,3.413919413919414,F-47,ST-80B,1,1st,6.9,234.3,1.544352404733471,8.0
335,269.5,3.531135531135531,226.2476272934535,226.2476272934535,3.4285714285714284,F-47,ST-80B,1,1st,6.9,234.3,1.544352404733471,8.0
336,269.0,3.5457875457875456,227.0198034958202,227.0198034958202,3.443223443223443,F-47,ST-80B,1,1st,6.9,234.3,1.544352404733471,8.0
337,268.5,3.5604395604395602,227.79197969818696,227.79197969818696,3.4578754578754576,F-47,ST-80B,1,1st,6.9,234.3,1.544352404733471,8.0
338,268.5,3.5750915750915753,227.79197969818696,227.79197969818696,3.4725274725274726,F-47,ST-80B,1,1st,6.9,234.3,1.544352404733471,8.0
339,268.0,3.58974358974359,228.5641559005537,228.5641559005537,3.4871794871794872,F-47,ST-80B,1,1st,6.9,234.3,1.544352404733471,8.0
340,268.0,3.6043956043956045,228.5641559005537,228.5641559005537,3.501831501831502,F-47,ST-80B,1,1st,6.9,234.3,1.544352404733471,8.0
341,267.5,3.619047619047619,229.33633210292044,229.33633210292044,3.5164835164835164,F-47,ST-80B,1,1st,6.9,234.3,1.544352404733471,8.0
342,267.0,3.6336996336996337,230.10850830528716,230.10850830528716,3.531135531135531,F-47,ST-80B,1,1st,6.9,234.3,1.544352404733471,8.0
343,266.5,3.6483516483516483,230.8806845076539,230.8806845076539,3.5457875457875456,F-47,ST-80B,1,1st,6.9,234.3,1.544352404733471,8.0
344,266.5,3.663003663003663,230.8806845076539,230.8806845076539,3.5604395604395602,F-47,ST-80B,1,1st,6.9,234.3,1.544352404733471,8.0
345,265.0,3.6776556776556775,233.1972131147541,233.1972131147541,3.575091575091575,F-47,ST-80B,1,1st,6.9,234.3,1.544352404733471,8.0
346,265.0,3.6923076923076925,233.1972131147541,233.1972131147541,3.58974358974359,F-47,ST-80B,1,1st,6.9,234.3,1.544352404733471,8.0
347,264.5,3.706959706959707,233.96938931712083,233.1972131147541,3.6043956043956045,F-47,ST-80B,1,1st,6.9,234.3,1.544352404733471,8.0
348,265.0,3.7216117216117217,233.1972131147541,233.1972131147541,3.619047619047619,F-47,ST-80B,1,1st,6.9,234.3,1.544352404733471,8.0
349,265.5,3.7362637362637363,232.42503691238738,232.42503691238738,3.6336996336996337,F-47,ST-80B,1,1st,6.9,234.3,1.544352404733471,8.0
350,265.5,3.750915750915751,232.42503691238738,232.42503691238738,3.6483516483516483,F-47,ST-80B,1,1st,6.9,234.3,1.544352404733471,8.0
351,265.5,3.7655677655677655,232.42503691238738,232.42503691238738,3.663003663003663,F-47,ST-80B,1,1st,6.9,234.3,1.544352404733471,8.0
352,265.5,3.78021978021978,232.42503691238738,232.42503691238738,3.6776556776556775,F-47,ST-80B,1,1st,6.9,234.3,1.544352404733471,8.0
293,397.5,2.9157509157509156,28.57051948756921,32.04531239821952,0.0,F-47,ST-80B,2,2nd,6.9,297.9,1.544352404733471,8.0
294,397.5,2.93040293040293,28.57051948756921,35.52010530886983,0.0146520146520146,F-47,ST-80B,2,2nd,6.9,297.9,1.544352404733471,8.0
295,393.0,2.9450549450549453,35.52010530886983,38.2227220171534,0.029304029304029644,F-47,ST-80B,2,2nd,6.9,297.9,1.544352404733471,8.0
296,389.5,2.95970695970696,40.92533872543698,40.92533872543698,0.043956043956044244,F-47,ST-80B,2,2nd,6.9,297.9,1.544352404733471,8.0
297,389.5,2.9743589743589745,40.92533872543698,40.92533872543698,0.058608058608058844,F-47,ST-80B,2,2nd,6.9,297.9,1.544352404733471,8.0
298,389.5,2.989010989010989,40.92533872543698,40.92533872543698,0.07326007326007344,F-47,ST-80B,2,2nd,6.9,297.9,1.544352404733471,8.0
299,387.0,3.0036630036630036,44.786219737270656,44.786219737270656,0.08791208791208804,F-47,ST-80B,2,2nd,6.9,297.9,1.544352404733471,8.0
300,387.0,3.0183150183150182,44.786219737270656,44.786219737270656,0.10256410256410264,F-47,ST-80B,2,2nd,6.9,297.9,1.544352404733471,8.0
301,382.0,3.032967032967033,52.50798176093801,52.50798176093801,0.11721611721611724,F-47,ST-80B,2,2nd,6.9,297.9,1.544352404733471,8.0
302,382.0,3.0476190476190474,52.50798176093801,52.50798176093801,0.13186813186813184,F-47,ST-80B,2,2nd,6.9,297.9,1.544352404733471,8.0
303,375.0,3.062271062271062,63.31844859407231,63.31844859407231,0.14652014652014644,F-47,ST-80B,2,2nd,6.9,297.9,1.544352404733471,8.0
304,372.5,3.076923076923077,67.17932960590599,67.17932960590599,0.1611721611721615,F-47,ST-80B,2,2nd,6.9,297.9,1.544352404733471,8.0
305,369.0,3.0915750915750917,72.58456302247313,72.58456302247313,0.1758241758241761,F-47,ST-80B,2,2nd,6.9,297.9,1.544352404733471,8.0
306,363.5,3.1062271062271063,81.07850124850722,81.07850124850722,0.1904761904761907,F-47,ST-80B,2,2nd,6.9,297.9,1.544352404733471,8.0
307,361.0,3.120879120879121,84.9393822603409,84.9393822603409,0.2051282051282053,F-47,ST-80B,2,2nd,6.9,297.9,1.544352404733471,8.0
308,356.5,3.1355311355311355,91.88896808164152,91.88896808164152,0.2197802197802199,F-47,ST-80B,2,2nd,6.9,297.9,1.544352404733471,8.0
309,354.5,3.15018315018315,94.97767289110845,94.97767289110845,0.2344322344322345,F-47,ST-80B,2,2nd,6.9,297.9,1.544352404733471,8.0
310,354.5,3.1648351648351647,94.97767289110845,94.97767289110845,0.2490842490842491,F-47,ST-80B,2,2nd,6.9,297.9,1.544352404733471,8.0
311,350.0,3.1794871794871793,101.92725871240908,101.92725871240908,0.2637362637362637,F-47,ST-80B,2,2nd,6.9,297.9,1.544352404733471,8.0
312,350.0,3.1941391941391943,101.92725871240908,101.92725871240908,0.27838827838827873,F-47,ST-80B,2,2nd,6.9,297.9,1.544352404733471,8.0
313,345.5,3.208791208791209,108.8768445337097,108.8768445337097,0.29304029304029333,F-47,ST-80B,2,2nd,6.9,297.9,1.544352404733471,8.0
314,343.0,3.2234432234432235,112.73772554554337,112.73772554554337,0.30769230769230793,F-47,ST-80B,2,2nd,6.9,297.9,1.544352404733471,8.0
315,340.5,3.238095238095238,116.59860655737705,116.59860655737705,0.32234432234432253,F-47,ST-80B,2,2nd,6.9,297.9,1.544352404733471,8.0
316,337.0,3.2527472527472527,122.0038399739442,122.0038399739442,0.33699633699633713,F-47,ST-80B,2,2nd,6.9,297.9,1.544352404733471,8.0
317,337.0,3.2673992673992673,122.0038399739442,122.0038399739442,0.35164835164835173,F-47,ST-80B,2,2nd,6.9,297.9,1.544352404733471,8.0
318,330.5,3.282051282051282,132.04213060471176,132.04213060471176,0.36630036630036633,F-47,ST-80B,2,2nd,6.9,297.9,1.544352404733471,8.0
319,330.5,3.2967032967032965,132.04213060471176,132.04213060471176,0.38095238095238093,F-47,ST-80B,2,2nd,6.9,297.9,1.544352404733471,8.0
320,329.0,3.311355311355311,134.35865921181198,134.35865921181198,0.39560439560439553,F-47,ST-80B,2,2nd,6.9,297.9,1.544352404733471,8.0
321,327.0,3.326007326007326,137.4473640212789,137.4473640212789,0.4102564102564106,F-47,ST-80B,2,2nd,6.9,297.9,1.544352404733471,8.0
322,325.0,3.340659340659341,140.53606883074585,140.53606883074585,0.4249084249084252,F-47,ST-80B,2,2nd,6.9,297.9,1.544352404733471,8.0
323,321.0,3.3553113553113554,146.71347844967974,146.71347844967974,0.4395604395604398,F-47,ST-80B,2,2nd,6.9,297.9,1.544352404733471,8.0
324,321.0,3.36996336996337,146.71347844967974,146.71347844967974,0.4542124542124544,F-47,ST-80B,2,2nd,6.9,297.9,1.544352404733471,8.0
325,318.0,3.3846153846153846,151.34653566388016,151.34653566388016,0.468864468864469,F-47,ST-80B,2,2nd,6.9,297.9,1.544352404733471,8.0
326,314.0,3.399267399267399,157.52394528281403,157.52394528281403,0.4835164835164836,F-47,ST-80B,2,2nd,6.9,297.9,1.544352404733471,8.0
327,314.0,3.413919413919414,157.52394528281403,157.52394528281403,0.4981684981684982,F-47,ST-80B,2,2nd,6.9,297.9,1.544352404733471,8.0
328,311.5,3.4285714285714284,161.38482629464772,161.38482629464772,0.5128205128205128,F-47,ST-80B,2,2nd,6.9,297.9,1.544352404733471,8.0
329,311.5,3.4432234432234434,161.38482629464772,161.38482629464772,0.5274725274725278,F-47,ST-80B,2,2nd,6.9,297.9,1.544352404733471,8.0
330,309.5,3.457875457875458,164.47353110411464,164.47353110411464,0.5421245421245424,F-47,ST-80B,2,2nd,6.9,297.9,1.544352404733471,8.0
331,307.5,3.4725274725274726,167.5622359135816,167.5622359135816,0.556776556776557,F-47,ST-80B,2,2nd,6.9,297.9,1.544352404733471,8.0
332,304.0,3.4871794871794872,172.96746933014873,172.96746933014873,0.5714285714285716,F-47,ST-80B,2,2nd,6.9,297.9,1.544352404733471,8.0
333,301.0,3.501831501831502,177.60052654434915,177.60052654434915,0.5860805860805862,F-47,ST-80B,2,2nd,6.9,297.9,1.544352404733471,8.0
334,301.0,3.5164835164835164,177.60052654434915,177.60052654434915,0.6007326007326008,F-47,ST-80B,2,2nd,6.9,297.9,1.544352404733471,8.0
335,297.5,3.531135531135531,183.0057599609163,183.0057599609163,0.6153846153846154,F-47,ST-80B,2,2nd,6.9,297.9,1.544352404733471,8.0
336,296.5,3.5457875457875456,184.55011236564977,184.55011236564977,0.63003663003663,F-47,ST-80B,2,2nd,6.9,297.9,1.544352404733471,8.0
337,295.0,3.5604395604395602,186.86664097275,186.86664097275,0.6446886446886446,F-47,ST-80B,2,2nd,6.9,297.9,1.544352404733471,8.0
338,293.0,3.5750915750915753,189.9553457822169,189.9553457822169,0.6593406593406597,F-47,ST-80B,2,2nd,6.9,297.9,1.544352404733471,8.0
339,291.5,3.58974358974359,192.27187438931713,192.27187438931713,0.6739926739926743,F-47,ST-80B,2,2nd,6.9,297.9,1.544352404733471,8.0
340,290.5,3.6043956043956045,193.8162267940506,193.8162267940506,0.6886446886446889,F-47,ST-80B,2,2nd,6.9,297.9,1.544352404733471,8.0
341,288.5,3.619047619047619,196.90493160351755,196.90493160351755,0.7032967032967035,F-47,ST-80B,2,2nd,6.9,297.9,1.544352404733471,8.0
342,285.5,3.6336996336996337,201.53798881771795,201.53798881771795,0.7179487179487181,F-47,ST-80B,2,2nd,6.9,297.9,1.544352404733471,8.0
343,282.5,3.6483516483516483,206.17104603191837,206.17104603191837,0.7326007326007327,F-47,ST-80B,2,2nd,6.9,297.9,1.544352404733471,8.0
344,282.5,3.663003663003663,206.17104603191837,206.17104603191837,0.7472527472527473,F-47,ST-80B,2,2nd,6.9,297.9,1.544352404733471,8.0
345,279.5,3.6776556776556775,210.80410324611879,210.80410324611879,0.7619047619047619,F-47,ST-80B,2,2nd,6.9,297.9,1.544352404733471,8.0
346,279.5,3.6923076923076925,210.80410324611879,210.80410324611879,0.7765567765567769,F-47,ST-80B,2,2nd,6.9,297.9,1.544352404733471,8.0
347,278.0,3.706959706959707,213.12063185321898,213.12063185321898,0.7912087912087915,F-47,ST-80B,2,2nd,6.9,297.9,1.544352404733471,8.0
348,278.0,3.7216117216117217,213.12063185321898,213.12063185321898,0.8058608058608061,F-47,ST-80B,2,2nd,6.9,297.9,1.544352404733471,8.0
349,277.0,3.7362637362637363,214.66498425795245,214.66498425795245,0.8205128205128207,F-47,ST-80B,2,2nd,6.9,297.9,1.544352404733471,8.0
350,275.5,3.750915750915751,216.98151286505265,216.98151286505265,0.8351648351648353,F-47,ST-80B,2,2nd,6.9,297.9,1.544352404733471,8.0
351,275.5,3.7655677655677655,216.98151286505265,216.98151286505265,0.8498168498168499,F-47,ST-80B,2,2nd,6.9,297.9,1.544352404733471,8.0
352,274.0,3.78021978021978,219.29804147215287,219.29804147215287,0.8644688644688645,F-47,ST-80B,2,2nd,6.9,297.9,1.544352404733471,8.0
353,268.0,3.7948717948717947,228.5641559005537,228.5641559005537,0.8791208791208791,F-47,ST-80B,2,2nd,6.9,297.9,1.544352404733471,8.0
354,268.0,3.8095238095238093,228.5641559005537,228.5641559005537,0.8937728937728937,F-47,ST-80B,2,2nd,6.9,297.9,1.544352404733471,8.0
355,264.5,3.8241758241758244,233.96938931712083,233.96938931712083,0.9084249084249088,F-47,ST-80B,2,2nd,6.9,297.9,1.544352404733471,8.0
356,263.5,3.838827838827839,235.5137417218543,235.5137417218543,0.9230769230769234,F-47,ST-80B,2,2nd,6.9,297.9,1.544352404733471,8.0
357,263.5,3.8534798534798536,235.5137417218543,235.5137417218543,0.937728937728938,F-47,ST-80B,2,2nd,6.9,297.9,1.544352404733471,8.0
358,263.5,3.868131868131868,235.5137417218543,235.5137417218543,0.9523809523809526,F-47,ST-80B,2,2nd,6.9,297.9,1.544352404733471,8.0
359,259.0,3.8827838827838828,242.46332754315495,242.46332754315495,0.9670329670329672,F-47,ST-80B,2,2nd,6.9,297.9,1.544352404733471,8.0
360,259.0,3.8974358974358974,242.46332754315495,242.46332754315495,0.9816849816849818,F-47,ST-80B,2,2nd,6.9,297.9,1.544352404733471,8.0
361,259.0,3.912087912087912,242.46332754315495,242.46332754315495,0.9963369963369964,F-47,ST-80B,2,2nd,6.9,297.9,1.544352404733471,8.0
362,259.0,3.9267399267399266,242.46332754315495,242.46332754315495,1.010989010989011,F-47,ST-80B,2,2nd,6.9,297.9,1.544352404733471,8.0
363,254.5,3.9413919413919416,249.41291336445556,249.41291336445556,1.025641025641026,F-47,ST-80B,2,2nd,6.9,297.9,1.544352404733471,8.0
364,254.5,3.956043956043956,249.41291336445556,249.41291336445556,1.0402930402930406,F-47,ST-80B,2,2nd,6.9,297.9,1.544352404733471,8.0
365,250.5,3.970695970695971,255.59032298338943,255.59032298338943,1.0549450549450552,F-47,ST-80B,2,2nd,6.9,297.9,1.544352404733471,8.0
366,250.5,3.9853479853479854,255.59032298338943,255.59032298338943,1.0695970695970698,F-47,ST-80B,2,2nd,6.9,297.9,1.544352404733471,8.0
367,250.5,4.0,255.59032298338943,255.59032298338943,1.0842490842490844,F-47,ST-80B,2,2nd,6.9,297.9,1.544352404733471,8.0
368,250.5,4.014652014652015,255.59032298338943,255.59032298338943,1.098901098901099,F-47,ST-80B,2,2nd,6.9,297.9,1.544352404733471,8.0
369,247.0,4.029304029304029,260.99555639995657,260.99555639995657,1.1135531135531136,F-47,ST-80B,2,2nd,6.9,297.9,1.544352404733471,8.0
370,246.5,4.043956043956044,261.7677326023233,261.7677326023233,1.1282051282051282,F-47,ST-80B,2,2nd,6.9,297.9,1.544352404733471,8.0
371,246.5,4.058608058608058,261.7677326023233,261.7677326023233,1.1428571428571428,F-47,ST-80B,2,2nd,6.9,297.9,1.544352404733471,8.0
372,246.5,4.073260073260073,261.7677326023233,261.7677326023233,1.1575091575091574,F-47,ST-80B,2,2nd,6.9,297.9,1.544352404733471,8.0
373,243.5,4.087912087912088,266.40078981652374,266.40078981652374,1.172161172161172,F-47,ST-80B,2,2nd,6.9,297.9,1.544352404733471,8.0
374,243.5,4.102564102564102,266.40078981652374,266.40078981652374,1.1868131868131866,F-47,ST-80B,2,2nd,6.9,297.9,1.544352404733471,8.0
375,241.0,4.117216117216117,270.2616708283574,270.2616708283574,1.2014652014652012,F-47,ST-80B,2,2nd,6.9,297.9,1.544352404733471,8.0
376,240.5,4.131868131868132,271.03384703072413,271.03384703072413,1.2161172161172167,F-47,ST-80B,2,2nd,6.9,297.9,1.544352404733471,8.0
377,240.5,4.146520146520147,271.03384703072413,271.03384703072413,1.2307692307692313,F-47,ST-80B,2,2nd,6.9,297.9,1.544352404733471,8.0
378,240.5,4.1611721611721615,271.03384703072413,271.03384703072413,1.2454212454212459,F-47,ST-80B,2,2nd,6.9,297.9,1.544352404733471,8.0
379,240.5,4.175824175824176,271.03384703072413,271.03384703072413,1.2600732600732605,F-47,ST-80B,2,2nd,6.9,297.9,1.544352404733471,8.0
380,237.5,4.190476190476191,275.6669042449246,275.6669042449246,1.274725274725275,F-47,ST-80B,2,2nd,6.9,297.9,1.544352404733471,8.0
381,237.0,4.205128205128205,276.4390804472913,276.4390804472913,1.2893772893772897,F-47,ST-80B,2,2nd,6.9,297.9,1.544352404733471,8.0
382,236.5,4.21978021978022,277.211256649658,277.211256649658,1.3040293040293043,F-47,ST-80B,2,2nd,6.9,297.9,1.544352404733471,8.0
383,234.5,4.2344322344322345,280.299961459125,280.299961459125,1.3186813186813189,F-47,ST-80B,2,2nd,6.9,297.9,1.544352404733471,8.0
384,234.5,4.249084249084249,280.299961459125,280.299961459125,1.3333333333333335,F-47,ST-80B,2,2nd,6.9,297.9,1.544352404733471,8.0
385,234.5,4.263736263736264,280.299961459125,280.299961459125,1.347985347985348,F-47,ST-80B,2,2nd,6.9,297.9,1.544352404733471,8.0
386,230.0,4.278388278388278,287.2495472804256,287.2495472804256,1.3626373626373627,F-47,ST-80B,2,2nd,6.9,297.9,1.544352404733471,8.0
387,229.5,4.293040293040293,288.0217234827923,288.0217234827923,1.3772893772893773,F-47,ST-80B,2,2nd,6.9,297.9,1.544352404733471,8.0
388,229.5,4.3076923076923075,288.0217234827923,288.0217234827923,1.3919413919413919,F-47,ST-80B,2,2nd,6.9,297.9,1.544352404733471,8.0
389,229.5,4.322344322344322,288.0217234827923,288.0217234827923,1.4065934065934065,F-47,ST-80B,2,2nd,6.9,297.9,1.544352404733471,8.0
390,229.0,4.336996336996337,288.79389968515903,288.0217234827923,1.421245421245421,F-47,ST-80B,2,2nd,6.9,297.9,1.544352404733471,8.0
391,229.0,4.351648351648351,288.79389968515903,288.0217234827923,1.4358974358974357,F-47,ST-80B,2,2nd,6.9,297.9,1.544352404733471,8.0
392,231.5,4.366300366300366,284.93301867332536,284.93301867332536,1.4505494505494503,F-47,ST-80B,2,2nd,6.9,297.9,1.544352404733471,8.0
393,231.5,4.380952380952381,284.93301867332536,284.93301867332536,1.4652014652014658,F-47,ST-80B,2,2nd,6.9,297.9,1.544352404733471,8.0
394,231.5,4.395604395604396,284.93301867332536,284.93301867332536,1.4798534798534804,F-47,ST-80B,2,2nd,6.9,297.9,1.544352404733471,8.0
395,231.5,4.410256410256411,284.93301867332536,284.93301867332536,1.494505494505495,F-47,ST-80B,2,2nd,6.9,297.9,1.544352404733471,8.0
323,406.5,3.3553113553113554,14.671347844967974,18.53222885680165,0.0,F-47,ST-80B,3,3rd,55.2,389.9,1.544352404733471,8.0
324,405.5,3.36996336996337,16.215700249701445,20.84875746390186,0.0146520146520146,F-47,ST-80B,3,3rd,55.2,389.9,1.544352404733471,8.0
325,402.5,3.3846153846153846,20.84875746390186,23.551374172185433,0.0293040293040292,F-47,ST-80B,3,3rd,55.2,389.9,1.544352404733471,8.0
326,399.0,3.399267399267399,26.253990880469004,26.253990880469004,0.0439560439560438,F-47,ST-80B,3,3rd,55.2,389.9,1.544352404733471,8.0
327,398.5,3.413919413919414,27.02616708283574,27.02616708283574,0.0586080586080584,F-47,ST-80B,3,3rd,55.2,389.9,1.544352404733471,8.0
328,396.5,3.4285714285714284,30.114871892302684,30.114871892302684,0.073260073260073,F-47,ST-80B,3,3rd,55.2,389.9,1.544352404733471,8.0
329,395.5,3.4432234432234434,31.659224297036154,31.659224297036154,0.08791208791208804,F-47,ST-80B,3,3rd,55.2,389.9,1.544352404733471,8.0
330,393.0,3.457875457875458,35.52010530886983,35.52010530886983,0.10256410256410264,F-47,ST-80B,3,3rd,55.2,389.9,1.544352404733471,8.0
331,392.0,3.4725274725274726,37.0644577136033,37.0644577136033,0.11721611721611724,F-47,ST-80B,3,3rd,55.2,389.9,1.544352404733471,8.0
332,384.5,3.4871794871794872,48.64710074910433,48.64710074910433,0.13186813186813184,F-47,ST-80B,3,3rd,55.2,389.9,1.544352404733471,8.0
333,382.5,3.501831501831502,51.73580555857127,51.73580555857127,0.14652014652014644,F-47,ST-80B,3,3rd,55.2,389.9,1.544352404733471,8.0
334,378.5,3.5164835164835164,57.91321517750516,57.91321517750516,0.16117216117216104,F-47,ST-80B,3,3rd,55.2,389.9,1.544352404733471,8.0
335,376.5,3.531135531135531,61.0019199869721,61.0019199869721,0.17582417582417564,F-47,ST-80B,3,3rd,55.2,389.9,1.544352404733471,8.0
336,372.0,3.5457875457875456,67.95150580827271,67.95150580827271,0.19047619047619024,F-47,ST-80B,3,3rd,55.2,389.9,1.544352404733471,8.0
337,371.0,3.5604395604395602,69.49585821300619,69.49585821300619,0.20512820512820484,F-47,ST-80B,3,3rd,55.2,389.9,1.544352404733471,8.0
338,366.5,3.5750915750915753,76.4454440343068,76.4454440343068,0.2197802197802199,F-47,ST-80B,3,3rd,55.2,389.9,1.544352404733471,8.0
339,363.5,3.58974358974359,81.07850124850722,81.07850124850722,0.2344322344322345,F-47,ST-80B,3,3rd,55.2,389.9,1.544352404733471,8.0
340,359.5,3.6043956043956045,87.2559108674411,87.2559108674411,0.2490842490842491,F-47,ST-80B,3,3rd,55.2,389.9,1.544352404733471,8.0
341,358.0,3.619047619047619,89.57243947454131,89.57243947454131,0.2637362637362637,F-47,ST-80B,3,3rd,55.2,389.9,1.544352404733471,8.0
342,351.0,3.6336996336996337,100.38290630767561,100.38290630767561,0.2783882783882783,F-47,ST-80B,3,3rd,55.2,389.9,1.544352404733471,8.0
343,350.0,3.6483516483516483,101.92725871240908,101.92725871240908,0.2930402930402929,F-47,ST-80B,3,3rd,55.2,389.9,1.544352404733471,8.0
344,345.5,3.663003663003663,108.8768445337097,108.8768445337097,0.3076923076923075,F-47,ST-80B,3,3rd,55.2,389.9,1.544352404733471,8.0
345,344.5,3.6776556776556775,110.42119693844317,110.42119693844317,0.3223443223443221,F-47,ST-80B,3,3rd,55.2,389.9,1.544352404733471,8.0
346,341.0,3.6923076923076925,115.82643035501032,115.82643035501032,0.33699633699633713,F-47,ST-80B,3,3rd,55.2,389.9,1.544352404733471,8.0
347,340.0,3.706959706959707,117.37078275974379,117.37078275974379,0.35164835164835173,F-47,ST-80B,3,3rd,55.2,389.9,1.544352404733471,8.0
348,335.5,3.7216117216117217,124.3203685810444,124.3203685810444,0.36630036630036633,F-47,ST-80B,3,3rd,55.2,389.9,1.544352404733471,8.0
349,332.0,3.7362637362637363,129.72560199761156,129.72560199761156,0.38095238095238093,F-47,ST-80B,3,3rd,55.2,389.9,1.544352404733471,8.0
350,331.0,3.750915750915751,131.26995440234504,131.26995440234504,0.39560439560439553,F-47,ST-80B,3,3rd,55.2,389.9,1.544352404733471,8.0
351,328.0,3.7655677655677655,135.90301161654543,135.90301161654543,0.41025641025641013,F-47,ST-80B,3,3rd,55.2,389.9,1.544352404733471,8.0
352,324.0,3.78021978021978,142.08042123547932,142.08042123547932,0.42490842490842473,F-47,ST-80B,3,3rd,55.2,389.9,1.544352404733471,8.0
353,321.5,3.7948717948717947,145.941302247313,145.941302247313,0.43956043956043933,F-47,ST-80B,3,3rd,55.2,389.9,1.544352404733471,8.0
354,316.5,3.8095238095238093,153.66306427098036,153.66306427098036,0.45421245421245393,F-47,ST-80B,3,3rd,55.2,389.9,1.544352404733471,8.0
355,315.5,3.8241758241758244,155.20741667571383,155.20741667571383,0.468864468864469,F-47,ST-80B,3,3rd,55.2,389.9,1.544352404733471,8.0
356,312.0,3.838827838827839,160.61265009228097,160.61265009228097,0.4835164835164836,F-47,ST-80B,3,3rd,55.2,389.9,1.544352404733471,8.0
357,311.0,3.8534798534798536,162.15700249701445,162.15700249701445,0.4981684981684982,F-47,ST-80B,3,3rd,55.2,389.9,1.544352404733471,8.0
358,307.5,3.868131868131868,167.5622359135816,167.5622359135816,0.5128205128205128,F-47,ST-80B,3,3rd,55.2,389.9,1.544352404733471,8.0
359,306.5,3.8827838827838828,169.10658831831506,169.10658831831506,0.5274725274725274,F-47,ST-80B,3,3rd,55.2,389.9,1.544352404733471,8.0
360,305.5,3.8974358974358974,170.65094072304854,170.65094072304854,0.542124542124542,F-47,ST-80B,3,3rd,55.2,389.9,1.544352404733471,8.0
361,303.0,3.912087912087912,174.5118217348822,174.5118217348822,0.5567765567765566,F-47,ST-80B,3,3rd,55.2,389.9,1.544352404733471,8.0
362,300.0,3.9267399267399266,179.14487894908262,179.14487894908262,0.5714285714285712,F-47,ST-80B,3,3rd,55.2,389.9,1.544352404733471,8.0
363,294.5,3.9413919413919416,187.6388171751167,187.6388171751167,0.5860805860805862,F-47,ST-80B,3,3rd,55.2,389.9,1.544352404733471,8.0
364,290.0,3.956043956043956,194.58840299641733,194.58840299641733,0.6007326007326008,F-47,ST-80B,3,3rd,55.2,389.9,1.544352404733471,8.0
365,289.0,3.970695970695971,196.1327554011508,196.1327554011508,0.6153846153846154,F-47,ST-80B,3,3rd,55.2,389.9,1.544352404733471,8.0
366,286.0,3.9853479853479854,200.76581261535122,200.76581261535122,0.63003663003663,F-47,ST-80B,3,3rd,55.2,389.9,1.544352404733471,8.0
367,285.0,4.0,202.3101650200847,202.3101650200847,0.6446886446886446,F-47,ST-80B,3,3rd,55.2,389.9,1.544352404733471,8.0
368,282.0,4.014652014652015,206.9432222342851,206.9432222342851,0.6593406593406592,F-47,ST-80B,3,3rd,55.2,389.9,1.544352404733471,8.0
369,281.0,4.029304029304029,208.48757463901856,208.48757463901856,0.6739926739926738,F-47,ST-80B,3,3rd,55.2,389.9,1.544352404733471,8.0
370,280.0,4.043956043956044,210.03192704375203,210.03192704375203,0.6886446886446884,F-47,ST-80B,3,3rd,55.2,389.9,1.544352404733471,8.0
371,277.5,4.058608058608058,213.89280805558573,213.89280805558573,0.703296703296703,F-47,ST-80B,3,3rd,55.2,389.9,1.544352404733471,8.0
372,274.0,4.073260073260073,219.29804147215287,219.29804147215287,0.7179487179487176,F-47,ST-80B,3,3rd,55.2,389.9,1.544352404733471,8.0
373,269.5,4.087912087912088,226.2476272934535,226.2476272934535,0.7326007326007322,F-47,ST-80B,3,3rd,55.2,389.9,1.544352404733471,8.0
374,266.5,4.102564102564102,230.8806845076539,230.8806845076539,0.7472527472527468,F-47,ST-80B,3,3rd,55.2,389.9,1.544352404733471,8.0
375,265.5,4.117216117216117,232.42503691238738,232.42503691238738,0.7619047619047614,F-47,ST-80B,3,3rd,55.2,389.9,1.544352404733471,8.0
376,262.5,4.131868131868132,237.05809412658778,237.05809412658778,0.7765567765567769,F-47,ST-80B,3,3rd,55.2,389.9,1.544352404733471,8.0
377,262.0,4.146520146520147,237.83027032895453,237.83027032895453,0.7912087912087915,F-47,ST-80B,3,3rd,55.2,389.9,1.544352404733471,8.0
378,259.5,4.1611721611721615,241.6911513407882,241.6911513407882,0.8058608058608061,F-47,ST-80B,3,3rd,55.2,389.9,1.544352404733471,8.0
379,258.5,4.175824175824176,243.23550374552167,243.23550374552167,0.8205128205128207,F-47,ST-80B,3,3rd,55.2,389.9,1.544352404733471,8.0
380,257.5,4.190476190476191,244.77985615025514,244.77985615025514,0.8351648351648353,F-47,ST-80B,3,3rd,55.2,389.9,1.544352404733471,8.0
381,254.5,4.205128205128205,249.41291336445556,249.41291336445556,0.8498168498168499,F-47,ST-80B,3,3rd,55.2,389.9,1.544352404733471,8.0
382,252.0,4.21978021978022,253.27379437628923,253.27379437628923,0.8644688644688645,F-47,ST-80B,3,3rd,55.2,389.9,1.544352404733471,8.0
383,250.0,4.2344322344322345,256.3624991857562,256.3624991857562,0.8791208791208791,F-47,ST-80B,3,3rd,55.2,389.9,1.544352404733471,8.0
384,246.5,4.249084249084249,261.7677326023233,261.7677326023233,0.8937728937728937,F-47,ST-80B,3,3rd,55.2,389.9,1.544352404733471,8.0
385,245.5,4.263736263736264,263.3120850070568,263.3120850070568,0.9084249084249083,F-47,ST-80B,3,3rd,55.2,389.9,1.544352404733471,8.0
386,239.5,4.278388278388278,272.57819943545763,272.57819943545763,0.9230769230769229,F-47,ST-80B,3,3rd,55.2,389.9,1.544352404733471,8.0
387,237.0,4.293040293040293,276.4390804472913,276.4390804472913,0.9377289377289375,F-47,ST-80B,3,3rd,55.2,389.9,1.544352404733471,8.0
388,234.5,4.3076923076923075,280.299961459125,280.299961459125,0.9523809523809521,F-47,ST-80B,3,3rd,55.2,389.9,1.544352404733471,8.0
389,233.5,4.322344322344322,281.8443138638584,281.8443138638584,0.9670329670329667,F-47,ST-80B,3,3rd,55.2,389.9,1.544352404733471,8.0
390,231.5,4.336996336996337,284.93301867332536,284.93301867332536,0.9816849816849813,F-47,ST-80B,3,3rd,55.2,389.9,1.544352404733471,8.0
391,230.5,4.351648351648351,286.47737107805887,286.47737107805887,0.9963369963369959,F-47,ST-80B,3,3rd,55.2,389.9,1.544352404733471,8.0
392,229.5,4.366300366300366,288.0217234827923,288.0217234827923,1.0109890109890105,F-47,ST-80B,3,3rd,55.2,389.9,1.544352404733471,8.0
393,225.0,4.380952380952381,294.9713093040929,294.9713093040929,1.025641025641026,F-47,ST-80B,3,3rd,55.2,389.9,1.544352404733471,8.0
394,222.5,4.395604395604396,298.8321903159266,298.8321903159266,1.0402930402930406,F-47,ST-80B,3,3rd,55.2,389.9,1.544352404733471,8.0
395,221.5,4.410256410256411,300.3765427206601,300.3765427206601,1.0549450549450552,F-47,ST-80B,3,3rd,55.2,389.9,1.544352404733471,8.0
396,221.5,4.424908424908425,300.3765427206601,300.3765427206601,1.0695970695970698,F-47,ST-80B,3,3rd,55.2,389.9,1.544352404733471,8.0
397,221.5,4.43956043956044,300.3765427206601,300.3765427206601,1.0842490842490844,F-47,ST-80B,3,3rd,55.2,389.9,1.544352404733471,8.0
398,220.5,4.454212454212454,301.92089512539354,301.92089512539354,1.098901098901099,F-47,ST-80B,3,3rd,55.2,389.9,1.544352404733471,8.0
399,217.0,4.468864468864469,307.3261285419607,307.3261285419607,1.1135531135531136,F-47,ST-80B,3,3rd,55.2,389.9,1.544352404733471,8.0
400,214.5,4.483516483516484,311.1870095537944,311.1870095537944,1.1282051282051282,F-47,ST-80B,3,3rd,55.2,389.9,1.544352404733471,8.0
401,213.0,4.498168498168498,313.5035381608946,313.5035381608946,1.1428571428571428,F-47,ST-80B,3,3rd,55.2,389.9,1.544352404733471,8.0
402,212.0,4.512820512820513,315.04789056562805,315.04789056562805,1.1575091575091574,F-47,ST-80B,3,3rd,55.2,389.9,1.544352404733471,8.0
403,211.5,4.527472527472527,315.8200667679948,315.8200667679948,1.172161172161172,F-47,ST-80B,3,3rd,55.2,389.9,1.544352404733471,8.0
404,211.0,4.542124542124542,316.59224297036155,316.59224297036155,1.1868131868131866,F-47,ST-80B,3,3rd,55.2,389.9,1.544352404733471,8.0
405,210.0,4.556776556776557,318.136595375095,318.136595375095,1.2014652014652012,F-47,ST-80B,3,3rd,55.2,389.9,1.544352404733471,8.0
406,209.0,4.571428571428571,319.6809477798285,319.6809477798285,1.2161172161172158,F-47,ST-80B,3,3rd,55.2,389.9,1.544352404733471,8.0
407,205.0,4.586080586080586,325.85835739876234,325.85835739876234,1.2307692307692304,F-47,ST-80B,3,3rd,55.2,389.9,1.544352404733471,8.0
408,203.0,4.6007326007326,328.9470622082293,328.9470622082293,1.245421245421245,F-47,ST-80B,3,3rd,55.2,389.9,1.544352404733471,8.0
409,202.5,4.615384615384615,329.71923841059606,329.71923841059606,1.2600732600732596,F-47,ST-80B,3,3rd,55.2,389.9,1.544352404733471,8.0
410,202.5,4.6300366300366305,329.71923841059606,329.71923841059606,1.274725274725275,F-47,ST-80B,3,3rd,55.2,389.9,1.544352404733471,8.0
411,202.5,4.644688644688645,329.71923841059606,329.71923841059606,1.2893772893772897,F-47,ST-80B,3,3rd,55.2,389.9,1.544352404733471,8.0
412,202.5,4.65934065934066,329.71923841059606,329.71923841059606,1.3040293040293043,F-47,ST-80B,3,3rd,55.2,389.9,1.544352404733471,8.0
413,202.0,4.673992673992674,330.4914146129628,330.4914146129628,1.3186813186813189,F-47,ST-80B,3,3rd,55.2,389.9,1.544352404733471,8.0
414,197.5,4.688644688644689,337.4410004342634,337.4410004342634,1.3333333333333335,F-47,ST-80B,3,3rd,55.2,389.9,1.544352404733471,8.0
415,196.5,4.7032967032967035,338.98535283899685,338.98535283899685,1.347985347985348,F-47,ST-80B,3,3rd,55.2,389.9,1.544352404733471,8.0
416,196.0,4.717948717948718,339.7575290413636,339.7575290413636,1.3626373626373627,F-47,ST-80B,3,3rd,55.2,389.9,1.544352404733471,8.0
417,195.5,4.732600732600733,340.52970524373035,340.52970524373035,1.3772893772893773,F-47,ST-80B,3,3rd,55.2,389.9,1.544352404733471,8.0
418,195.5,4.747252747252747,340.52970524373035,340.52970524373035,1.3919413919413919,F-47,ST-80B,3,3rd,55.2,389.9,1.544352404733471,8.0
419,195.5,4.761904761904762,340.52970524373035,340.52970524373035,1.4065934065934065,F-47,ST-80B,3,3rd,55.2,389.9,1.544352404733471,8.0
420,194.5,4.7765567765567765,342.0740576484638,342.0740576484638,1.421245421245421,F-47,ST-80B,3,3rd,55.2,389.9,1.544352404733471,8.0
421,193.5,4.791208791208791,343.6184100531973,343.6184100531973,1.4358974358974357,F-47,ST-80B,3,3rd,55.2,389.9,1.544352404733471,8.0
422,190.0,4.805860805860806,349.0236434697644,349.0236434697644,1.4505494505494503,F-47,ST-80B,3,3rd,55.2,389.9,1.544352404733471,8.0
423,189.5,4.82051282051282,349.7958196721312,349.7958196721312,1.4652014652014649,F-47,ST-80B,3,3rd,55.2,389.9,1.544352404733471,8.0
424,189.5,4.835164835164835,349.7958196721312,349.7958196721312,1.4798534798534795,F-47,ST-80B,3,3rd,55.2,389.9,1.544352404733471,8.0
425,189.5,4.8498168498168495,349.7958196721312,349.7958196721312,1.494505494505494,F-47,ST-80B,3,3rd,55.2,389.9,1.544352404733471,8.0
426,189.5,4.864468864468864,349.7958196721312,349.7958196721312,1.5091575091575087,F-47,ST-80B,3,3rd,55.2,389.9,1.544352404733471,8.0
427,188.5,4.8791208791208796,351.34017207686463,351.34017207686463,1.5238095238095242,F-47,ST-80B,3,3rd,55.2,389.9,1.544352404733471,8.0
428,184.5,4.893772893772894,357.5175816957985,357.5175816957985,1.5384615384615388,F-47,ST-80B,3,3rd,55.2,389.9,1.544352404733471,8.0
429,184.0,4.908424908424909,358.28975789816525,358.28975789816525,1.5531135531135534,F-47,ST-80B,3,3rd,55.2,389.9,1.544352404733471,8.0
430,183.5,4.923076923076923,359.06193410053197,359.06193410053197,1.567765567765568,F-47,ST-80B,3,3rd,55.2,389.9,1.544352404733471,8.0
431,183.5,4.937728937728938,359.06193410053197,359.06193410053197,1.5824175824175826,F-47,ST-80B,3,3rd,55.2,389.9,1.544352404733471,8.0
432,183.5,4.9523809523809526,359.06193410053197,359.06193410053197,1.5970695970695972,F-47,ST-80B,3,3rd,55.2,389.9,1.544352404733471,8.0
433,183.5,4.967032967032967,359.06193410053197,359.06193410053197,1.6117216117216118,F-47,ST-80B,3,3rd,55.2,389.9,1.544352404733471,8.0
434,183.0,4.981684981684982,359.8341103028987,359.8341103028987,1.6263736263736264,F-47,ST-80B,3,3rd,55.2,389.9,1.544352404733471,8.0
435,179.5,4.996336996336996,365.23934371946586,365.23934371946586,1.641025641025641,F-47,ST-80B,3,3rd,55.2,389.9,1.544352404733471,8.0
436,179.0,5.010989010989011,366.0115199218326,366.0115199218326,1.6556776556776556,F-47,ST-80B,3,3rd,55.2,389.9,1.544352404733471,8.0
437,178.5,5.0256410256410255,366.78369612419937,366.78369612419937,1.6703296703296702,F-47,ST-80B,3,3rd,55.2,389.9,1.544352404733471,8.0
438,178.5,5.04029304029304,366.78369612419937,366.78369612419937,1.6849816849816848,F-47,ST-80B,3,3rd,55.2,389.9,1.544352404733471,8.0
439,178.5,5.054945054945055,366.78369612419937,366.78369612419937,1.6996336996336994,F-47,ST-80B,3,3rd,55.2,389.9,1.544352404733471,8.0
440,178.5,5.069597069597069,366.78369612419937,366.78369612419937,1.714285714285714,F-47,ST-80B,3,3rd,55.2,389.9,1.544352404733471,8.0
441,177.5,5.084249084249084,368.3280485289328,368.3280485289328,1.7289377289377286,F-47,ST-80B,3,3rd,55.2,389.9,1.544352404733471,8.0
442,175.0,5.0989010989010985,372.1889295407665,372.1889295407665,1.7435897435897432,F-47,ST-80B,3,3rd,55.2,389.9,1.544352404733471,8.0
443,174.5,5.113553113553113,372.9611057431332,372.9611057431332,1.7582417582417578,F-47,ST-80B,3,3rd,55.2,389.9,1.544352404733471,8.0
444,174.5,5.128205128205129,372.9611057431332,372.9611057431332,1.7728937728937733,F-47,ST-80B,3,3rd,55.2,389.9,1.544352404733471,8.0
445,174.5,5.142857142857143,372.9611057431332,372.9611057431332,1.7875457875457879,F-47,ST-80B,3,3rd,55.2,389.9,1.544352404733471,8.0
446,174.5,5.157509157509158,372.9611057431332,372.9611057431332,1.8021978021978025,F-47,ST-80B,3,3rd,55.2,389.9,1.544352404733471,8.0
447,174.0,5.172161172161172,373.7332819455,373.7332819455,1.816849816849817,F-47,ST-80B,3,3rd,55.2,389.9,1.544352404733471,8.0
448,170.5,5.186813186813187,379.1385153620671,379.1385153620671,1.8315018315018317,F-47,ST-80B,3,3rd,55.2,389.9,1.544352404733471,8.0
449,170.0,5.201465201465202,379.9106915644338,379.9106915644338,1.8461538461538463,F-47,ST-80B,3,3rd,55.2,389.9,1.544352404733471,8.0
450,169.5,5.216117216117216,380.6828677668006,380.6828677668006,1.8608058608058609,F-47,ST-80B,3,3rd,55.2,389.9,1.544352404733471,8.0
451,169.5,5.230769230769231,380.6828677668006,380.6828677668006,1.8754578754578755,F-47,ST-80B,3,3rd,55.2,389.9,1.544352404733471,8.0
452,169.5,5.245421245421245,380.6828677668006,380.6828677668006,1.89010989010989,F-47,ST-80B,3,3rd,55.2,389.9,1.544352404733471,8.0
453,169.5,5.26007326007326,380.6828677668006,380.6828677668006,1.9047619047619047,F-47,ST-80B,3,3rd,55.2,389.9,1.544352404733471,8.0
454,169.5,5.274725274725275,380.6828677668006,380.6828677668006,1.9194139194139193,F-47,ST-80B,3,3rd,55.2,389.9,1.544352404733471,8.0
455,166.5,5.289377289377289,385.315924981001,385.315924981001,1.9340659340659339,F-47,ST-80B,3,3rd,55.2,389.9,1.544352404733471,8.0
456,166.0,5.304029304029304,386.0881011833677,386.0881011833677,1.9487179487179485,F-47,ST-80B,3,3rd,55.2,389.9,1.544352404733471,8.0
457,165.5,5.318681318681318,386.86027738573443,386.86027738573443,1.963369963369963,F-47,ST-80B,3,3rd,55.2,389.9,1.544352404733471,8.0
458,165.5,5.333333333333333,386.86027738573443,386.86027738573443,1.9780219780219777,F-47,ST-80B,3,3rd,55.2,389.9,1.544352404733471,8.0
459,165.5,5.347985347985348,386.86027738573443,386.86027738573443,1.9926739926739923,F-47,ST-80B,3,3rd,55.2,389.9,1.544352404733471,8.0
460,165.5,5.362637362637362,386.86027738573443,386.86027738573443,2.007326007326007,F-47,ST-80B,3,3rd,55.2,389.9,1.544352404733471,8.0
461,165.5,5.377289377289378,386.86027738573443,386.86027738573443,2.0219780219780223,F-47,ST-80B,3,3rd,55.2,389.9,1.544352404733471,8.0
462,164.5,5.391941391941392,388.40462979046794,388.40462979046794,2.036630036630037,F-47,ST-80B,3,3rd,55.2,389.9,1.544352404733471,8.0
463,164.0,5.406593406593407,389.17680599283466,389.17680599283466,2.0512820512820515,F-47,ST-80B,3,3rd,55.2,389.9,1.544352404733471,8.0
464,163.5,5.4212454212454215,389.9489821952014,389.9489821952014,2.065934065934066,F-47,ST-80B,3,3rd,55.2,389.9,1.544352404733471,8.0
465,163.5,5.435897435897436,389.9489821952014,389.9489821952014,2.0805860805860807,F-47,ST-80B,3,3rd,55.2,389.9,1.544352404733471,8.0
466,163.5,5.450549450549451,389.9489821952014,389.9489821952014,2.0952380952380953,F-47,ST-80B,3,3rd,55.2,389.9,1.544352404733471,8.0
467,163.5,5.465201465201465,389.9489821952014,389.9489821952014,2.10989010989011,F-47,ST-80B,3,3rd,55.2,389.9,1.544352404733471,8.0
468,163.5,5.47985347985348,389.9489821952014,389.9489821952014,2.1245421245421245,F-47,ST-80B,3,3rd,55.2,389.9,1.544352404733471,8.0
469,161.5,5.4945054945054945,393.0376870046683,393.0376870046683,2.139194139194139,F-47,ST-80B,3,3rd,55.2,389.9,1.544352404733471,8.0
470,161.0,5.509157509157509,393.8098632070351,393.8098632070351,2.1538461538461537,F-47,ST-80B,3,3rd,55.2,389.9,1.544352404733471,8.0
471,160.5,5.523809523809524,394.58203940940183,394.58203940940183,2.1684981684981683,F-47,ST-80B,3,3rd,55.2,389.9,1.544352404733471,8.0
472,160.5,5.538461538461538,394.58203940940183,394.58203940940183,2.183150183150183,F-47,ST-80B,3,3rd,55.2,389.9,1.544352404733471,8.0
473,160.5,5.553113553113553,394.58203940940183,394.58203940940183,2.1978021978021975,F-47,ST-80B,3,3rd,55.2,389.9,1.544352404733471,8.0
474,160.5,5.5677655677655675,394.58203940940183,394.58203940940183,2.212454212454212,F-47,ST-80B,3,3rd,55.2,389.9,1.544352404733471,8.0
475,160.5,5.582417582417582,394.58203940940183,394.58203940940183,2.2271062271062267,F-47,ST-80B,3,3rd,55.2,389.9,1.544352404733471,8.0
476,158.5,5.597069597069597,397.6707442188688,397.6707442188688,2.2417582417582413,F-47,ST-80B,3,3rd,55.2,389.9,1.544352404733471,8.0
477,158.0,5.611721611721611,398.4429204212355,398.4429204212355,2.256410256410256,F-47,ST-80B,3,3rd,55.2,389.9,1.544352404733471,8.0
478,157.5,5.626373626373627,399.2150966236022,399.2150966236022,2.2710622710622714,F-47,ST-80B,3,3rd,55.2,389.9,1.544352404733471,8.0
479,157.5,5.641025641025641,399.2150966236022,399.2150966236022,2.285714285714286,F-47,ST-80B,3,3rd,55.2,389.9,1.544352404733471,8.0
480,157.5,5.655677655677656,399.2150966236022,399.2150966236022,2.3003663003663006,F-47,ST-80B,3,3rd,55.2,389.9,1.544352404733471,8.0
481,157.5,5.670329670329671,399.2150966236022,399.2150966236022,2.3150183150183152,F-47,ST-80B,3,3rd,55.2,389.9,1.544352404733471,8.0
482,157.5,5.684981684981685,399.2150966236022,399.2150966236022,2.32967032967033,F-47,ST-80B,3,3rd,55.2,389.9,1.544352404733471,8.0
483,156.5,5.6996336996337,400.7594490283357,400.7594490283357,2.3443223443223444,F-47,ST-80B,3,3rd,55.2,389.9,1.544352404733471,8.0
484,156.0,5.714285714285714,401.53162523070245,401.53162523070245,2.358974358974359,F-47,ST-80B,3,3rd,55.2,389.9,1.544352404733471,8.0
485,155.5,5.728937728937729,402.30380143306917,402.30380143306917,2.3736263736263736,F-47,ST-80B,3,3rd,55.2,389.9,1.544352404733471,8.0
486,155.5,5.743589743589744,402.30380143306917,402.30380143306917,2.3882783882783882,F-47,ST-80B,3,3rd,55.2,389.9,1.544352404733471,8.0
487,155.5,5.758241758241758,402.30380143306917,402.30380143306917,2.402930402930403,F-47,ST-80B,3,3rd,55.2,389.9,1.544352404733471,8.0
488,155.5,5.772893772893773,402.30380143306917,402.30380143306917,2.4175824175824174,F-47,ST-80B,3,3rd,55.2,389.9,1.544352404733471,8.0
489,155.5,5.787545787545787,402.30380143306917,402.30380143306917,2.432234432234432,F-47,ST-80B,3,3rd,55.2,389.9,1.544352404733471,8.0
490,154.5,5.802197802197802,403.84815383780267,403.84815383780267,2.4468864468864466,F-47,ST-80B,3,3rd,55.2,389.9,1.544352404733471,8.0
491,154.0,5.816849816849817,404.6203300401694,404.6203300401694,2.4615384615384612,F-47,ST-80B,3,3rd,55.2,389.9,1.544352404733471,8.0
492,153.5,5.831501831501831,405.3925062425361,405.3925062425361,2.476190476190476,F-47,ST-80B,3,3rd,55.2,389.9,1.544352404733471,8.0
493,153.5,5.846153846153846,405.3925062425361,405.3925062425361,2.4908424908424904,F-47,ST-80B,3,3rd,55.2,389.9,1.544352404733471,8.0
494,153.5,5.86080586080586,405.3925062425361,405.3925062425361,2.505494505494505,F-47,ST-80B,3,3rd,55.2,389.9,1.544352404733471,8.0
495,153.5,5.875457875457876,405.3925062425361,405.3925062425361,2.5201465201465205,F-47,ST-80B,3,3rd,55.2,389.9,1.544352404733471,8.0
496,153.5,5.8901098901098905,405.3925062425361,405.3925062425361,2.534798534798535,F-47,ST-80B,3,3rd,55.2,389.9,1.544352404733471,8.0
497,152.5,5.904761904761905,406.93685864726956,406.93685864726956,2.5494505494505497,F-47,ST-80B,3,3rd,55.2,389.9,1.544352404733471,8.0
498,152.0,5.91941391941392,407.70903484963634,407.70903484963634,2.5641025641025643,F-47,ST-80B,3,3rd,55.2,389.9,1.544352404733471,8.0
499,151.5,5.934065934065934,408.48121105200306,408.48121105200306,2.578754578754579,F-47,ST-80B,3,3rd,55.2,389.9,1.544352404733471,8.0
500,151.5,5.948717948717949,408.48121105200306,408.48121105200306,2.5934065934065935,F-47,ST-80B,3,3rd,55.2,389.9,1.544352404733471,8.0
501,151.5,5.9633699633699635,408.48121105200306,408.48121105200306,2.608058608058608,F-47,ST-80B,3,3rd,55.2,389.9,1.544352404733471,8.0
502,151.5,5.978021978021978,408.48121105200306,408.48121105200306,2.6227106227106227,F-47,ST-80B,3,3rd,55.2,389.9,1.544352404733471,8.0
503,151.5,5.992673992673993,408.48121105200306,408.48121105200306,2.6373626373626373,F-47,ST-80B,3,3rd,55.2,389.9,1.544352404733471,8.0
504,150.5,6.007326007326007,410.0255634567365,408.48121105200306,2.652014652014652,F-47,ST-80B,3,3rd,55.2,389.9,1.544352404733471,8.0
505,151.0,6.021978021978022,409.2533872543698,408.48121105200306,2.6666666666666665,F-47,ST-80B,3,3rd,55.2,389.9,1.544352404733471,8.0
506,152.5,6.0366300366300365,406.93685864726956,406.93685864726956,2.681318681318681,F-47,ST-80B,3,3rd,55.2,389.9,1.544352404733471,8.0
507,152.5,6.051282051282051,406.93685864726956,406.93685864726956,2.6959706959706957,F-47,ST-80B,3,3rd,55.2,389.9,1.544352404733471,8.0
508,152.5,6.065934065934066,406.93685864726956,406.93685864726956,2.7106227106227103,F-47,ST-80B,3,3rd,55.2,389.9,1.544352404733471,8.0
509,152.5,6.08058608058608,406.93685864726956,406.93685864726956,2.725274725274725,F-47,ST-80B,3,3rd,55.2,389.9,1.544352404733471,8.0
510,152.5,6.095238095238095,406.93685864726956,406.93685864726956,2.7399267399267395,F-47,ST-80B,3,3rd,55.2,389.9,1.544352404733471,8.0
511,151.5,6.1098901098901095,408.48121105200306,408.48121105200306,2.754578754578754,F-47,ST-80B,3,3rd,55.2,389.9,1.544352404733471,8.0
512,151.0,6.124542124542124,409.2533872543698,408.48121105200306,2.7692307692307687,F-47,ST-80B,3,3rd,55.2,389.9,1.544352404733471,8.0
513,150.5,6.13919413919414,410.0255634567365,408.48121105200306,2.783882783882784,F-47,ST-80B,3,3rd,55.2,389.9,1.544352404733471,8.0
514,151.0,6.153846153846154,409.2533872543698,408.48121105200306,2.798534798534799,F-47,ST-80B,3,3rd,55.2,389.9,1.544352404733471,8.0
515,153.0,6.168498168498169,406.16468244490284,407.70903484963634,2.8131868131868134,F-47,ST-80B,3,3rd,55.2,389.9,1.544352404733471,8.0
516,153.0,6.183150183150183,406.16468244490284,407.70903484963634,2.827838827838828,F-47,ST-80B,3,3rd,55.2,389.9,1.544352404733471,8.0
517,152.0,6.197802197802198,407.70903484963634,406.16468244490284,2.8424908424908426,F-47,ST-80B,3,3rd,55.2,389.9,1.544352404733471,8.0
518,152.0,6.212454212454213,407.70903484963634,406.16468244490284,2.857142857142857,F-47,ST-80B,3,3rd,55.2,389.9,1.544352404733471,8.0
519,153.0,6.227106227106227,406.16468244490284,406.16468244490284,2.871794871794872,F-47,ST-80B,3,3rd,55.2,389.9,1.544352404733471,8.0
520,153.0,6.241758241758242,406.16468244490284,406.16468244490284,2.8864468864468864,F-47,ST-80B,3,3rd,55.2,389.9,1.544352404733471,8.0
521,153.0,6.256410256410256,406.16468244490284,406.16468244490284,2.901098901098901,F-47,ST-80B,3,3rd,55.2,389.9,1.544352404733471,8.0
522,154.0,6.271062271062271,404.6203300401694,404.6203300401694,2.9157509157509156,F-47,ST-80B,3,3rd,55.2,389.9,1.544352404733471,8.0
523,154.0,6.285714285714286,404.6203300401694,404.6203300401694,2.93040293040293,F-47,ST-80B,3,3rd,55.2,389.9,1.544352404733471,8.0
524,154.0,6.3003663003663,404.6203300401694,404.6203300401694,2.945054945054945,F-47,ST-80B,3,3rd,55.2,389.9,1.544352404733471,8.0
525,154.5,6.315018315018315,403.84815383780267,404.6203300401694,2.9597069597069594,F-47,ST-80B,3,3rd,55.2,389.9,1.544352404733471,8.0
526,155.5,6.329670329670329,402.30380143306917,404.23424193898603,2.974358974358974,F-47,ST-80B,3,3rd,55.2,389.9,1.544352404733471,8.0
440,405.5,5.069597069597069,16.215700249701445,21.62093366626859,0.0,F-47,ST-80B,4,4th,55.2,468.8,1.544352404733471,8.0
441,402.5,5.084249084249084,20.84875746390186,22.393109868635328,0.0146520146520146,F-47,ST-80B,4,4th,55.2,468.8,1.544352404733471,8.0
442,401.5,5.0989010989010985,22.393109868635328,23.551374172185433,0.0293040293040292,F-47,ST-80B,4,4th,55.2,468.8,1.544352404733471,8.0
443,400.0,5.113553113553113,24.709638475735535,24.709638475735535,0.0439560439560438,F-47,ST-80B,4,4th,55.2,468.8,1.544352404733471,8.0
444,394.0,5.128205128205129,33.97575290413636,33.97575290413636,0.05860805860805929,F-47,ST-80B,4,4th,55.2,468.8,1.544352404733471,8.0
445,393.0,5.142857142857143,35.52010530886983,35.52010530886983,0.07326007326007389,F-47,ST-80B,4,4th,55.2,468.8,1.544352404733471,8.0
446,390.0,5.157509157509158,40.15316252307024,40.15316252307024,0.08791208791208849,F-47,ST-80B,4,4th,55.2,468.8,1.544352404733471,8.0
447,389.0,5.172161172161172,41.69751492780372,41.69751492780372,0.10256410256410309,F-47,ST-80B,4,4th,55.2,468.8,1.544352404733471,8.0
448,386.5,5.186813186813187,45.55839593963739,45.55839593963739,0.11721611721611769,F-47,ST-80B,4,4th,55.2,468.8,1.544352404733471,8.0
449,382.5,5.201465201465202,51.73580555857127,51.73580555857127,0.1318681318681323,F-47,ST-80B,4,4th,55.2,468.8,1.544352404733471,8.0
450,377.5,5.216117216117216,59.45756758223863,59.45756758223863,0.1465201465201469,F-47,ST-80B,4,4th,55.2,468.8,1.544352404733471,8.0
451,370.5,5.230769230769231,70.26803441537292,70.26803441537292,0.1611721611721615,F-47,ST-80B,4,4th,55.2,468.8,1.544352404733471,8.0
452,367.0,5.245421245421245,75.67326783194008,75.67326783194008,0.1758241758241761,F-47,ST-80B,4,4th,55.2,468.8,1.544352404733471,8.0
453,360.0,5.26007326007326,86.48373466507437,86.48373466507437,0.1904761904761907,F-47,ST-80B,4,4th,55.2,468.8,1.544352404733471,8.0
454,356.0,5.274725274725275,92.66114428400826,92.66114428400826,0.2051282051282053,F-47,ST-80B,4,4th,55.2,468.8,1.544352404733471,8.0
455,352.5,5.289377289377289,98.0663777005754,98.0663777005754,0.2197802197802199,F-47,ST-80B,4,4th,55.2,468.8,1.544352404733471,8.0
456,349.0,5.304029304029304,103.47161111714254,103.47161111714254,0.2344322344322345,F-47,ST-80B,4,4th,55.2,468.8,1.544352404733471,8.0
457,346.0,5.318681318681318,108.10466833134296,108.10466833134296,0.2490842490842491,F-47,ST-80B,4,4th,55.2,468.8,1.544352404733471,8.0
458,341.5,5.333333333333333,115.05425415264358,115.05425415264358,0.2637362637362637,F-47,ST-80B,4,4th,55.2,468.8,1.544352404733471,8.0
459,336.0,5.347985347985348,123.54819237867767,123.54819237867767,0.2783882783882783,F-47,ST-80B,4,4th,55.2,468.8,1.544352404733471,8.0
460,334.0,5.362637362637362,126.63689718814462,126.63689718814462,0.2930402930402929,F-47,ST-80B,4,4th,55.2,468.8,1.544352404733471,8.0
461,329.5,5.377289377289378,133.58648300944523,133.58648300944523,0.3076923076923084,F-47,ST-80B,4,4th,55.2,468.8,1.544352404733471,8.0
462,325.0,5.391941391941392,140.53606883074585,140.53606883074585,0.322344322344323,F-47,ST-80B,4,4th,55.2,468.8,1.544352404733471,8.0
463,321.0,5.406593406593407,146.71347844967974,146.71347844967974,0.3369963369963376,F-47,ST-80B,4,4th,55.2,468.8,1.544352404733471,8.0
464,317.0,5.4212454212454215,152.8908880686136,152.8908880686136,0.3516483516483522,F-47,ST-80B,4,4th,55.2,468.8,1.544352404733471,8.0
465,314.0,5.435897435897436,157.52394528281403,157.52394528281403,0.3663003663003668,F-47,ST-80B,4,4th,55.2,468.8,1.544352404733471,8.0
466,311.0,5.450549450549451,162.15700249701445,162.15700249701445,0.3809523809523814,F-47,ST-80B,4,4th,55.2,468.8,1.544352404733471,8.0
467,307.5,5.465201465201465,167.5622359135816,167.5622359135816,0.395604395604396,F-47,ST-80B,4,4th,55.2,468.8,1.544352404733471,8.0
468,304.5,5.47985347985348,172.195293127782,172.195293127782,0.4102564102564106,F-47,ST-80B,4,4th,55.2,468.8,1.544352404733471,8.0
469,299.5,5.4945054945054945,179.91705515144935,179.91705515144935,0.4249084249084252,F-47,ST-80B,4,4th,55.2,468.8,1.544352404733471,8.0
470,297.5,5.509157509157509,183.0057599609163,183.0057599609163,0.4395604395604398,F-47,ST-80B,4,4th,55.2,468.8,1.544352404733471,8.0
471,294.5,5.523809523809524,187.6388171751167,187.6388171751167,0.4542124542124544,F-47,ST-80B,4,4th,55.2,468.8,1.544352404733471,8.0
472,292.5,5.538461538461538,190.72752198458366,190.72752198458366,0.468864468864469,F-47,ST-80B,4,4th,55.2,468.8,1.544352404733471,8.0
473,287.5,5.553113553113553,198.449284008251,198.449284008251,0.4835164835164836,F-47,ST-80B,4,4th,55.2,468.8,1.544352404733471,8.0
474,283.0,5.5677655677655675,205.39886982955164,205.39886982955164,0.4981684981684982,F-47,ST-80B,4,4th,55.2,468.8,1.544352404733471,8.0
475,281.0,5.582417582417582,208.48757463901856,208.48757463901856,0.5128205128205128,F-47,ST-80B,4,4th,55.2,468.8,1.544352404733471,8.0
476,278.5,5.597069597069597,212.34845565085226,212.34845565085226,0.5274725274725274,F-47,ST-80B,4,4th,55.2,468.8,1.544352404733471,8.0
477,276.0,5.611721611721611,216.20933666268593,216.20933666268593,0.542124542124542,F-47,ST-80B,4,4th,55.2,468.8,1.544352404733471,8.0
478,270.5,5.626373626373627,224.70327488872002,224.70327488872002,0.5567765567765575,F-47,ST-80B,4,4th,55.2,468.8,1.544352404733471,8.0
479,268.0,5.641025641025641,228.5641559005537,228.5641559005537,0.5714285714285721,F-47,ST-80B,4,4th,55.2,468.8,1.544352404733471,8.0
480,266.0,5.655677655677656,231.65286071002063,231.65286071002063,0.5860805860805867,F-47,ST-80B,4,4th,55.2,468.8,1.544352404733471,8.0
481,263.0,5.670329670329671,236.28591792422105,236.28591792422105,0.6007326007326013,F-47,ST-80B,4,4th,55.2,468.8,1.544352404733471,8.0
482,260.0,5.684981684981685,240.91897513842147,240.91897513842147,0.6153846153846159,F-47,ST-80B,4,4th,55.2,468.8,1.544352404733471,8.0
483,256.5,5.6996336996337,246.32420855498862,246.32420855498862,0.6300366300366305,F-47,ST-80B,4,4th,55.2,468.8,1.544352404733471,8.0
484,253.0,5.714285714285714,251.72944197155576,251.72944197155576,0.6446886446886451,F-47,ST-80B,4,4th,55.2,468.8,1.544352404733471,8.0
485,250.0,5.728937728937729,256.3624991857562,256.3624991857562,0.6593406593406597,F-47,ST-80B,4,4th,55.2,468.8,1.544352404733471,8.0
486,248.0,5.743589743589744,259.4512039952231,259.4512039952231,0.6739926739926743,F-47,ST-80B,4,4th,55.2,468.8,1.544352404733471,8.0
487,244.0,5.758241758241758,265.628613614157,265.628613614157,0.6886446886446889,F-47,ST-80B,4,4th,55.2,468.8,1.544352404733471,8.0
488,242.0,5.772893772893773,268.71731842362396,268.71731842362396,0.7032967032967035,F-47,ST-80B,4,4th,55.2,468.8,1.544352404733471,8.0
489,239.5,5.787545787545787,272.57819943545763,272.57819943545763,0.7179487179487181,F-47,ST-80B,4,4th,55.2,468.8,1.544352404733471,8.0
490,234.5,5.802197802197802,280.299961459125,280.299961459125,0.7326007326007327,F-47,ST-80B,4,4th,55.2,468.8,1.544352404733471,8.0
491,232.5,5.816849816849817,283.3886662685919,283.3886662685919,0.7472527472527473,F-47,ST-80B,4,4th,55.2,468.8,1.544352404733471,8.0
492,230.5,5.831501831501831,286.47737107805887,286.47737107805887,0.7619047619047619,F-47,ST-80B,4,4th,55.2,468.8,1.544352404733471,8.0
493,229.5,5.846153846153846,288.0217234827923,288.0217234827923,0.7765567765567765,F-47,ST-80B,4,4th,55.2,468.8,1.544352404733471,8.0
494,226.0,5.86080586080586,293.4269568993595,293.4269568993595,0.7912087912087911,F-47,ST-80B,4,4th,55.2,468.8,1.544352404733471,8.0
495,224.0,5.875457875457876,296.5156617088264,296.5156617088264,0.8058608058608066,F-47,ST-80B,4,4th,55.2,468.8,1.544352404733471,8.0
496,221.5,5.8901098901098905,300.3765427206601,300.3765427206601,0.8205128205128212,F-47,ST-80B,4,4th,55.2,468.8,1.544352404733471,8.0
497,217.5,5.904761904761905,306.553952339594,306.553952339594,0.8351648351648358,F-47,ST-80B,4,4th,55.2,468.8,1.544352404733471,8.0
498,211.5,5.91941391941392,315.8200667679948,315.8200667679948,0.8498168498168504,F-47,ST-80B,4,4th,55.2,468.8,1.544352404733471,8.0
499,208.0,5.934065934065934,321.22530018456195,321.22530018456195,0.864468864468865,F-47,ST-80B,4,4th,55.2,468.8,1.544352404733471,8.0
500,202.5,5.948717948717949,329.71923841059606,329.71923841059606,0.8791208791208796,F-47,ST-80B,4,4th,55.2,468.8,1.544352404733471,8.0
501,200.5,5.9633699633699635,332.80794322006295,332.80794322006295,0.8937728937728942,F-47,ST-80B,4,4th,55.2,468.8,1.544352404733471,8.0
502,199.0,5.978021978021978,335.1244718271632,335.1244718271632,0.9084249084249088,F-47,ST-80B,4,4th,55.2,468.8,1.544352404733471,8.0
503,196.0,5.992673992673993,339.7575290413636,339.7575290413636,0.9230769230769234,F-47,ST-80B,4,4th,55.2,468.8,1.544352404733471,8.0
504,192.0,6.007326007326007,345.93493866029746,345.93493866029746,0.937728937728938,F-47,ST-80B,4,4th,55.2,468.8,1.544352404733471,8.0
505,189.0,6.021978021978022,350.5679958744979,350.5679958744979,0.9523809523809526,F-47,ST-80B,4,4th,55.2,468.8,1.544352404733471,8.0
506,188.0,6.0366300366300365,352.11234827923136,352.11234827923136,0.9670329670329672,F-47,ST-80B,4,4th,55.2,468.8,1.544352404733471,8.0
507,182.0,6.051282051282051,361.3784627076322,361.3784627076322,0.9816849816849818,F-47,ST-80B,4,4th,55.2,468.8,1.544352404733471,8.0
508,180.5,6.065934065934066,363.6949913147324,363.6949913147324,0.9963369963369964,F-47,ST-80B,4,4th,55.2,468.8,1.544352404733471,8.0
509,179.0,6.08058608058608,366.0115199218326,366.0115199218326,1.010989010989011,F-47,ST-80B,4,4th,55.2,468.8,1.544352404733471,8.0
510,176.5,6.095238095238095,369.87240093366626,369.87240093366626,1.0256410256410255,F-47,ST-80B,4,4th,55.2,468.8,1.544352404733471,8.0
511,173.5,6.1098901098901095,374.5054581478667,374.5054581478667,1.0402930402930401,F-47,ST-80B,4,4th,55.2,468.8,1.544352404733471,8.0
512,169.5,6.124542124542124,380.6828677668006,380.6828677668006,1.0549450549450547,F-47,ST-80B,4,4th,55.2,468.8,1.544352404733471,8.0
513,165.5,6.13919413919414,386.86027738573443,386.86027738573443,1.0695970695970702,F-47,ST-80B,4,4th,55.2,468.8,1.544352404733471,8.0
514,164.0,6.153846153846154,389.17680599283466,389.17680599283466,1.0842490842490848,F-47,ST-80B,4,4th,55.2,468.8,1.544352404733471,8.0
515,162.5,6.168498168498169,391.4933345999349,391.4933345999349,1.0989010989010994,F-47,ST-80B,4,4th,55.2,468.8,1.544352404733471,8.0
516,161.5,6.183150183150183,393.0376870046683,393.0376870046683,1.113553113553114,F-47,ST-80B,4,4th,55.2,468.8,1.544352404733471,8.0
517,160.5,6.197802197802198,394.58203940940183,394.58203940940183,1.1282051282051286,F-47,ST-80B,4,4th,55.2,468.8,1.544352404733471,8.0
518,158.5,6.212454212454213,397.6707442188688,397.6707442188688,1.1428571428571432,F-47,ST-80B,4,4th,55.2,468.8,1.544352404733471,8.0
519,153.5,6.227106227106227,405.3925062425361,405.3925062425361,1.1575091575091578,F-47,ST-80B,4,4th,55.2,468.8,1.544352404733471,8.0
520,150.0,6.241758241758242,410.7977396591033,410.7977396591033,1.1721611721611724,F-47,ST-80B,4,4th,55.2,468.8,1.544352404733471,8.0
521,148.5,6.256410256410256,413.11426826620345,413.11426826620345,1.186813186813187,F-47,ST-80B,4,4th,55.2,468.8,1.544352404733471,8.0
522,147.0,6.271062271062271,415.4307968733037,415.4307968733037,1.2014652014652016,F-47,ST-80B,4,4th,55.2,468.8,1.544352404733471,8.0
523,146.5,6.285714285714286,416.2029730756704,416.2029730756704,1.2161172161172162,F-47,ST-80B,4,4th,55.2,468.8,1.544352404733471,8.0
524,145.5,6.3003663003663,417.7473254804039,417.7473254804039,1.2307692307692308,F-47,ST-80B,4,4th,55.2,468.8,1.544352404733471,8.0
525,141.0,6.315018315018315,424.6969113017045,424.6969113017045,1.2454212454212454,F-47,ST-80B,4,4th,55.2,468.8,1.544352404733471,8.0
526,140.5,6.329670329670329,425.46908750407124,425.46908750407124,1.26007326007326,F-47,ST-80B,4,4th,55.2,468.8,1.544352404733471,8.0
527,139.5,6.344322344322344,427.0134399088047,427.0134399088047,1.2747252747252746,F-47,ST-80B,4,4th,55.2,468.8,1.544352404733471,8.0
528,135.5,6.358974358974359,433.1908495277386,433.1908495277386,1.2893772893772892,F-47,ST-80B,4,4th,55.2,468.8,1.544352404733471,8.0
529,134.5,6.373626373626373,434.7352019324721,434.7352019324721,1.3040293040293038,F-47,ST-80B,4,4th,55.2,468.8,1.544352404733471,8.0
530,131.5,6.388278388278389,439.3682591466725,439.3682591466725,1.3186813186813193,F-47,ST-80B,4,4th,55.2,468.8,1.544352404733471,8.0
531,130.0,6.402930402930403,441.6847877537727,441.6847877537727,1.333333333333334,F-47,ST-80B,4,4th,55.2,468.8,1.544352404733471,8.0
532,129.5,6.417582417582418,442.4569639561394,442.4569639561394,1.3479853479853485,F-47,ST-80B,4,4th,55.2,468.8,1.544352404733471,8.0
533,128.5,6.4322344322344325,444.00131636087286,444.00131636087286,1.3626373626373631,F-47,ST-80B,4,4th,55.2,468.8,1.544352404733471,8.0
534,125.5,6.446886446886447,448.6343735750733,448.6343735750733,1.3772893772893777,F-47,ST-80B,4,4th,55.2,468.8,1.544352404733471,8.0
535,124.5,6.461538461538462,450.17872597980676,450.17872597980676,1.3919413919413923,F-47,ST-80B,4,4th,55.2,468.8,1.544352404733471,8.0
536,124.5,6.476190476190476,450.17872597980676,450.17872597980676,1.406593406593407,F-47,ST-80B,4,4th,55.2,468.8,1.544352404733471,8.0
537,124.0,6.490842490842491,450.9509021821735,450.9509021821735,1.4212454212454215,F-47,ST-80B,4,4th,55.2,468.8,1.544352404733471,8.0
538,123.0,6.5054945054945055,452.495254586907,452.495254586907,1.4358974358974361,F-47,ST-80B,4,4th,55.2,468.8,1.544352404733471,8.0
539,121.0,6.52014652014652,455.5839593963739,455.5839593963739,1.4505494505494507,F-47,ST-80B,4,4th,55.2,468.8,1.544352404733471,8.0
540,119.5,6.534798534798535,457.90048800347415,457.90048800347415,1.4652014652014653,F-47,ST-80B,4,4th,55.2,468.8,1.544352404733471,8.0
541,119.0,6.549450549450549,458.6726642058409,458.6726642058409,1.47985347985348,F-47,ST-80B,4,4th,55.2,468.8,1.544352404733471,8.0
542,118.5,6.564102564102564,459.4448404082076,459.4448404082076,1.4945054945054945,F-47,ST-80B,4,4th,55.2,468.8,1.544352404733471,8.0
543,118.5,6.5787545787545785,459.4448404082076,459.4448404082076,1.5091575091575091,F-47,ST-80B,4,4th,55.2,468.8,1.544352404733471,8.0
544,118.0,6.593406593406593,460.2170166105743,460.2170166105743,1.5238095238095237,F-47,ST-80B,4,4th,55.2,468.8,1.544352404733471,8.0
545,116.5,6.608058608058608,462.53354521767454,462.53354521767454,1.5384615384615383,F-47,ST-80B,4,4th,55.2,468.8,1.544352404733471,8.0
546,116.0,6.622710622710622,463.30572142004127,463.30572142004127,1.553113553113553,F-47,ST-80B,4,4th,55.2,468.8,1.544352404733471,8.0
547,115.0,6.637362637362638,464.85007382477477,464.85007382477477,1.5677655677655684,F-47,ST-80B,4,4th,55.2,468.8,1.544352404733471,8.0
548,113.5,6.652014652014652,467.16660243187494,467.16660243187494,1.582417582417583,F-47,ST-80B,4,4th,55.2,468.8,1.544352404733471,8.0
549,113.5,6.666666666666667,467.16660243187494,467.16660243187494,1.5970695970695976,F-47,ST-80B,4,4th,55.2,468.8,1.544352404733471,8.0
550,113.5,6.681318681318682,467.16660243187494,467.16660243187494,1.6117216117216122,F-47,ST-80B,4,4th,55.2,468.8,1.544352404733471,8.0
551,112.5,6.695970695970696,468.71095483660844,468.71095483660844,1.6263736263736268,F-47,ST-80B,4,4th,55.2,468.8,1.544352404733471,8.0
552,112.0,6.710622710622711,469.48313103897516,469.48313103897516,1.6410256410256414,F-47,ST-80B,4,4th,55.2,468.8,1.544352404733471,8.0
553,111.0,6.725274725274725,471.0274834437086,471.0274834437086,1.655677655677656,F-47,ST-80B,4,4th,55.2,468.8,1.544352404733471,8.0
554,110.5,6.73992673992674,471.7996596460754,471.0274834437086,1.6703296703296706,F-47,ST-80B,4,4th,55.2,468.8,1.544352404733471,8.0
555,110.5,6.754578754578755,471.7996596460754,471.0274834437086,1.6849816849816852,F-47,ST-80B,4,4th,55.2,468.8,1.544352404733471,8.0
556,111.0,6.769230769230769,471.0274834437086,471.0274834437086,1.6996336996336998,F-47,ST-80B,4,4th,55.2,468.8,1.544352404733471,8.0
557,111.0,6.783882783882784,471.0274834437086,471.0274834437086,1.7142857142857144,F-47,ST-80B,4,4th,55.2,468.8,1.544352404733471,8.0
558,111.0,6.798534798534798,471.0274834437086,471.0274834437086,1.728937728937729,F-47,ST-80B,4,4th,55.2,468.8,1.544352404733471,8.0
559,111.0,6.813186813186813,471.0274834437086,471.0274834437086,1.7435897435897436,F-47,ST-80B,4,4th,55.2,468.8,1.544352404733471,8.0
560,111.0,6.827838827838828,471.0274834437086,471.0274834437086,1.7582417582417582,F-47,ST-80B,4,4th,55.2,468.8,1.544352404733471,8.0
561,111.0,6.842490842490842,471.0274834437086,471.0274834437086,1.7728937728937728,F-47,ST-80B,4,4th,55.2,468.8,1.544352404733471,8.0
562,110.5,6.857142857142857,471.7996596460754,471.0274834437086,1.7875457875457874,F-47,ST-80B,4,4th,55.2,468.8,1.544352404733471,8.0
563,110.5,6.871794871794871,471.7996596460754,471.0274834437086,1.802197802197802,F-47,ST-80B,4,4th,55.2,468.8,1.544352404733471,8.0
564,111.0,6.886446886446887,471.0274834437086,471.0274834437086,1.8168498168498175,F-47,ST-80B,4,4th,55.2,468.8,1.544352404733471,8.0
565,111.0,6.9010989010989015,471.0274834437086,471.0274834437086,1.831501831501832,F-47,ST-80B,4,4th,55.2,468.8,1.544352404733471,8.0
566,111.0,6.915750915750916,471.0274834437086,471.0274834437086,1.8461538461538467,F-47,ST-80B,4,4th,55.2,468.8,1.544352404733471,8.0
567,111.0,6.930402930402931,471.0274834437086,471.0274834437086,1.8608058608058613,F-47,ST-80B,4,4th,55.2,468.8,1.544352404733471,8.0
568,111.5,6.945054945054945,470.2553072413419,470.2553072413419,1.875457875457876,F-47,ST-80B,4,4th,55.2,468.8,1.544352404733471,8.0
569,111.5,6.95970695970696,470.2553072413419,470.2553072413419,1.8901098901098905,F-47,ST-80B,4,4th,55.2,468.8,1.544352404733471,8.0
570,111.5,6.9743589743589745,470.2553072413419,470.2553072413419,1.904761904761905,F-47,ST-80B,4,4th,55.2,468.8,1.544352404733471,8.0
571,112.0,6.989010989010989,469.48313103897516,469.48313103897516,1.9194139194139197,F-47,ST-80B,4,4th,55.2,468.8,1.544352404733471,8.0
572,112.0,7.003663003663004,469.48313103897516,469.48313103897516,1.9340659340659343,F-47,ST-80B,4,4th,55.2,468.8,1.544352404733471,8.0
573,112.0,7.018315018315018,469.48313103897516,469.48313103897516,1.948717948717949,F-47,ST-80B,4,4th,55.2,468.8,1.544352404733471,8.0
574,112.0,7.032967032967033,469.48313103897516,469.48313103897516,1.9633699633699635,F-47,ST-80B,4,4th,55.2,468.8,1.544352404733471,8.0
575,112.5,7.0476190476190474,468.71095483660844,468.71095483660844,1.978021978021978,F-47,ST-80B,4,4th,55.2,468.8,1.544352404733471,8.0
576,112.5,7.062271062271062,468.71095483660844,468.71095483660844,1.9926739926739927,F-47,ST-80B,4,4th,55.2,468.8,1.544352404733471,8.0
577,112.5,7.076923076923077,468.71095483660844,468.71095483660844,2.0073260073260073,F-47,ST-80B,4,4th,55.2,468.8,1.544352404733471,8.0
578,113.0,7.091575091575091,467.93877863424166,467.93877863424166,2.021978021978022,F-47,ST-80B,4,4th,55.2,468.8,1.544352404733471,8.0
579,113.0,7.106227106227106,467.93877863424166,467.93877863424166,2.0366300366300365,F-47,ST-80B,4,4th,55.2,468.8,1.544352404733471,8.0
580,114.0,7.1208791208791204,466.3944262295082,466.3944262295082,2.051282051282051,F-47,ST-80B,4,4th,55.2,468.8,1.544352404733471,8.0
581,115.0,7.135531135531136,464.85007382477477,464.85007382477477,2.0659340659340666,F-47,ST-80B,4,4th,55.2,468.8,1.544352404733471,8.0
582,115.5,7.1501831501831505,464.077897622408,464.077897622408,2.080586080586081,F-47,ST-80B,4,4th,55.2,468.8,1.544352404733471,8.0
583,115.5,7.164835164835165,464.077897622408,464.077897622408,2.095238095238096,F-47,ST-80B,4,4th,55.2,468.8,1.544352404733471,8.0
584,115.5,7.17948717948718,464.077897622408,464.077897622408,2.1098901098901104,F-47,ST-80B,4,4th,55.2,468.8,1.544352404733471,8.0
585,116.0,7.194139194139194,463.30572142004127,463.30572142004127,2.124542124542125,F-47,ST-80B,4,4th,55.2,468.8,1.544352404733471,8.0
586,117.0,7.208791208791209,461.7613690153078,461.7613690153078,2.1391941391941396,F-47,ST-80B,4,4th,55.2,468.8,1.544352404733471,8.0
587,118.0,7.2234432234432235,460.2170166105743,460.2170166105743,2.153846153846154,F-47,ST-80B,4,4th,55.2,468.8,1.544352404733471,8.0
588,119.0,7.238095238095238,458.6726642058409,458.6726642058409,2.168498168498169,F-47,ST-80B,4,4th,55.2,468.8,1.544352404733471,8.0
589,119.5,7.252747252747253,457.90048800347415,457.90048800347415,2.1831501831501834,F-47,ST-80B,4,4th,55.2,468.8,1.544352404733471,8.0
590,119.5,7.267399267399267,457.90048800347415,457.90048800347415,2.197802197802198,F-47,ST-80B,4,4th,55.2,468.8,1.544352404733471,8.0
591,120.0,7.282051282051282,457.1283118011074,457.1283118011074,2.2124542124542126,F-47,ST-80B,4,4th,55.2,468.8,1.544352404733471,8.0
592,120.0,7.2967032967032965,457.1283118011074,457.1283118011074,2.227106227106227,F-47,ST-80B,4,4th,55.2,468.8,1.544352404733471,8.0
593,120.5,7.311355311355311,456.35613559874065,456.35613559874065,2.241758241758242,F-47,ST-80B,4,4th,55.2,468.8,1.544352404733471,8.0
594,122.0,7.326007326007326,454.0396069916404,454.0396069916404,2.2564102564102564,F-47,ST-80B,4,4th,55.2,468.8,1.544352404733471,8.0
595,123.0,7.34065934065934,452.495254586907,452.495254586907,2.271062271062271,F-47,ST-80B,4,4th,55.2,468.8,1.544352404733471,8.0
596,123.5,7.355311355311355,451.72307838454026,451.72307838454026,2.2857142857142856,F-47,ST-80B,4,4th,55.2,468.8,1.544352404733471,8.0
597,123.5,7.3699633699633695,451.72307838454026,451.72307838454026,2.3003663003663,F-47,ST-80B,4,4th,55.2,468.8,1.544352404733471,8.0
598,123.5,7.384615384615385,451.72307838454026,451.72307838454026,2.3150183150183157,F-47,ST-80B,4,4th,55.2,468.8,1.544352404733471,8.0
599,124.0,7.3992673992674,450.9509021821735,450.9509021821735,2.3296703296703303,F-47,ST-80B,4,4th,55.2,468.8,1.544352404733471,8.0
600,124.5,7.413919413919414,450.17872597980676,450.17872597980676,2.344322344322345,F-47,ST-80B,4,4th,55.2,468.8,1.544352404733471,8.0
601,126.0,7.428571428571429,447.8621973727066,447.8621973727066,2.3589743589743595,F-47,ST-80B,4,4th,55.2,468.8,1.544352404733471,8.0
602,127.0,7.443223443223443,446.3178449679731,446.3178449679731,2.373626373626374,F-47,ST-80B,4,4th,55.2,468.8,1.544352404733471,8.0
603,128.5,7.457875457875458,444.00131636087286,444.00131636087286,2.3882783882783887,F-47,ST-80B,4,4th,55.2,468.8,1.544352404733471,8.0
604,128.5,7.472527472527473,444.00131636087286,444.00131636087286,2.4029304029304033,F-47,ST-80B,4,4th,55.2,468.8,1.544352404733471,8.0
605,128.5,7.487179487179487,444.00131636087286,444.00131636087286,2.417582417582418,F-47,ST-80B,4,4th,55.2,468.8,1.544352404733471,8.0
606,129.5,7.501831501831502,442.4569639561394,442.4569639561394,2.4322344322344325,F-47,ST-80B,4,4th,55.2,468.8,1.544352404733471,8.0
607,130.5,7.516483516483516,440.9126115514059,440.9126115514059,2.446886446886447,F-47,ST-80B,4,4th,55.2,468.8,1.544352404733471,8.0
608,131.5,7.531135531135531,439.3682591466725,439.3682591466725,2.4615384615384617,F-47,ST-80B,4,4th,55.2,468.8,1.544352404733471,8.0
609,132.5,7.545787545787546,437.823906741939,437.823906741939,2.4761904761904763,F-47,ST-80B,4,4th,55.2,468.8,1.544352404733471,8.0
610,133.5,7.56043956043956,436.2795543372055,436.2795543372055,2.490842490842491,F-47,ST-80B,4,4th,55.2,468.8,1.544352404733471,8.0
611,133.5,7.575091575091575,436.2795543372055,436.2795543372055,2.5054945054945055,F-47,ST-80B,4,4th,55.2,468.8,1.544352404733471,8.0
612,134.0,7.589743589743589,435.5073781348388,435.5073781348388,2.52014652014652,F-47,ST-80B,4,4th,55.2,468.8,1.544352404733471,8.0
613,134.5,7.604395604395604,434.7352019324721,434.7352019324721,2.5347985347985347,F-47,ST-80B,4,4th,55.2,468.8,1.544352404733471,8.0
614,136.0,7.619047619047619,432.41867332537186,432.41867332537186,2.5494505494505493,F-47,ST-80B,4,4th,55.2,468.8,1.544352404733471,8.0
615,137.0,7.633699633699634,430.8743209206384,430.8743209206384,2.5641025641025648,F-47,ST-80B,4,4th,55.2,468.8,1.544352404733471,8.0
616,138.5,7.648351648351649,428.5577923135382,428.5577923135382,2.5787545787545794,F-47,ST-80B,4,4th,55.2,468.8,1.544352404733471,8.0
617,138.5,7.663003663003663,428.5577923135382,428.5577923135382,2.593406593406594,F-47,ST-80B,4,4th,55.2,468.8,1.544352404733471,8.0
618,139.5,7.677655677655678,427.0134399088047,427.0134399088047,2.6080586080586086,F-47,ST-80B,4,4th,55.2,468.8,1.544352404733471,8.0
619,140.5,7.6923076923076925,425.46908750407124,425.46908750407124,2.622710622710623,F-47,ST-80B,4,4th,55.2,468.8,1.544352404733471,8.0
620,141.0,7.706959706959707,424.6969113017045,424.6969113017045,2.6373626373626378,F-47,ST-80B,4,4th,55.2,468.8,1.544352404733471,8.0
621,141.5,7.721611721611722,423.92473509933774,423.92473509933774,2.6520146520146524,F-47,ST-80B,4,4th,55.2,468.8,1.544352404733471,8.0
622,142.0,7.736263736263736,423.152558896971,423.152558896971,2.666666666666667,F-47,ST-80B,4,4th,55.2,468.8,1.544352404733471,8.0
623,143.0,7.750915750915751,421.60820649223757,422.3803826946043,2.6813186813186816,F-47,ST-80B,4,4th,55.2,468.8,1.544352404733471,8.0
624,142.5,7.7655677655677655,422.3803826946043,422.3803826946043,2.695970695970696,F-47,ST-80B,4,4th,55.2,468.8,1.544352404733471,8.0
625,143.0,7.78021978021978,421.60820649223757,422.3803826946043,2.7106227106227108,F-47,ST-80B,4,4th,55.2,468.8,1.544352404733471,8.0
626,142.5,7.794871794871795,422.3803826946043,421.99429459342093,2.7252747252747254,F-47,ST-80B,4,4th,55.2,468.8,1.544352404733471,8.0
