source_table,test_family,area,soil_type,specimen_id,depth_m,stage,sigma_c_net_kPa,matric_suction_kPa,sigma_a_peak_kPa,gamma_d_g_cm3,degree_saturation,qc_specimen_id_outside_program_range,qc_id_note,qc_source_confirmed,tube_id,q_peak_kPa,proposed_split,deviator_stress_peak_kPa,peak_stress_definition,stage_index,heldout_tube,model,q_pred_kPa,residual_kPa
F1,single_stage,0.25:1 Slope,MH,ST-124,1.2-1.8,single,137.9,62.1,353.0,1.2,0.81,True,source-confirmed in Appendix F; outside initial tube-range summary,True,ST-124,353.0,holdout,353.0,measured peak deviatoric stress from Appendix F,1,ST-124,MC_baseline,385.8595762135287,32.859576213528726
F1,single_stage,0.25:1 Slope,MH,ST-124,1.2-1.8,single,137.9,62.1,353.0,1.2,0.81,True,source-confirmed in Appendix F; outside initial tube-range summary,True,ST-124,353.0,holdout,353.0,measured peak deviatoric stress from Appendix F,1,ST-124,Fredlund,459.4384819141081,106.43848191410808
F1,single_stage,0.5:1 Slope,MH,ST-36,0.6-1.2,single,27.6,152.0,264.5,1.27,0.6,False,,True,ST-36,264.5,holdout,264.5,measured peak deviatoric stress from Appendix F,1,ST-36,MC_baseline,160.64400039593409,-103.85599960406591
F1,single_stage,0.5:1 Slope,MH,ST-36,0.6-1.2,single,27.6,152.0,264.5,1.27,0.6,False,,True,ST-36,264.5,holdout,264.5,measured peak deviatoric stress from Appendix F,1,ST-36,Fredlund,218.85094683180597,-45.64905316819403
F2,multistage,0.5:1 Slope,MH,ST-37A,2.0-2.5,1st,20.7,82.7,177.4,1.19,0.54,False,,True,ST-37,177.4,calibration,177.4,measured peak deviatoric stress from Appendix F,1,ST-37,MC_baseline,155.85661599105111,-21.54338400894889
F2,multistage,0.5:1 Slope,MH,ST-37A,2.0-2.5,2nd,20.7,124.1,195.6,1.21,0.49,False,,True,ST-37,195.6,calibration,195.6,measured peak deviatoric stress from Appendix F,2,ST-37,MC_baseline,155.85661599105111,-39.74338400894888
F2,multistage,0.5:1 Slope,MH,ST-37B,2.0-2.5,1st,20.7,93.1,177.2,1.08,0.65,False,,True,ST-37,177.2,calibration,177.2,measured peak deviatoric stress from Appendix F,1,ST-37,MC_baseline,155.85661599105111,-21.343384008948874
F2,multistage,0.5:1 Slope,MH,ST-37B,2.0-2.5,2nd,20.7,124.1,197.2,1.09,0.6,False,,True,ST-37,197.2,calibration,197.2,measured peak deviatoric stress from Appendix F,2,ST-37,MC_baseline,155.85661599105111,-41.343384008948874
F2,multistage,0.5:1 Slope,MH,ST-37A,2.0-2.5,1st,20.7,82.7,177.4,1.19,0.54,False,,True,ST-37,177.4,calibration,177.4,measured peak deviatoric stress from Appendix F,1,ST-37,Fredlund,158.12099467504487,-19.279005324955136
F2,multistage,0.5:1 Slope,MH,ST-37A,2.0-2.5,2nd,20.7,124.1,195.6,1.21,0.49,False,,True,ST-37,195.6,calibration,195.6,measured peak deviatoric stress from Appendix F,2,ST-37,Fredlund,194.43552609963123,-1.1644739003687619
F2,multistage,0.5:1 Slope,MH,ST-37B,2.0-2.5,1st,20.7,93.1,177.2,1.08,0.65,False,,True,ST-37,177.2,calibration,177.2,measured peak deviatoric stress from Appendix F,1,ST-37,Fredlund,167.2434856609313,-9.95651433906869
F2,multistage,0.5:1 Slope,MH,ST-37B,2.0-2.5,2nd,20.7,124.1,197.2,1.09,0.6,False,,True,ST-37,197.2,calibration,197.2,measured peak deviatoric stress from Appendix F,2,ST-37,Fredlund,194.43552609963123,-2.764473900368756
F2,multistage,0.5:1 Slope,MH,ST-38A,2.5-3.0,1st,27.6,75.8,186.5,1.15,0.63,False,,True,ST-38,186.5,holdout,186.5,measured peak deviatoric stress from Appendix F,1,ST-38,MC_baseline,173.86727159437382,-12.632728405626182
F2,multistage,0.5:1 Slope,MH,ST-38A,2.5-3.0,2nd,27.6,137.9,180.1,1.16,0.59,False,,True,ST-38,180.1,holdout,180.1,measured peak deviatoric stress from Appendix F,2,ST-38,MC_baseline,173.86727159437382,-6.232728405626176
F2,multistage,0.5:1 Slope,MH,ST-38B,2.5-3.0,1st,27.6,20.7,103.4,1.08,0.91,False,,True,ST-38,103.4,holdout,103.4,measured peak deviatoric stress from Appendix F,1,ST-38,MC_baseline,173.86727159437382,70.46727159437381
F2,multistage,0.5:1 Slope,MH,ST-38B,2.5-3.0,2nd,27.6,89.6,195.1,1.09,0.65,False,,True,ST-38,195.1,holdout,195.1,measured peak deviatoric stress from Appendix F,2,ST-38,MC_baseline,173.86727159437382,-21.232728405626176
F2,multistage,0.5:1 Slope,MH,ST-38A,2.5-3.0,1st,27.6,75.8,186.5,1.15,0.63,False,,True,ST-38,186.5,holdout,186.5,measured peak deviatoric stress from Appendix F,1,ST-38,Fredlund,170.2906004575086,-16.20939954249141
F2,multistage,0.5:1 Slope,MH,ST-38A,2.5-3.0,2nd,27.6,137.9,180.1,1.16,0.59,False,,True,ST-38,180.1,holdout,180.1,measured peak deviatoric stress from Appendix F,2,ST-38,Fredlund,226.21270280306695,46.11270280306695
F2,multistage,0.5:1 Slope,MH,ST-38B,2.5-3.0,1st,27.6,20.7,103.4,1.08,0.91,False,,True,ST-38,103.4,holdout,103.4,measured peak deviatoric stress from Appendix F,1,ST-38,Fredlund,120.6721167338328,17.27211673383279
F2,multistage,0.5:1 Slope,MH,ST-38B,2.5-3.0,2nd,27.6,89.6,195.1,1.09,0.65,False,,True,ST-38,195.1,holdout,195.1,measured peak deviatoric stress from Appendix F,2,ST-38,Fredlund,182.7177343120771,-12.382265687922882
F2,multistage,0.5:1 Slope,MH,ST-39A,4.9-5.5,1st,20.7,55.2,146.1,1.08,0.67,False,,True,ST-39,146.1,calibration,146.1,measured peak deviatoric stress from Appendix F,1,ST-39,MC_baseline,161.3533499401504,15.2533499401504
F2,multistage,0.5:1 Slope,MH,ST-39A,4.9-5.5,2nd,20.7,82.7,166.2,1.09,0.61,False,,True,ST-39,166.2,calibration,166.2,measured peak deviatoric stress from Appendix F,2,ST-39,MC_baseline,161.3533499401504,-4.846650059849594
F2,multistage,0.5:1 Slope,MH,ST-39B,4.9-5.5,1st,34.5,55.2,143.5,1.1,0.66,False,,True,ST-39,143.5,calibration,143.5,measured peak deviatoric stress from Appendix F,1,ST-39,MC_baseline,186.43789470835708,42.93789470835708
F2,multistage,0.5:1 Slope,MH,ST-39B,4.9-5.5,2nd,34.5,106.9,207.3,1.11,0.59,False,,True,ST-39,207.3,calibration,207.3,measured peak deviatoric stress from Appendix F,2,ST-39,MC_baseline,186.43789470835708,-20.862105291642933
F2,multistage,0.5:1 Slope,MH,ST-39A,4.9-5.5,1st,20.7,55.2,146.1,1.08,0.67,False,,True,ST-39,146.1,calibration,146.1,measured peak deviatoric stress from Appendix F,1,ST-39,Fredlund,135.35322285194692,-10.74677714805307
F2,multistage,0.5:1 Slope,MH,ST-39A,4.9-5.5,2nd,20.7,82.7,166.2,1.09,0.61,False,,True,ST-39,166.2,calibration,166.2,measured peak deviatoric stress from Appendix F,2,ST-39,Fredlund,159.55305108360892,-6.646948916391068
F2,multistage,0.5:1 Slope,MH,ST-39B,4.9-5.5,1st,34.5,55.2,143.5,1.1,0.66,False,,True,ST-39,143.5,calibration,143.5,measured peak deviatoric stress from Appendix F,1,ST-39,Fredlund,167.53339731398071,24.033397313980714
F2,multistage,0.5:1 Slope,MH,ST-39B,4.9-5.5,2nd,34.5,106.9,207.3,1.11,0.59,False,,True,ST-39,207.3,calibration,207.3,measured peak deviatoric stress from Appendix F,2,ST-39,Fredlund,213.02907438950527,5.729074389505257
F1,single_stage,0.5:1 Slope,MH,ST-40,3.1-3.7,single,34.5,34.5,160.0,1.16,0.75,False,,True,ST-40,160.0,calibration,160.0,measured peak deviatoric stress from Appendix F,1,ST-40,MC_baseline,188.36055803047316,28.360558030473157
F1,single_stage,0.5:1 Slope,MH,ST-40,3.1-3.7,single,34.5,34.5,160.0,1.16,0.75,False,,True,ST-40,160.0,calibration,160.0,measured peak deviatoric stress from Appendix F,1,ST-40,Fredlund,146.61222302219286,-13.387776977807135
F1,single_stage,0.5:1 Slope,MH,ST-42,8.5-9.1,single,75.8,20.7,200.5,1.32,0.98,False,,True,ST-42,200.5,calibration,200.5,measured peak deviatoric stress from Appendix F,1,ST-42,MC_baseline,265.57465634556473,65.07465634556473
F1,single_stage,0.5:1 Slope,MH,ST-42,8.5-9.1,single,75.8,20.7,200.5,1.32,0.98,False,,True,ST-42,200.5,calibration,200.5,measured peak deviatoric stress from Appendix F,1,ST-42,Fredlund,237.7286808817253,37.228680881725296
F1,single_stage,0.5:1 Slope,MH,ST-43,10.3-10.9,single,103.4,13.8,388.9,1.67,0.98,False,,True,ST-43,388.9,calibration,388.9,measured peak deviatoric stress from Appendix F,1,ST-43,MC_baseline,299.21294870339466,-89.68705129660532
F1,single_stage,0.5:1 Slope,MH,ST-43,10.3-10.9,single,103.4,13.8,388.9,1.67,0.98,False,,True,ST-43,388.9,calibration,388.9,measured peak deviatoric stress from Appendix F,1,ST-43,Fredlund,272.2567259756663,-116.64327402433366
F1,single_stage,0.25:1 Slope,MH,ST-47,0.7-1.3,single,82.7,89.6,292.8,1.09,0.65,False,,True,ST-47,292.8,calibration,292.8,measured peak deviatoric stress from Appendix F,1,ST-47,MC_baseline,272.22001828525333,-20.57998171474668
F1,single_stage,0.25:1 Slope,MH,ST-47,0.7-1.3,single,82.7,89.6,292.8,1.09,0.65,False,,True,ST-47,292.8,calibration,292.8,measured peak deviatoric stress from Appendix F,1,ST-47,Fredlund,313.45939265218334,20.659392652183328
F2,multistage,0.25:1 Slope,MH,ST-49A,2.0-2.5,1st,24.1,75.8,168.2,1.13,0.65,False,,True,ST-49,168.2,calibration,168.2,measured peak deviatoric stress from Appendix F,1,ST-49,MC_baseline,165.7861850946178,-2.4138149053821962
F2,multistage,0.25:1 Slope,MH,ST-49A,2.0-2.5,2nd,24.1,120.7,202.7,1.13,0.62,False,,True,ST-49,202.7,calibration,202.7,measured peak deviatoric stress from Appendix F,2,ST-49,MC_baseline,165.7861850946178,-36.913814905382196
F2,multistage,0.25:1 Slope,MH,ST-49B,2.0-2.5,1st,24.1,27.6,111.7,1.12,0.9,False,,True,ST-49,111.7,calibration,111.7,measured peak deviatoric stress from Appendix F,1,ST-49,MC_baseline,165.7861850946178,54.08618509461779
F2,multistage,0.25:1 Slope,MH,ST-49B,2.0-2.5,2nd,24.1,89.6,169.6,1.12,0.69,False,,True,ST-49,169.6,calibration,169.6,measured peak deviatoric stress from Appendix F,2,ST-49,MC_baseline,165.7861850946178,-3.813814905382202
F2,multistage,0.25:1 Slope,MH,ST-49B,2.0-2.5,3rd,24.1,137.9,206.2,1.13,0.58,False,,True,ST-49,206.2,calibration,206.2,measured peak deviatoric stress from Appendix F,3,ST-49,MC_baseline,165.7861850946178,-40.413814905382196
F2,multistage,0.25:1 Slope,MH,ST-49A,2.0-2.5,1st,24.1,75.8,168.2,1.13,0.65,False,,True,ST-49,168.2,calibration,168.2,measured peak deviatoric stress from Appendix F,1,ST-49,Fredlund,161.51098450763993,-6.689015492360056
F2,multistage,0.25:1 Slope,MH,ST-49A,2.0-2.5,2nd,24.1,120.7,202.7,1.13,0.62,False,,True,ST-49,202.7,calibration,202.7,measured peak deviatoric stress from Appendix F,2,ST-49,Fredlund,201.10820809607503,-1.5917919039249568
F2,multistage,0.25:1 Slope,MH,ST-49B,2.0-2.5,1st,24.1,27.6,111.7,1.12,0.9,False,,True,ST-49,111.7,calibration,111.7,measured peak deviatoric stress from Appendix F,1,ST-49,Fredlund,119.00349727016616,7.303497270166162
F2,multistage,0.25:1 Slope,MH,ST-49B,2.0-2.5,2nd,24.1,89.6,169.6,1.12,0.69,False,,True,ST-49,169.6,calibration,169.6,measured peak deviatoric stress from Appendix F,2,ST-49,Fredlund,173.6811779490743,4.081177949074316
F2,multistage,0.25:1 Slope,MH,ST-49B,2.0-2.5,3rd,24.1,137.9,206.2,1.13,0.58,False,,True,ST-49,206.2,calibration,206.2,measured peak deviatoric stress from Appendix F,3,ST-49,Fredlund,216.27685499409472,10.076854994094731
F1,single_stage,0.25:1 Slope,MH,ST-50,3.0-3.5,single,41.4,62.1,197.2,1.11,0.71,False,,True,ST-50,197.2,calibration,197.2,measured peak deviatoric stress from Appendix F,1,ST-50,MC_baseline,198.31911237240422,1.1191123724042313
F1,single_stage,0.25:1 Slope,MH,ST-50,3.0-3.5,single,41.4,62.1,197.2,1.11,0.71,False,,True,ST-50,197.2,calibration,197.2,measured peak deviatoric stress from Appendix F,1,ST-50,Fredlund,188.75982738623088,-8.440172613769107
F2,multistage,0.25:1 Slope,MH,ST-51,3.0-3.5,1st,41.4,44.8,159.3,1.08,0.76,False,,True,ST-51,159.3,calibration,159.3,measured peak deviatoric stress from Appendix F,1,ST-51,MC_baseline,199.86243700272192,40.56243700272191
F2,multistage,0.25:1 Slope,MH,ST-51,3.0-3.5,2nd,41.4,89.6,200.0,1.09,0.72,False,,True,ST-51,200.0,calibration,200.0,measured peak deviatoric stress from Appendix F,2,ST-51,MC_baseline,199.86243700272192,-0.1375629972780814
F2,multistage,0.25:1 Slope,MH,ST-51,3.0-3.5,1st,41.4,44.8,159.3,1.08,0.76,False,,True,ST-51,159.3,calibration,159.3,measured peak deviatoric stress from Appendix F,1,ST-51,Fredlund,175.6492574074276,16.349257407427586
F2,multistage,0.25:1 Slope,MH,ST-51,3.0-3.5,2nd,41.4,89.6,200.0,1.09,0.72,False,,True,ST-51,200.0,calibration,200.0,measured peak deviatoric stress from Appendix F,2,ST-51,Fredlund,214.86558183803666,14.865581838036661
F2,multistage,0.25:1 Slope,MH,ST-52,5.6-6.2,1st,62.1,31.0,215.5,1.19,0.91,False,,True,ST-52,215.5,calibration,215.5,measured peak deviatoric stress from Appendix F,1,ST-52,MC_baseline,235.82324180914208,20.323241809142075
F2,multistage,0.25:1 Slope,MH,ST-52,5.6-6.2,2nd,62.1,62.1,266.3,1.2,0.86,False,,True,ST-52,266.3,calibration,266.3,measured peak deviatoric stress from Appendix F,2,ST-52,MC_baseline,235.82324180914208,-30.476758190857936
F2,multistage,0.25:1 Slope,MH,ST-52,5.6-6.2,1st,62.1,31.0,215.5,1.19,0.91,False,,True,ST-52,215.5,calibration,215.5,measured peak deviatoric stress from Appendix F,1,ST-52,Fredlund,209.2652255100133,-6.234774489986705
F2,multistage,0.25:1 Slope,MH,ST-52,5.6-6.2,2nd,62.1,62.1,266.3,1.2,0.86,False,,True,ST-52,266.3,calibration,266.3,measured peak deviatoric stress from Appendix F,2,ST-52,Fredlund,236.7361305973749,-29.5638694026251
F1,single_stage,0.25:1 Slope,MH,ST-53,7.7-8.3,single,82.7,27.6,202.7,1.17,0.92,False,,True,ST-53,202.7,calibration,202.7,measured peak deviatoric stress from Appendix F,1,ST-53,MC_baseline,279.878115629838,77.17811562983803
F1,single_stage,0.25:1 Slope,MH,ST-53,7.7-8.3,single,82.7,27.6,202.7,1.17,0.92,False,,True,ST-53,202.7,calibration,202.7,measured peak deviatoric stress from Appendix F,1,ST-53,Fredlund,261.3883668948038,58.688366894803835
F1,single_stage,0.25:1 Slope,MH,ST-54,9.2-9.8,single,93.1,24.1,239.9,1.36,0.94,False,,True,ST-54,239.9,calibration,239.9,measured peak deviatoric stress from Appendix F,1,ST-54,MC_baseline,299.0096646259628,59.10966462596278
F1,single_stage,0.25:1 Slope,MH,ST-54,9.2-9.8,single,93.1,24.1,239.9,1.36,0.94,False,,True,ST-54,239.9,calibration,239.9,measured peak deviatoric stress from Appendix F,1,ST-54,Fredlund,281.74274495759244,41.84274495759243
F1,single_stage,0.5:1 Slope,MH,ST-91,3.0-3.5,single,69.0,27.6,187.5,1.3,0.92,False,,True,ST-91,187.5,holdout,187.5,measured peak deviatoric stress from Appendix F,1,ST-91,MC_baseline,252.71639677760763,65.21639677760763
F1,single_stage,0.5:1 Slope,MH,ST-91,3.0-3.5,single,69.0,27.6,187.5,1.3,0.92,False,,True,ST-91,187.5,holdout,187.5,measured peak deviatoric stress from Appendix F,1,ST-91,Fredlund,227.64891382414882,40.14891382414882
F1,single_stage,0.5:1 Slope,MH,ST-94,12.0-12.6,single,113.8,37.9,433.7,1.36,0.94,False,,True,ST-94,433.7,calibration,433.7,measured peak deviatoric stress from Appendix F,1,ST-94,MC_baseline,307.2454318724848,-126.45456812751519
F1,single_stage,0.5:1 Slope,MH,ST-94,12.0-12.6,single,113.8,37.9,433.7,1.36,0.94,False,,True,ST-94,433.7,calibration,433.7,measured peak deviatoric stress from Appendix F,1,ST-94,Fredlund,314.65813204472624,-119.04186795527374
F3,multistage,Sheet pile,ML,ST-30,4.9-5.5,1st,48.3,6.9,133.6,1.4,0.84,False,,True,ST-30,133.6,holdout,133.6,measured peak deviatoric stress from Appendix F,1,ST-30,MC_baseline,232.5770582822901,98.9770582822901
F3,multistage,Sheet pile,ML,ST-30,4.9-5.5,2nd,48.3,48.3,196.2,1.4,0.7,False,,True,ST-30,196.2,holdout,196.2,measured peak deviatoric stress from Appendix F,2,ST-30,MC_baseline,232.5770582822901,36.37705828229011
F3,multistage,Sheet pile,ML,ST-30,4.9-5.5,3rd,96.5,48.3,311.9,1.41,0.71,False,,True,ST-30,311.9,holdout,311.9,measured peak deviatoric stress from Appendix F,3,ST-30,MC_baseline,329.83747295850213,17.937472958502156
F3,multistage,Sheet pile,ML,ST-30,4.9-5.5,1st,48.3,6.9,133.6,1.4,0.84,False,,True,ST-30,133.6,holdout,133.6,measured peak deviatoric stress from Appendix F,1,ST-30,Fredlund,200.43957600076538,66.83957600076539
F3,multistage,Sheet pile,ML,ST-30,4.9-5.5,2nd,48.3,48.3,196.2,1.4,0.7,False,,True,ST-30,196.2,holdout,196.2,measured peak deviatoric stress from Appendix F,2,ST-30,Fredlund,222.58479177834445,26.384791778344464
F3,multistage,Sheet pile,ML,ST-30,4.9-5.5,3rd,96.5,48.3,311.9,1.41,0.71,False,,True,ST-30,311.9,holdout,311.9,measured peak deviatoric stress from Appendix F,3,ST-30,Fredlund,330.4119282078437,18.51192820784371
F3,multistage,Sheet pile,ML,ST-34A,13.5-14.1,1st,89.6,6.9,253.3,1.56,0.81,False,,True,ST-34,253.3,calibration,253.3,measured peak deviatoric stress from Appendix F,1,ST-34,MC_baseline,314.8567405681612,61.55674056816116
F3,multistage,Sheet pile,ML,ST-34A,13.5-14.1,2nd,89.6,27.6,316.1,1.56,0.8,False,,True,ST-34,316.1,calibration,316.1,measured peak deviatoric stress from Appendix F,2,ST-34,MC_baseline,314.8567405681612,-1.243259431838851
F3,multistage,Sheet pile,ML,ST-34A,13.5-14.1,3rd,89.6,55.2,351.2,1.56,0.73,False,,True,ST-34,351.2,calibration,351.2,measured peak deviatoric stress from Appendix F,3,ST-34,MC_baseline,314.8567405681612,-36.34325943183882
F3,multistage,Sheet pile,ML,ST-34B,13.5-14.1,1st,44.8,6.9,173.4,1.54,0.78,False,,True,ST-34,173.4,calibration,173.4,measured peak deviatoric stress from Appendix F,1,ST-34,MC_baseline,221.04977976609774,47.64977976609774
F3,multistage,Sheet pile,ML,ST-34B,13.5-14.1,2nd,89.6,6.9,254.0,1.57,0.77,False,,True,ST-34,254.0,calibration,254.0,measured peak deviatoric stress from Appendix F,2,ST-34,MC_baseline,314.8567405681612,60.85674056816117
F3,multistage,Sheet pile,ML,ST-34B,13.5-14.1,3rd,89.6,27.6,288.9,1.57,0.75,False,,True,ST-34,288.9,calibration,288.9,measured peak deviatoric stress from Appendix F,3,ST-34,MC_baseline,314.8567405681612,25.956740568161194
F3,multistage,Sheet pile,ML,ST-34A,13.5-14.1,1st,89.6,6.9,253.3,1.56,0.81,False,,True,ST-34,253.3,calibration,253.3,measured peak deviatoric stress from Appendix F,1,ST-34,Fredlund,288.5776735834539,35.27767358345386
F3,multistage,Sheet pile,ML,ST-34A,13.5-14.1,2nd,89.6,27.6,316.1,1.56,0.8,False,,True,ST-34,316.1,calibration,316.1,measured peak deviatoric stress from Appendix F,2,ST-34,Fredlund,300.9824421631481,-15.117557836851915
F3,multistage,Sheet pile,ML,ST-34A,13.5-14.1,3rd,89.6,55.2,351.2,1.56,0.73,False,,True,ST-34,351.2,calibration,351.2,measured peak deviatoric stress from Appendix F,3,ST-34,Fredlund,317.52213360274044,-33.67786639725955
F3,multistage,Sheet pile,ML,ST-34B,13.5-14.1,1st,44.8,6.9,173.4,1.54,0.78,False,,True,ST-34,173.4,calibration,173.4,measured peak deviatoric stress from Appendix F,1,ST-34,Fredlund,184.85713182045947,11.457131820459466
F3,multistage,Sheet pile,ML,ST-34B,13.5-14.1,2nd,89.6,6.9,254.0,1.57,0.77,False,,True,ST-34,254.0,calibration,254.0,measured peak deviatoric stress from Appendix F,2,ST-34,Fredlund,288.5776735834539,34.57767358345387
F3,multistage,Sheet pile,ML,ST-34B,13.5-14.1,3rd,89.6,27.6,288.9,1.57,0.75,False,,True,ST-34,288.9,calibration,288.9,measured peak deviatoric stress from Appendix F,3,ST-34,Fredlund,300.9824421631481,12.08244216314813
F2,multistage,0.25:1 Slope,ML,ST-57,13.6-14.2,1st,131.0,10.3,318.4,1.69,0.9,False,,True,ST-57,318.4,calibration,318.4,measured peak deviatoric stress from Appendix F,1,ST-57,MC_baseline,412.5036277649012,94.1036277649012
F2,multistage,0.25:1 Slope,ML,ST-57,13.6-14.2,2nd,131.0,41.4,366.5,1.69,0.79,False,,True,ST-57,366.5,calibration,366.5,measured peak deviatoric stress from Appendix F,2,ST-57,MC_baseline,412.5036277649012,46.00362776490118
F2,multistage,0.25:1 Slope,ML,ST-57,13.6-14.2,3rd,131.0,62.1,377.8,1.7,0.7,False,,True,ST-57,377.8,calibration,377.8,measured peak deviatoric stress from Appendix F,3,ST-57,MC_baseline,412.5036277649012,34.70362776490117
F2,multistage,0.25:1 Slope,ML,ST-57,13.6-14.2,1st,131.0,10.3,318.4,1.69,0.9,False,,True,ST-57,318.4,calibration,318.4,measured peak deviatoric stress from Appendix F,1,ST-57,Fredlund,397.7552618477706,79.35526184777063
F2,multistage,0.25:1 Slope,ML,ST-57,13.6-14.2,2nd,131.0,41.4,366.5,1.69,0.79,False,,True,ST-57,366.5,calibration,366.5,measured peak deviatoric stress from Appendix F,2,ST-57,Fredlund,418.05358767650443,51.553587676504435
F2,multistage,0.25:1 Slope,ML,ST-57,13.6-14.2,3rd,131.0,62.1,377.8,1.7,0.7,False,,True,ST-57,377.8,calibration,377.8,measured peak deviatoric stress from Appendix F,3,ST-57,Fredlund,431.5640489194237,53.764048919423715
F2,multistage,1:1 Slope,ML,ST-62,4.0-4.5,1st,41.4,41.4,174.4,1.72,0.81,False,,True,ST-62,174.4,calibration,174.4,measured peak deviatoric stress from Appendix F,1,ST-62,MC_baseline,214.81366933238684,40.41366933238683
F2,multistage,1:1 Slope,ML,ST-62,4.0-4.5,2nd,41.4,69.0,218.6,1.73,0.78,False,,True,ST-62,218.6,calibration,218.6,measured peak deviatoric stress from Appendix F,2,ST-62,MC_baseline,214.81366933238684,-3.786330667613157
F2,multistage,1:1 Slope,ML,ST-62,4.0-4.5,1st,41.4,41.4,174.4,1.72,0.81,False,,True,ST-62,174.4,calibration,174.4,measured peak deviatoric stress from Appendix F,1,ST-62,Fredlund,198.09976785858035,23.699767858580344
F2,multistage,1:1 Slope,ML,ST-62,4.0-4.5,2nd,41.4,69.0,218.6,1.73,0.78,False,,True,ST-62,218.6,calibration,218.6,measured peak deviatoric stress from Appendix F,2,ST-62,Fredlund,215.4061169227201,-3.1938830772799065
F2,multistage,1:1 Slope,ML,ST-64,7.5-8.0,1st,75.8,34.5,237.9,1.68,0.8,False,,True,ST-64,237.9,calibration,237.9,measured peak deviatoric stress from Appendix F,1,ST-64,MC_baseline,286.8260959833838,48.92609598338382
F2,multistage,1:1 Slope,ML,ST-64,7.5-8.0,2nd,75.8,69.0,257.9,1.69,0.7,False,,True,ST-64,257.9,calibration,257.9,measured peak deviatoric stress from Appendix F,2,ST-64,MC_baseline,286.8260959833838,28.926095983383846
F2,multistage,1:1 Slope,ML,ST-64,7.5-8.0,1st,75.8,34.5,237.9,1.68,0.8,False,,True,ST-64,237.9,calibration,237.9,measured peak deviatoric stress from Appendix F,1,ST-64,Fredlund,274.32170303367604,36.42170303367604
F2,multistage,1:1 Slope,ML,ST-64,7.5-8.0,2nd,75.8,69.0,257.9,1.69,0.7,False,,True,ST-64,257.9,calibration,257.9,measured peak deviatoric stress from Appendix F,2,ST-64,Fredlund,296.66899726607704,38.768997266077065
F1,single_stage,1:1 Slope,ML,ST-65A,9.4-10.0,single,82.7,31.0,388.2,1.67,0.98,False,,True,ST-65,388.2,holdout,388.2,measured peak deviatoric stress from Appendix F,1,ST-65,MC_baseline,291.89450737145097,-96.30549262854902
F1,single_stage,1:1 Slope,ML,ST-65B,9.4-10.0,single,100.0,31.0,432.3,1.71,0.99,False,,True,ST-65,432.3,holdout,432.3,measured peak deviatoric stress from Appendix F,1,ST-65,MC_baseline,327.25070364237956,-105.04929635762045
F1,single_stage,1:1 Slope,ML,ST-65A,9.4-10.0,single,82.7,31.0,388.2,1.67,0.98,False,,True,ST-65,388.2,holdout,388.2,measured peak deviatoric stress from Appendix F,1,ST-65,Fredlund,274.32307853120284,-113.87692146879715
F1,single_stage,1:1 Slope,ML,ST-65B,9.4-10.0,single,100.0,31.0,432.3,1.71,0.99,False,,True,ST-65,432.3,holdout,432.3,measured peak deviatoric stress from Appendix F,1,ST-65,Fredlund,314.61590470855236,-117.68409529144765
F3,multistage,Sheet pile,ML,ST-74,6.3-6.9,1st,62.1,55.2,272.0,1.73,0.71,False,,True,ST-74,272.0,calibration,272.0,measured peak deviatoric stress from Appendix F,1,ST-74,MC_baseline,251.23183350464416,-20.768166495355842
F3,multistage,Sheet pile,ML,ST-74,6.3-6.9,2nd,62.1,82.7,321.7,1.73,0.69,False,,True,ST-74,321.7,calibration,321.7,measured peak deviatoric stress from Appendix F,2,ST-74,MC_baseline,251.23183350464416,-70.46816649535583
F3,multistage,Sheet pile,ML,ST-74,6.3-6.9,1st,62.1,55.2,272.0,1.73,0.71,False,,True,ST-74,272.0,calibration,272.0,measured peak deviatoric stress from Appendix F,1,ST-74,Fredlund,249.83970678472582,-22.16029321527418
F3,multistage,Sheet pile,ML,ST-74,6.3-6.9,2nd,62.1,82.7,321.7,1.73,0.69,False,,True,ST-74,321.7,calibration,321.7,measured peak deviatoric stress from Appendix F,2,ST-74,Fredlund,266.2993892747167,-55.400610725283286
F1,single_stage,Sheet pile,ML,ST-75,7.4-8.0,single,75.8,27.6,281.3,1.63,0.88,False,,True,ST-75,281.3,calibration,281.3,measured peak deviatoric stress from Appendix F,1,ST-75,MC_baseline,284.3561682064696,3.0561682064695788
F1,single_stage,Sheet pile,ML,ST-75,7.4-8.0,single,75.8,27.6,281.3,1.63,0.88,False,,True,ST-75,281.3,calibration,281.3,measured peak deviatoric stress from Appendix F,1,ST-75,Fredlund,265.1000757998901,-16.199924200109933
F1,single_stage,Sheet pile,ML,ST-77,8.0-8.5,single,69.0,55.2,315.8,1.61,0.85,False,,True,ST-77,315.8,calibration,315.8,measured peak deviatoric stress from Appendix F,1,ST-77,MC_baseline,266.03731671685097,-49.762683283149045
F1,single_stage,Sheet pile,ML,ST-77,8.0-8.5,single,69.0,55.2,315.8,1.61,0.85,False,,True,ST-77,315.8,calibration,315.8,measured peak deviatoric stress from Appendix F,1,ST-77,Fredlund,265.4048563368599,-50.39514366314012
F3,multistage,Sheet pile,ML,ST-79A,14.1-14.7,1st,89.6,27.6,319.5,1.71,0.82,False,,True,ST-79,319.5,holdout,319.5,measured peak deviatoric stress from Appendix F,1,ST-79,MC_baseline,313.2513536137508,-6.24864638624922
F3,multistage,Sheet pile,ML,ST-79A,14.1-14.7,2nd,62.1,56.2,357.2,1.71,0.77,False,,True,ST-79,357.2,holdout,357.2,measured peak deviatoric stress from Appendix F,2,ST-79,MC_baseline,251.35117840023872,-105.84882159976127
F3,multistage,Sheet pile,ML,ST-79A,14.1-14.7,3rd,62.1,82.7,383.5,1.72,0.71,False,,True,ST-79,383.5,holdout,383.5,measured peak deviatoric stress from Appendix F,3,ST-79,MC_baseline,251.35117840023872,-132.14882159976128
F3,multistage,Sheet pile,ML,ST-79B,14.1-14.7,1st,144.8,13.8,288.6,1.63,0.9,False,,True,ST-79,288.6,holdout,288.6,measured peak deviatoric stress from Appendix F,1,ST-79,MC_baseline,437.50188713323695,148.90188713323693
F3,multistage,Sheet pile,ML,ST-79B,14.1-14.7,2nd,144.8,41.4,374.9,1.64,0.83,False,,True,ST-79,374.9,holdout,374.9,measured peak deviatoric stress from Appendix F,2,ST-79,MC_baseline,437.50188713323695,62.60188713323697
F3,multistage,Sheet pile,ML,ST-79B,14.1-14.7,3rd,131.0,89.6,469.1,1.64,0.63,False,,True,ST-79,469.1,holdout,469.1,measured peak deviatoric stress from Appendix F,3,ST-79,MC_baseline,406.4392537533654,-62.66074624663463
F3,multistage,Sheet pile,ML,ST-79A,14.1-14.7,1st,89.6,27.6,319.5,1.71,0.82,False,,True,ST-79,319.5,holdout,319.5,measured peak deviatoric stress from Appendix F,1,ST-79,Fredlund,301.49393226586545,-18.006067734134547
F3,multistage,Sheet pile,ML,ST-79A,14.1-14.7,2nd,62.1,56.2,357.2,1.71,0.77,False,,True,ST-79,357.2,holdout,357.2,measured peak deviatoric stress from Appendix F,2,ST-79,Fredlund,250.11496585157215,-107.08503414842784
F3,multistage,Sheet pile,ML,ST-79A,14.1-14.7,3rd,62.1,82.7,383.5,1.72,0.71,False,,True,ST-79,383.5,holdout,383.5,measured peak deviatoric stress from Appendix F,3,ST-79,Fredlund,265.47592762963916,-118.02407237036084
F3,multistage,Sheet pile,ML,ST-79B,14.1-14.7,1st,144.8,13.8,288.6,1.63,0.9,False,,True,ST-79,288.6,holdout,288.6,measured peak deviatoric stress from Appendix F,1,ST-79,Fredlund,429.903297143151,141.30329714315098
F3,multistage,Sheet pile,ML,ST-79B,14.1-14.7,2nd,144.8,41.4,374.9,1.64,0.83,False,,True,ST-79,374.9,holdout,374.9,measured peak deviatoric stress from Appendix F,2,ST-79,Fredlund,445.90188374974156,71.00188374974158
F3,multistage,Sheet pile,ML,ST-79B,14.1-14.7,3rd,131.0,89.6,469.1,1.64,0.63,False,,True,ST-79,469.1,holdout,469.1,measured peak deviatoric stress from Appendix F,3,ST-79,Fredlund,439.73927987262755,-29.360720127372474
F3,multistage,Sheet pile,ML,ST-80A,15.0-15.5,1st,144.8,27.6,409.1,1.66,0.87,False,,True,ST-80,409.1,calibration,409.1,measured peak deviatoric stress from Appendix F,1,ST-80,MC_baseline,423.31088414246045,14.21088414246043
F3,multistage,Sheet pile,ML,ST-80A,15.0-15.5,2nd,144.8,69.0,500.6,1.68,0.65,False,,True,ST-80,500.6,calibration,500.6,measured peak deviatoric stress from Appendix F,2,ST-80,MC_baseline,423.31088414246045,-77.28911585753957
F3,multistage,Sheet pile,ML,ST-80A,15.0-15.5,3rd,144.8,96.5,550.9,1.68,0.56,False,,True,ST-80,550.9,calibration,550.9,measured peak deviatoric stress from Appendix F,3,ST-80,MC_baseline,423.31088414246045,-127.58911585753953
F3,multistage,Sheet pile,ML,ST-80B,15.0-15.5,1st,69.0,6.9,234.3,1.66,0.89,False,,True,ST-80,234.3,calibration,234.3,measured peak deviatoric stress from Appendix F,1,ST-80,MC_baseline,270.10282188387225,35.80282188387224
F3,multistage,Sheet pile,ML,ST-80B,15.0-15.5,2nd,124.1,6.9,297.9,1.66,0.89,False,,True,ST-80,297.9,calibration,297.9,measured peak deviatoric stress from Appendix F,2,ST-80,MC_baseline,381.4717431298908,83.57174312989082
F3,multistage,Sheet pile,ML,ST-80B,15.0-15.5,3rd,124.1,55.2,389.9,1.67,0.72,False,,True,ST-80,389.9,calibration,389.9,measured peak deviatoric stress from Appendix F,3,ST-80,MC_baseline,381.4717431298908,-8.42825687010918
F3,multistage,Sheet pile,ML,ST-80B,15.0-15.5,4th,165.5,55.2,468.8,1.68,0.72,False,,True,ST-80,468.8,calibration,468.8,measured peak deviatoric stress from Appendix F,4,ST-80,MC_baseline,465.15002515503005,-3.649974844969961
F3,multistage,Sheet pile,ML,ST-80A,15.0-15.5,1st,144.8,27.6,409.1,1.66,0.87,False,,True,ST-80,409.1,calibration,409.1,measured peak deviatoric stress from Appendix F,1,ST-80,Fredlund,426.7448867660843,17.644886766084255
F3,multistage,Sheet pile,ML,ST-80A,15.0-15.5,2nd,144.8,69.0,500.6,1.68,0.65,False,,True,ST-80,500.6,calibration,500.6,measured peak deviatoric stress from Appendix F,2,ST-80,Fredlund,448.8228941259773,-51.77710587402271
F3,multistage,Sheet pile,ML,ST-80A,15.0-15.5,3rd,144.8,96.5,550.9,1.68,0.56,False,,True,ST-80,550.9,calibration,550.9,measured peak deviatoric stress from Appendix F,3,ST-80,Fredlund,463.48823717904634,-87.41176282095364
F3,multistage,Sheet pile,ML,ST-80B,15.0-15.5,1st,69.0,6.9,234.3,1.66,0.89,False,,True,ST-80,234.3,calibration,234.3,measured peak deviatoric stress from Appendix F,1,ST-80,Fredlund,243.77396834701267,9.473968347012658
F3,multistage,Sheet pile,ML,ST-80B,15.0-15.5,2nd,124.1,6.9,297.9,1.66,0.89,False,,True,ST-80,297.9,calibration,297.9,measured peak deviatoric stress from Appendix F,2,ST-80,Fredlund,368.75350003732655,70.85350003732657
F3,multistage,Sheet pile,ML,ST-80B,15.0-15.5,3rd,124.1,55.2,389.9,1.67,0.72,False,,True,ST-80,389.9,calibration,389.9,measured peak deviatoric stress from Appendix F,3,ST-80,Fredlund,394.51117529053505,4.611175290535073
F3,multistage,Sheet pile,ML,ST-80B,15.0-15.5,4th,165.5,55.2,468.8,1.68,0.72,False,,True,ST-80,468.8,calibration,468.8,measured peak deviatoric stress from Appendix F,4,ST-80,Fredlund,488.4159413881574,19.61594138815741
F3,multistage,Sheet pile,ML,ST-81,2.4-3.0,1st,20.7,96.5,150.1,1.24,0.42,False,,True,ST-81,150.1,calibration,150.1,measured peak deviatoric stress from Appendix F,1,ST-81,MC_baseline,171.97688815016633,21.876888150166337
F3,multistage,Sheet pile,ML,ST-81,2.4-3.0,2nd,20.7,117.2,163.6,1.25,0.39,False,,True,ST-81,163.6,calibration,163.6,measured peak deviatoric stress from Appendix F,2,ST-81,MC_baseline,171.97688815016633,8.376888150166337
F3,multistage,Sheet pile,ML,ST-81,2.4-3.0,3rd,41.4,117.2,199.6,1.26,0.39,False,,True,ST-81,199.6,calibration,199.6,measured peak deviatoric stress from Appendix F,3,ST-81,MC_baseline,214.6247395901576,15.024739590157594
F3,multistage,Sheet pile,ML,ST-81,2.4-3.0,4th,62.1,117.2,236.9,1.26,0.39,False,,True,ST-81,236.9,calibration,236.9,measured peak deviatoric stress from Appendix F,4,ST-81,MC_baseline,257.2725910301488,20.37259103014881
F3,multistage,Sheet pile,ML,ST-81,2.4-3.0,1st,20.7,96.5,150.1,1.24,0.42,False,,True,ST-81,150.1,calibration,150.1,measured peak deviatoric stress from Appendix F,1,ST-81,Fredlund,204.02715159631043,53.92715159631044
F3,multistage,Sheet pile,ML,ST-81,2.4-3.0,2nd,20.7,117.2,163.6,1.25,0.39,False,,True,ST-81,163.6,calibration,163.6,measured peak deviatoric stress from Appendix F,2,ST-81,Fredlund,222.83653164776817,59.236531647768174
F3,multistage,Sheet pile,ML,ST-81,2.4-3.0,3rd,41.4,117.2,199.6,1.26,0.39,False,,True,ST-81,199.6,calibration,199.6,measured peak deviatoric stress from Appendix F,3,ST-81,Fredlund,269.5873178871195,69.98731788711953
F3,multistage,Sheet pile,ML,ST-81,2.4-3.0,4th,62.1,117.2,236.9,1.26,0.39,False,,True,ST-81,236.9,calibration,236.9,measured peak deviatoric stress from Appendix F,4,ST-81,Fredlund,316.33810412647085,79.43810412647085
F3,multistage,Sheet pile,ML,ST-83,5.5-6.1,1st,41.4,75.8,161.7,1.43,0.49,False,,True,ST-83,161.7,holdout,161.7,measured peak deviatoric stress from Appendix F,1,ST-83,MC_baseline,216.09160643294,54.39160643294002
F3,multistage,Sheet pile,ML,ST-83,5.5-6.1,2nd,41.4,103.4,190.9,1.43,0.44,False,,True,ST-83,190.9,holdout,190.9,measured peak deviatoric stress from Appendix F,2,ST-83,MC_baseline,216.09160643294,25.191606432940006
F3,multistage,Sheet pile,ML,ST-83,5.5-6.1,3rd,41.4,124.1,217.4,1.43,0.41,False,,True,ST-83,217.4,holdout,217.4,measured peak deviatoric stress from Appendix F,3,ST-83,MC_baseline,216.09160643294,-1.3083935670599942
F3,multistage,Sheet pile,ML,ST-83,5.5-6.1,1st,41.4,75.8,161.7,1.43,0.49,False,,True,ST-83,161.7,holdout,161.7,measured peak deviatoric stress from Appendix F,1,ST-83,Fredlund,229.88142119190616,68.18142119190617
F3,multistage,Sheet pile,ML,ST-83,5.5-6.1,2nd,41.4,103.4,190.9,1.43,0.44,False,,True,ST-83,190.9,holdout,190.9,measured peak deviatoric stress from Appendix F,2,ST-83,Fredlund,252.57795449645693,61.67795449645692
F3,multistage,Sheet pile,ML,ST-83,5.5-6.1,3rd,41.4,124.1,217.4,1.43,0.41,False,,True,ST-83,217.4,holdout,217.4,measured peak deviatoric stress from Appendix F,3,ST-83,Fredlund,269.60035447487,52.20035447487001
F1,single_stage,Sheet pile,ML,ST-85,10.0-10.5,single,103.4,27.6,330.3,1.53,0.83,False,,True,ST-85,330.3,calibration,330.3,measured peak deviatoric stress from Appendix F,1,ST-85,MC_baseline,343.4249154412867,13.124915441286703
F1,single_stage,Sheet pile,ML,ST-85,10.0-10.5,single,103.4,27.6,330.3,1.53,0.83,False,,True,ST-85,330.3,calibration,330.3,measured peak deviatoric stress from Appendix F,1,ST-85,Fredlund,331.7892012328922,1.489201232892185
F3,multistage,Sheet pile,ML,ST-87,11.5-12.0,1st,117.2,20.7,318.0,1.55,0.89,False,,True,ST-87,318.0,calibration,318.0,measured peak deviatoric stress from Appendix F,1,ST-87,MC_baseline,369.2419466547635,51.241946654763524
F3,multistage,Sheet pile,ML,ST-87,11.5-12.0,2nd,117.2,55.2,388.2,1.55,0.67,False,,True,ST-87,388.2,calibration,388.2,measured peak deviatoric stress from Appendix F,2,ST-87,MC_baseline,369.2419466547635,-18.958053345236465
F3,multistage,Sheet pile,ML,ST-87,11.5-12.0,3rd,117.2,75.8,443.3,1.56,0.62,False,,True,ST-87,443.3,calibration,443.3,measured peak deviatoric stress from Appendix F,3,ST-87,MC_baseline,369.2419466547635,-74.05805334523649
F3,multistage,Sheet pile,ML,ST-87,11.5-12.0,1st,117.2,20.7,318.0,1.55,0.89,False,,True,ST-87,318.0,calibration,318.0,measured peak deviatoric stress from Appendix F,1,ST-87,Fredlund,359.93024063602445,41.93024063602445
F3,multistage,Sheet pile,ML,ST-87,11.5-12.0,2nd,117.2,55.2,388.2,1.55,0.67,False,,True,ST-87,388.2,calibration,388.2,measured peak deviatoric stress from Appendix F,2,ST-87,Fredlund,379.6825476094446,-8.517452390555377
F3,multistage,Sheet pile,ML,ST-87,11.5-12.0,3rd,117.2,75.8,443.3,1.56,0.62,False,,True,ST-87,443.3,calibration,443.3,measured peak deviatoric stress from Appendix F,3,ST-87,Fredlund,391.47667872980566,-51.823321270194356
F1,single_stage,1:1 Slope,SC,ST-114B,0.5-1.1,single,82.7,55.2,336.5,1.72,0.63,True,source-confirmed in Appendix F; outside initial tube-range summary,True,ST-114,336.5,holdout,336.5,measured peak deviatoric stress from Appendix F,1,ST-114,MC_baseline,289.2568600682594,-47.243139931740586
F1,single_stage,1:1 Slope,SC,ST-114B,0.5-1.1,single,82.7,55.2,336.5,1.72,0.63,True,source-confirmed in Appendix F; outside initial tube-range summary,True,ST-114,336.5,holdout,336.5,measured peak deviatoric stress from Appendix F,1,ST-114,Fredlund,311.42742368953185,-25.07257631046815
F1,single_stage,1:1 Slope,SC,ST-116E,0.5-1.1,single,137.9,10.3,392.3,1.76,0.79,True,source-confirmed in Appendix F; outside initial tube-range summary,True,ST-116,392.3,calibration,392.3,measured peak deviatoric stress from Appendix F,1,ST-116,MC_baseline,481.60477419354817,89.30477419354816
F1,single_stage,1:1 Slope,SC,ST-116E,0.5-1.1,single,137.9,10.3,392.3,1.76,0.79,True,source-confirmed in Appendix F; outside initial tube-range summary,True,ST-116,392.3,calibration,392.3,measured peak deviatoric stress from Appendix F,1,ST-116,Fredlund,439.695257154627,47.39525715462696
F1,single_stage,1:1 Slope,SC,ST-59B,0.5-1.0,single,20.7,72.4,175.1,1.74,0.52,False,,True,ST-59,175.1,calibration,175.1,measured peak deviatoric stress from Appendix F,1,ST-59,MC_baseline,189.68399602848322,14.583996028483227
F2,multistage,1:1 Slope,SC,ST-59A,0.5-1.0,1st,20.7,20.7,136.5,1.83,0.61,False,,True,ST-59,136.5,calibration,136.5,measured peak deviatoric stress from Appendix F,1,ST-59,MC_baseline,189.68399602848322,53.18399602848322
F2,multistage,1:1 Slope,SC,ST-59A,0.5-1.0,2nd,20.7,137.9,252.4,1.83,0.43,False,,True,ST-59,252.4,calibration,252.4,measured peak deviatoric stress from Appendix F,2,ST-59,MC_baseline,189.68399602848322,-62.716003971516784
F2,multistage,1:1 Slope,SC,ST-59C,0.5-1.0,1st,20.7,10.3,89.5,1.79,0.69,False,,True,ST-59,89.5,calibration,89.5,measured peak deviatoric stress from Appendix F,1,ST-59,MC_baseline,189.68399602848322,100.18399602848322
F2,multistage,1:1 Slope,SC,ST-59C,0.5-1.0,2nd,20.7,103.4,206.2,1.79,0.58,False,,True,ST-59,206.2,calibration,206.2,measured peak deviatoric stress from Appendix F,2,ST-59,MC_baseline,189.68399602848322,-16.516003971516767
F1,single_stage,1:1 Slope,SC,ST-59B,0.5-1.0,single,20.7,72.4,175.1,1.74,0.52,False,,True,ST-59,175.1,calibration,175.1,measured peak deviatoric stress from Appendix F,1,ST-59,Fredlund,208.77141892377315,33.67141892377316
F2,multistage,1:1 Slope,SC,ST-59A,0.5-1.0,1st,20.7,20.7,136.5,1.83,0.61,False,,True,ST-59,136.5,calibration,136.5,measured peak deviatoric stress from Appendix F,1,ST-59,Fredlund,107.56139808894308,-28.93860191105692
F2,multistage,1:1 Slope,SC,ST-59A,0.5-1.0,2nd,20.7,137.9,252.4,1.83,0.43,False,,True,ST-59,252.4,calibration,252.4,measured peak deviatoric stress from Appendix F,2,ST-59,Fredlund,336.99688052302594,84.59688052302593
F2,multistage,1:1 Slope,SC,ST-59C,0.5-1.0,1st,20.7,10.3,89.5,1.79,0.69,False,,True,ST-59,89.5,calibration,89.5,measured peak deviatoric stress from Appendix F,1,ST-59,Fredlund,87.20193548387088,-2.2980645161291164
F2,multistage,1:1 Slope,SC,ST-59C,0.5-1.0,2nd,20.7,103.4,206.2,1.79,0.58,False,,True,ST-59,206.2,calibration,206.2,measured peak deviatoric stress from Appendix F,2,ST-59,Fredlund,269.45827861196915,63.25827861196916
F1,single_stage,1:1 Slope,SC,ST-60,1.5-2.0,single,20.7,55.2,175.1,1.82,0.61,False,,True,ST-60,175.1,calibration,175.1,measured peak deviatoric stress from Appendix F,1,ST-60,MC_baseline,186.99079694069098,11.89079694069099
F1,single_stage,1:1 Slope,SC,ST-60,1.5-2.0,single,20.7,55.2,175.1,1.82,0.61,False,,True,ST-60,175.1,calibration,175.1,measured peak deviatoric stress from Appendix F,1,ST-60,Fredlund,162.81266893301967,-12.287331066980329
F1,single_stage,0.25:1 Slope,MH,ST-124,1.2-1.8,single,137.9,62.1,353.0,1.2,0.81,True,source-confirmed in Appendix F; outside initial tube-range summary,True,ST-124,353.0,holdout,353.0,measured peak deviatoric stress from Appendix F,1,ST-124,Fredlund,459.4384819141081,106.43848191410808
F1,single_stage,0.25:1 Slope,MH,ST-124,1.2-1.8,single,137.9,62.1,353.0,1.2,0.81,True,source-confirmed in Appendix F; outside initial tube-range summary,True,ST-124,353.0,holdout,353.0,measured peak deviatoric stress from Appendix F,1,ST-124,Fredlund_plus_Sr,465.7722547217077,112.77225472170772
F1,single_stage,0.25:1 Slope,MH,ST-124,1.2-1.8,single,137.9,62.1,353.0,1.2,0.81,True,source-confirmed in Appendix F; outside initial tube-range summary,True,ST-124,353.0,holdout,353.0,measured peak deviatoric stress from Appendix F,1,ST-124,Fredlund_plus_gamma,411.03474448508183,58.03474448508183
F1,single_stage,0.25:1 Slope,MH,ST-124,1.2-1.8,single,137.9,62.1,353.0,1.2,0.81,True,source-confirmed in Appendix F; outside initial tube-range summary,True,ST-124,353.0,holdout,353.0,measured peak deviatoric stress from Appendix F,1,ST-124,Fredlund_plus_state,424.1153150602656,71.11531506026557
F1,single_stage,0.5:1 Slope,MH,ST-36,0.6-1.2,single,27.6,152.0,264.5,1.27,0.6,False,,True,ST-36,264.5,holdout,264.5,measured peak deviatoric stress from Appendix F,1,ST-36,Fredlund,218.85094683180597,-45.64905316819403
F1,single_stage,0.5:1 Slope,MH,ST-36,0.6-1.2,single,27.6,152.0,264.5,1.27,0.6,False,,True,ST-36,264.5,holdout,264.5,measured peak deviatoric stress from Appendix F,1,ST-36,Fredlund_plus_Sr,224.13562417248355,-40.364375827516454
F1,single_stage,0.5:1 Slope,MH,ST-36,0.6-1.2,single,27.6,152.0,264.5,1.27,0.6,False,,True,ST-36,264.5,holdout,264.5,measured peak deviatoric stress from Appendix F,1,ST-36,Fredlund_plus_gamma,289.85763349775095,25.357633497750953
F1,single_stage,0.5:1 Slope,MH,ST-36,0.6-1.2,single,27.6,152.0,264.5,1.27,0.6,False,,True,ST-36,264.5,holdout,264.5,measured peak deviatoric stress from Appendix F,1,ST-36,Fredlund_plus_state,276.18775367734764,11.687753677347644
F2,multistage,0.5:1 Slope,MH,ST-37A,2.0-2.5,1st,20.7,82.7,177.4,1.19,0.54,False,,True,ST-37,177.4,calibration,177.4,measured peak deviatoric stress from Appendix F,1,ST-37,Fredlund,158.12099467504487,-19.279005324955136
F2,multistage,0.5:1 Slope,MH,ST-37A,2.0-2.5,2nd,20.7,124.1,195.6,1.21,0.49,False,,True,ST-37,195.6,calibration,195.6,measured peak deviatoric stress from Appendix F,2,ST-37,Fredlund,194.43552609963123,-1.1644739003687619
F2,multistage,0.5:1 Slope,MH,ST-37B,2.0-2.5,1st,20.7,93.1,177.2,1.08,0.65,False,,True,ST-37,177.2,calibration,177.2,measured peak deviatoric stress from Appendix F,1,ST-37,Fredlund,167.2434856609313,-9.95651433906869
F2,multistage,0.5:1 Slope,MH,ST-37B,2.0-2.5,2nd,20.7,124.1,197.2,1.09,0.6,False,,True,ST-37,197.2,calibration,197.2,measured peak deviatoric stress from Appendix F,2,ST-37,Fredlund,194.43552609963123,-2.764473900368756
F2,multistage,0.5:1 Slope,MH,ST-37A,2.0-2.5,1st,20.7,82.7,177.4,1.19,0.54,False,,True,ST-37,177.4,calibration,177.4,measured peak deviatoric stress from Appendix F,1,ST-37,Fredlund_plus_Sr,140.5440707953071,-36.8559292046929
F2,multistage,0.5:1 Slope,MH,ST-37A,2.0-2.5,2nd,20.7,124.1,195.6,1.21,0.49,False,,True,ST-37,195.6,calibration,195.6,measured peak deviatoric stress from Appendix F,2,ST-37,Fredlund_plus_Sr,183.92221800441843,-11.677781995581569
F2,multistage,0.5:1 Slope,MH,ST-37B,2.0-2.5,1st,20.7,93.1,177.2,1.08,0.65,False,,True,ST-37,177.2,calibration,177.2,measured peak deviatoric stress from Appendix F,1,ST-37,Fredlund_plus_Sr,166.51179238384265,-10.688207616157342
F2,multistage,0.5:1 Slope,MH,ST-37B,2.0-2.5,2nd,20.7,124.1,197.2,1.09,0.6,False,,True,ST-37,197.2,calibration,197.2,measured peak deviatoric stress from Appendix F,2,ST-37,Fredlund_plus_Sr,197.44850962975693,0.24850962975693847
F2,multistage,0.5:1 Slope,MH,ST-37A,2.0-2.5,1st,20.7,82.7,177.4,1.19,0.54,False,,True,ST-37,177.4,calibration,177.4,measured peak deviatoric stress from Appendix F,1,ST-37,Fredlund_plus_gamma,173.3336806862311,-4.066319313768901
F2,multistage,0.5:1 Slope,MH,ST-37A,2.0-2.5,2nd,20.7,124.1,195.6,1.21,0.49,False,,True,ST-37,195.6,calibration,195.6,measured peak deviatoric stress from Appendix F,2,ST-37,Fredlund_plus_gamma,221.72957563770933,26.129575637709337
F2,multistage,0.5:1 Slope,MH,ST-37B,2.0-2.5,1st,20.7,93.1,177.2,1.08,0.65,False,,True,ST-37,177.2,calibration,177.2,measured peak deviatoric stress from Appendix F,1,ST-37,Fredlund_plus_gamma,159.59258473185864,-17.607415268141352
F2,multistage,0.5:1 Slope,MH,ST-37B,2.0-2.5,2nd,20.7,124.1,197.2,1.09,0.6,False,,True,ST-37,197.2,calibration,197.2,measured peak deviatoric stress from Appendix F,2,ST-37,Fredlund_plus_gamma,194.71070927887538,-2.489290721124604
F2,multistage,0.5:1 Slope,MH,ST-37A,2.0-2.5,1st,20.7,82.7,177.4,1.19,0.54,False,,True,ST-37,177.4,calibration,177.4,measured peak deviatoric stress from Appendix F,1,ST-37,Fredlund_plus_state,201.23252457849574,23.832524578495736
F2,multistage,0.5:1 Slope,MH,ST-37A,2.0-2.5,2nd,20.7,124.1,195.6,1.21,0.49,False,,True,ST-37,195.6,calibration,195.6,measured peak deviatoric stress from Appendix F,2,ST-37,Fredlund_plus_state,241.9258519961173,46.32585199611731
F2,multistage,0.5:1 Slope,MH,ST-37B,2.0-2.5,1st,20.7,93.1,177.2,1.08,0.65,False,,True,ST-37,177.2,calibration,177.2,measured peak deviatoric stress from Appendix F,1,ST-37,Fredlund_plus_state,159.1562538152203,-18.04374618477968
F2,multistage,0.5:1 Slope,MH,ST-37B,2.0-2.5,2nd,20.7,124.1,197.2,1.09,0.6,False,,True,ST-37,197.2,calibration,197.2,measured peak deviatoric stress from Appendix F,2,ST-37,Fredlund_plus_state,190.48437538351445,-6.715624616485542
F2,multistage,0.5:1 Slope,MH,ST-38A,2.5-3.0,1st,27.6,75.8,186.5,1.15,0.63,False,,True,ST-38,186.5,holdout,186.5,measured peak deviatoric stress from Appendix F,1,ST-38,Fredlund,170.2906004575086,-16.20939954249141
F2,multistage,0.5:1 Slope,MH,ST-38A,2.5-3.0,2nd,27.6,137.9,180.1,1.16,0.59,False,,True,ST-38,180.1,holdout,180.1,measured peak deviatoric stress from Appendix F,2,ST-38,Fredlund,226.21270280306695,46.11270280306695
F2,multistage,0.5:1 Slope,MH,ST-38B,2.5-3.0,1st,27.6,20.7,103.4,1.08,0.91,False,,True,ST-38,103.4,holdout,103.4,measured peak deviatoric stress from Appendix F,1,ST-38,Fredlund,120.6721167338328,17.27211673383279
F2,multistage,0.5:1 Slope,MH,ST-38B,2.5-3.0,2nd,27.6,89.6,195.1,1.09,0.65,False,,True,ST-38,195.1,holdout,195.1,measured peak deviatoric stress from Appendix F,2,ST-38,Fredlund,182.7177343120771,-12.382265687922882
F2,multistage,0.5:1 Slope,MH,ST-38A,2.5-3.0,1st,27.6,75.8,186.5,1.15,0.63,False,,True,ST-38,186.5,holdout,186.5,measured peak deviatoric stress from Appendix F,1,ST-38,Fredlund_plus_Sr,161.38068586430197,-25.119314135698033
F2,multistage,0.5:1 Slope,MH,ST-38A,2.5-3.0,2nd,27.6,137.9,180.1,1.16,0.59,False,,True,ST-38,180.1,holdout,180.1,measured peak deviatoric stress from Appendix F,2,ST-38,Fredlund_plus_Sr,232.5794866821613,52.47948668216131
F2,multistage,0.5:1 Slope,MH,ST-38B,2.5-3.0,1st,27.6,20.7,103.4,1.08,0.91,False,,True,ST-38,103.4,holdout,103.4,measured peak deviatoric stress from Appendix F,1,ST-38,Fredlund_plus_Sr,128.70879467234093,25.308794672340923
F2,multistage,0.5:1 Slope,MH,ST-38B,2.5-3.0,2nd,27.6,89.6,195.1,1.09,0.65,False,,True,ST-38,195.1,holdout,195.1,measured peak deviatoric stress from Appendix F,2,ST-38,Fredlund_plus_Sr,180.8063887135585,-14.29361128644149
F2,multistage,0.5:1 Slope,MH,ST-38A,2.5-3.0,1st,27.6,75.8,186.5,1.15,0.63,False,,True,ST-38,186.5,holdout,186.5,measured peak deviatoric stress from Appendix F,1,ST-38,Fredlund_plus_gamma,170.4485677233547,-16.0514322766453
F2,multistage,0.5:1 Slope,MH,ST-38A,2.5-3.0,2nd,27.6,137.9,180.1,1.16,0.59,False,,True,ST-38,180.1,holdout,180.1,measured peak deviatoric stress from Appendix F,2,ST-38,Fredlund_plus_gamma,241.18528654561862,61.08528654561863
F2,multistage,0.5:1 Slope,MH,ST-38B,2.5-3.0,1st,27.6,20.7,103.4,1.08,0.91,False,,True,ST-38,103.4,holdout,103.4,measured peak deviatoric stress from Appendix F,1,ST-38,Fredlund_plus_gamma,93.77726981577912,-9.622730184220885
F2,multistage,0.5:1 Slope,MH,ST-38B,2.5-3.0,2nd,27.6,89.6,195.1,1.09,0.65,False,,True,ST-38,195.1,holdout,195.1,measured peak deviatoric stress from Appendix F,2,ST-38,Fredlund_plus_gamma,172.0105718576643,-23.08942814233569
F2,multistage,0.5:1 Slope,MH,ST-38A,2.5-3.0,1st,27.6,75.8,186.5,1.15,0.63,False,,True,ST-38,186.5,holdout,186.5,measured peak deviatoric stress from Appendix F,1,ST-38,Fredlund_plus_state,179.3601001185169,-7.139899881483103
F2,multistage,0.5:1 Slope,MH,ST-38A,2.5-3.0,2nd,27.6,137.9,180.1,1.16,0.59,False,,True,ST-38,180.1,holdout,180.1,measured peak deviatoric stress from Appendix F,2,ST-38,Fredlund_plus_state,236.73871977683473,56.63871977683473
F2,multistage,0.5:1 Slope,MH,ST-38B,2.5-3.0,1st,27.6,20.7,103.4,1.08,0.91,False,,True,ST-38,103.4,holdout,103.4,measured peak deviatoric stress from Appendix F,1,ST-38,Fredlund_plus_state,82.33179474398165,-21.06820525601836
F2,multistage,0.5:1 Slope,MH,ST-38B,2.5-3.0,2nd,27.6,89.6,195.1,1.09,0.65,False,,True,ST-38,195.1,holdout,195.1,measured peak deviatoric stress from Appendix F,2,ST-38,Fredlund_plus_state,172.5542213688385,-22.545778631161483
F2,multistage,0.5:1 Slope,MH,ST-39A,4.9-5.5,1st,20.7,55.2,146.1,1.08,0.67,False,,True,ST-39,146.1,calibration,146.1,measured peak deviatoric stress from Appendix F,1,ST-39,Fredlund,135.35322285194692,-10.74677714805307
F2,multistage,0.5:1 Slope,MH,ST-39A,4.9-5.5,2nd,20.7,82.7,166.2,1.09,0.61,False,,True,ST-39,166.2,calibration,166.2,measured peak deviatoric stress from Appendix F,2,ST-39,Fredlund,159.55305108360892,-6.646948916391068
F2,multistage,0.5:1 Slope,MH,ST-39B,4.9-5.5,1st,34.5,55.2,143.5,1.1,0.66,False,,True,ST-39,143.5,calibration,143.5,measured peak deviatoric stress from Appendix F,1,ST-39,Fredlund,167.53339731398071,24.033397313980714
F2,multistage,0.5:1 Slope,MH,ST-39B,4.9-5.5,2nd,34.5,106.9,207.3,1.11,0.59,False,,True,ST-39,207.3,calibration,207.3,measured peak deviatoric stress from Appendix F,2,ST-39,Fredlund,213.02907438950527,5.729074389505257
F2,multistage,0.5:1 Slope,MH,ST-39A,4.9-5.5,1st,20.7,55.2,146.1,1.08,0.67,False,,True,ST-39,146.1,calibration,146.1,measured peak deviatoric stress from Appendix F,1,ST-39,Fredlund_plus_Sr,126.07274355800226,-20.027256441997736
F2,multistage,0.5:1 Slope,MH,ST-39A,4.9-5.5,2nd,20.7,82.7,166.2,1.09,0.61,False,,True,ST-39,166.2,calibration,166.2,measured peak deviatoric stress from Appendix F,2,ST-39,Fredlund_plus_Sr,151.66667767682708,-14.53332232317291
F2,multistage,0.5:1 Slope,MH,ST-39B,4.9-5.5,1st,34.5,55.2,143.5,1.1,0.66,False,,True,ST-39,143.5,calibration,143.5,measured peak deviatoric stress from Appendix F,1,ST-39,Fredlund_plus_Sr,155.63035719909223,12.13035719909223
F2,multistage,0.5:1 Slope,MH,ST-39B,4.9-5.5,2nd,34.5,106.9,207.3,1.11,0.59,False,,True,ST-39,207.3,calibration,207.3,measured peak deviatoric stress from Appendix F,2,ST-39,Fredlund_plus_Sr,208.18020114947663,0.8802011494766191
F2,multistage,0.5:1 Slope,MH,ST-39A,4.9-5.5,1st,20.7,55.2,146.1,1.08,0.67,False,,True,ST-39,146.1,calibration,146.1,measured peak deviatoric stress from Appendix F,1,ST-39,Fredlund_plus_gamma,117.9894738342672,-28.110526165732793
F2,multistage,0.5:1 Slope,MH,ST-39A,4.9-5.5,2nd,20.7,82.7,166.2,1.09,0.61,False,,True,ST-39,166.2,calibration,166.2,measured peak deviatoric stress from Appendix F,2,ST-39,Fredlund_plus_gamma,149.31431427198112,-16.88568572801887
F2,multistage,0.5:1 Slope,MH,ST-39B,4.9-5.5,1st,34.5,55.2,143.5,1.1,0.66,False,,True,ST-39,143.5,calibration,143.5,measured peak deviatoric stress from Appendix F,1,ST-39,Fredlund_plus_gamma,149.3786560900233,5.8786560900232985
F2,multistage,0.5:1 Slope,MH,ST-39B,4.9-5.5,2nd,34.5,106.9,207.3,1.11,0.59,False,,True,ST-39,207.3,calibration,207.3,measured peak deviatoric stress from Appendix F,2,ST-39,Fredlund_plus_gamma,206.29938601957267,-1.000613980427346
F2,multistage,0.5:1 Slope,MH,ST-39A,4.9-5.5,1st,20.7,55.2,146.1,1.08,0.67,False,,True,ST-39,146.1,calibration,146.1,measured peak deviatoric stress from Appendix F,1,ST-39,Fredlund_plus_state,127.54520556416004,-18.554794435839952
F2,multistage,0.5:1 Slope,MH,ST-39A,4.9-5.5,2nd,20.7,82.7,166.2,1.09,0.61,False,,True,ST-39,166.2,calibration,166.2,measured peak deviatoric stress from Appendix F,2,ST-39,Fredlund_plus_state,157.9823106965407,-8.21768930345928
F2,multistage,0.5:1 Slope,MH,ST-39B,4.9-5.5,1st,34.5,55.2,143.5,1.1,0.66,False,,True,ST-39,143.5,calibration,143.5,measured peak deviatoric stress from Appendix F,1,ST-39,Fredlund_plus_state,162.13384299287503,18.63384299287503
F2,multistage,0.5:1 Slope,MH,ST-39B,4.9-5.5,2nd,34.5,106.9,207.3,1.11,0.59,False,,True,ST-39,207.3,calibration,207.3,measured peak deviatoric stress from Appendix F,2,ST-39,Fredlund_plus_state,211.57614549142502,4.276145491425012
F1,single_stage,0.5:1 Slope,MH,ST-40,3.1-3.7,single,34.5,34.5,160.0,1.16,0.75,False,,True,ST-40,160.0,calibration,160.0,measured peak deviatoric stress from Appendix F,1,ST-40,Fredlund,146.61222302219286,-13.387776977807135
F1,single_stage,0.5:1 Slope,MH,ST-40,3.1-3.7,single,34.5,34.5,160.0,1.16,0.75,False,,True,ST-40,160.0,calibration,160.0,measured peak deviatoric stress from Appendix F,1,ST-40,Fredlund_plus_Sr,135.81141480751953,-24.188585192480474
F1,single_stage,0.5:1 Slope,MH,ST-40,3.1-3.7,single,34.5,34.5,160.0,1.16,0.75,False,,True,ST-40,160.0,calibration,160.0,measured peak deviatoric stress from Appendix F,1,ST-40,Fredlund_plus_gamma,138.45535076025985,-21.544649239740153
F1,single_stage,0.5:1 Slope,MH,ST-40,3.1-3.7,single,34.5,34.5,160.0,1.16,0.75,False,,True,ST-40,160.0,calibration,160.0,measured peak deviatoric stress from Appendix F,1,ST-40,Fredlund_plus_state,147.17493322388285,-12.825066776117154
F1,single_stage,0.5:1 Slope,MH,ST-42,8.5-9.1,single,75.8,20.7,200.5,1.32,0.98,False,,True,ST-42,200.5,calibration,200.5,measured peak deviatoric stress from Appendix F,1,ST-42,Fredlund,237.7286808817253,37.228680881725296
F1,single_stage,0.5:1 Slope,MH,ST-42,8.5-9.1,single,75.8,20.7,200.5,1.32,0.98,False,,True,ST-42,200.5,calibration,200.5,measured peak deviatoric stress from Appendix F,1,ST-42,Fredlund_plus_Sr,250.5428810874477,50.04288108744771
F1,single_stage,0.5:1 Slope,MH,ST-42,8.5-9.1,single,75.8,20.7,200.5,1.32,0.98,False,,True,ST-42,200.5,calibration,200.5,measured peak deviatoric stress from Appendix F,1,ST-42,Fredlund_plus_gamma,249.35173002244866,48.85173002244866
F1,single_stage,0.5:1 Slope,MH,ST-42,8.5-9.1,single,75.8,20.7,200.5,1.32,0.98,False,,True,ST-42,200.5,calibration,200.5,measured peak deviatoric stress from Appendix F,1,ST-42,Fredlund_plus_state,244.18988141908417,43.68988141908417
F1,single_stage,0.5:1 Slope,MH,ST-43,10.3-10.9,single,103.4,13.8,388.9,1.67,0.98,False,,True,ST-43,388.9,calibration,388.9,measured peak deviatoric stress from Appendix F,1,ST-43,Fredlund,272.2567259756663,-116.64327402433366
F1,single_stage,0.5:1 Slope,MH,ST-43,10.3-10.9,single,103.4,13.8,388.9,1.67,0.98,False,,True,ST-43,388.9,calibration,388.9,measured peak deviatoric stress from Appendix F,1,ST-43,Fredlund_plus_Sr,273.650267135196,-115.249732864804
F1,single_stage,0.5:1 Slope,MH,ST-43,10.3-10.9,single,103.4,13.8,388.9,1.67,0.98,False,,True,ST-43,388.9,calibration,388.9,measured peak deviatoric stress from Appendix F,1,ST-43,Fredlund_plus_gamma,327.90961930392194,-60.990380696078034
F1,single_stage,0.5:1 Slope,MH,ST-43,10.3-10.9,single,103.4,13.8,388.9,1.67,0.98,False,,True,ST-43,388.9,calibration,388.9,measured peak deviatoric stress from Appendix F,1,ST-43,Fredlund_plus_state,338.8908462285531,-50.009153771446904
F1,single_stage,0.25:1 Slope,MH,ST-47,0.7-1.3,single,82.7,89.6,292.8,1.09,0.65,False,,True,ST-47,292.8,calibration,292.8,measured peak deviatoric stress from Appendix F,1,ST-47,Fredlund,313.45939265218334,20.659392652183328
F1,single_stage,0.25:1 Slope,MH,ST-47,0.7-1.3,single,82.7,89.6,292.8,1.09,0.65,False,,True,ST-47,292.8,calibration,292.8,measured peak deviatoric stress from Appendix F,1,ST-47,Fredlund_plus_Sr,305.0694187444352,12.2694187444352
F1,single_stage,0.25:1 Slope,MH,ST-47,0.7-1.3,single,82.7,89.6,292.8,1.09,0.65,False,,True,ST-47,292.8,calibration,292.8,measured peak deviatoric stress from Appendix F,1,ST-47,Fredlund_plus_gamma,272.53802796944115,-20.261972030558866
F1,single_stage,0.25:1 Slope,MH,ST-47,0.7-1.3,single,82.7,89.6,292.8,1.09,0.65,False,,True,ST-47,292.8,calibration,292.8,measured peak deviatoric stress from Appendix F,1,ST-47,Fredlund_plus_state,280.84262950625725,-11.957370493742758
F2,multistage,0.25:1 Slope,MH,ST-49A,2.0-2.5,1st,24.1,75.8,168.2,1.13,0.65,False,,True,ST-49,168.2,calibration,168.2,measured peak deviatoric stress from Appendix F,1,ST-49,Fredlund,161.51098450763993,-6.689015492360056
F2,multistage,0.25:1 Slope,MH,ST-49A,2.0-2.5,2nd,24.1,120.7,202.7,1.13,0.62,False,,True,ST-49,202.7,calibration,202.7,measured peak deviatoric stress from Appendix F,2,ST-49,Fredlund,201.10820809607503,-1.5917919039249568
F2,multistage,0.25:1 Slope,MH,ST-49B,2.0-2.5,1st,24.1,27.6,111.7,1.12,0.9,False,,True,ST-49,111.7,calibration,111.7,measured peak deviatoric stress from Appendix F,1,ST-49,Fredlund,119.00349727016616,7.303497270166162
F2,multistage,0.25:1 Slope,MH,ST-49B,2.0-2.5,2nd,24.1,89.6,169.6,1.12,0.69,False,,True,ST-49,169.6,calibration,169.6,measured peak deviatoric stress from Appendix F,2,ST-49,Fredlund,173.6811779490743,4.081177949074316
F2,multistage,0.25:1 Slope,MH,ST-49B,2.0-2.5,3rd,24.1,137.9,206.2,1.13,0.58,False,,True,ST-49,206.2,calibration,206.2,measured peak deviatoric stress from Appendix F,3,ST-49,Fredlund,216.27685499409472,10.076854994094731
F2,multistage,0.25:1 Slope,MH,ST-49A,2.0-2.5,1st,24.1,75.8,168.2,1.13,0.65,False,,True,ST-49,168.2,calibration,168.2,measured peak deviatoric stress from Appendix F,1,ST-49,Fredlund_plus_Sr,156.80593592515754,-11.394064074842447
F2,multistage,0.25:1 Slope,MH,ST-49A,2.0-2.5,2nd,24.1,120.7,202.7,1.13,0.62,False,,True,ST-49,202.7,calibration,202.7,measured peak deviatoric stress from Appendix F,2,ST-49,Fredlund_plus_Sr,205.91866073261642,3.218660732616428
F2,multistage,0.25:1 Slope,MH,ST-49B,2.0-2.5,1st,24.1,27.6,111.7,1.12,0.9,False,,True,ST-49,111.7,calibration,111.7,measured peak deviatoric stress from Appendix F,1,ST-49,Fredlund_plus_Sr,127.5792137100334,15.879213710033397
F2,multistage,0.25:1 Slope,MH,ST-49B,2.0-2.5,2nd,24.1,89.6,169.6,1.12,0.69,False,,True,ST-49,169.6,calibration,169.6,measured peak deviatoric stress from Appendix F,2,ST-49,Fredlund_plus_Sr,177.2105967206468,7.610596720646811
F2,multistage,0.25:1 Slope,MH,ST-49B,2.0-2.5,3rd,24.1,137.9,206.2,1.13,0.58,False,,True,ST-49,206.2,calibration,206.2,measured peak deviatoric stress from Appendix F,3,ST-49,Fredlund_plus_Sr,221.65703762991177,15.457037629911781
F2,multistage,0.25:1 Slope,MH,ST-49A,2.0-2.5,1st,24.1,75.8,168.2,1.13,0.65,False,,True,ST-49,168.2,calibration,168.2,measured peak deviatoric stress from Appendix F,1,ST-49,Fredlund_plus_gamma,159.25563140955308,-8.944368590446913
F2,multistage,0.25:1 Slope,MH,ST-49A,2.0-2.5,2nd,24.1,120.7,202.7,1.13,0.62,False,,True,ST-49,202.7,calibration,202.7,measured peak deviatoric stress from Appendix F,2,ST-49,Fredlund_plus_gamma,207.07240951760483,4.3724095176048365
F2,multistage,0.25:1 Slope,MH,ST-49B,2.0-2.5,1st,24.1,27.6,111.7,1.12,0.9,False,,True,ST-49,111.7,calibration,111.7,measured peak deviatoric stress from Appendix F,1,ST-49,Fredlund_plus_gamma,105.69800629904348,-6.001993700956518
F2,multistage,0.25:1 Slope,MH,ST-49B,2.0-2.5,2nd,24.1,89.6,169.6,1.12,0.69,False,,True,ST-49,169.6,calibration,169.6,measured peak deviatoric stress from Appendix F,2,ST-49,Fredlund_plus_gamma,171.72562863087438,2.125628630874388
F2,multistage,0.25:1 Slope,MH,ST-49B,2.0-2.5,3rd,24.1,137.9,206.2,1.13,0.58,False,,True,ST-49,206.2,calibration,206.2,measured peak deviatoric stress from Appendix F,3,ST-49,Fredlund_plus_gamma,225.38974990643533,19.18974990643534
F2,multistage,0.25:1 Slope,MH,ST-49A,2.0-2.5,1st,24.1,75.8,168.2,1.13,0.65,False,,True,ST-49,168.2,calibration,168.2,measured peak deviatoric stress from Appendix F,1,ST-49,Fredlund_plus_state,164.77878089431596,-3.421219105684031
F2,multistage,0.25:1 Slope,MH,ST-49A,2.0-2.5,2nd,24.1,120.7,202.7,1.13,0.62,False,,True,ST-49,202.7,calibration,202.7,measured peak deviatoric stress from Appendix F,2,ST-49,Fredlund_plus_state,201.92410969398753,-0.7758903060124567
F2,multistage,0.25:1 Slope,MH,ST-49B,2.0-2.5,1st,24.1,27.6,111.7,1.12,0.9,False,,True,ST-49,111.7,calibration,111.7,measured peak deviatoric stress from Appendix F,1,ST-49,Fredlund_plus_state,93.25756476822723,-18.442435231772777
F2,multistage,0.25:1 Slope,MH,ST-49B,2.0-2.5,2nd,24.1,89.6,169.6,1.12,0.69,False,,True,ST-49,169.6,calibration,169.6,measured peak deviatoric stress from Appendix F,2,ST-49,Fredlund_plus_state,167.08543629730107,-2.514563702698922
F2,multistage,0.25:1 Slope,MH,ST-49B,2.0-2.5,3rd,24.1,137.9,206.2,1.13,0.58,False,,True,ST-49,206.2,calibration,206.2,measured peak deviatoric stress from Appendix F,3,ST-49,Fredlund_plus_state,219.9645625620603,13.76456256206032
F1,single_stage,0.25:1 Slope,MH,ST-50,3.0-3.5,single,41.4,62.1,197.2,1.11,0.71,False,,True,ST-50,197.2,calibration,197.2,measured peak deviatoric stress from Appendix F,1,ST-50,Fredlund,188.75982738623088,-8.440172613769107
F1,single_stage,0.25:1 Slope,MH,ST-50,3.0-3.5,single,41.4,62.1,197.2,1.11,0.71,False,,True,ST-50,197.2,calibration,197.2,measured peak deviatoric stress from Appendix F,1,ST-50,Fredlund_plus_Sr,183.27618662314592,-13.92381337685407
F1,single_stage,0.25:1 Slope,MH,ST-50,3.0-3.5,single,41.4,62.1,197.2,1.11,0.71,False,,True,ST-50,197.2,calibration,197.2,measured peak deviatoric stress from Appendix F,1,ST-50,Fredlund_plus_gamma,170.84374862354812,-26.356251376451866
F1,single_stage,0.25:1 Slope,MH,ST-50,3.0-3.5,single,41.4,62.1,197.2,1.11,0.71,False,,True,ST-50,197.2,calibration,197.2,measured peak deviatoric stress from Appendix F,1,ST-50,Fredlund_plus_state,174.69428008813696,-22.505719911863025
F2,multistage,0.25:1 Slope,MH,ST-51,3.0-3.5,1st,41.4,44.8,159.3,1.08,0.76,False,,True,ST-51,159.3,calibration,159.3,measured peak deviatoric stress from Appendix F,1,ST-51,Fredlund,175.6492574074276,16.349257407427586
F2,multistage,0.25:1 Slope,MH,ST-51,3.0-3.5,2nd,41.4,89.6,200.0,1.09,0.72,False,,True,ST-51,200.0,calibration,200.0,measured peak deviatoric stress from Appendix F,2,ST-51,Fredlund,214.86558183803666,14.865581838036661
F2,multistage,0.25:1 Slope,MH,ST-51,3.0-3.5,1st,41.4,44.8,159.3,1.08,0.76,False,,True,ST-51,159.3,calibration,159.3,measured peak deviatoric stress from Appendix F,1,ST-51,Fredlund_plus_Sr,171.36403309972272,12.064033099722707
F2,multistage,0.25:1 Slope,MH,ST-51,3.0-3.5,2nd,41.4,89.6,200.0,1.09,0.72,False,,True,ST-51,200.0,calibration,200.0,measured peak deviatoric stress from Appendix F,2,ST-51,Fredlund_plus_Sr,218.55645742978578,18.55645742978578
F2,multistage,0.25:1 Slope,MH,ST-51,3.0-3.5,1st,41.4,44.8,159.3,1.08,0.76,False,,True,ST-51,159.3,calibration,159.3,measured peak deviatoric stress from Appendix F,1,ST-51,Fredlund_plus_gamma,147.77651484598385,-11.523485154016157
F2,multistage,0.25:1 Slope,MH,ST-51,3.0-3.5,2nd,41.4,89.6,200.0,1.09,0.72,False,,True,ST-51,200.0,calibration,200.0,measured peak deviatoric stress from Appendix F,2,ST-51,Fredlund_plus_gamma,197.35862179743185,-2.6413782025681485
F2,multistage,0.25:1 Slope,MH,ST-51,3.0-3.5,1st,41.4,44.8,159.3,1.08,0.76,False,,True,ST-51,159.3,calibration,159.3,measured peak deviatoric stress from Appendix F,1,ST-51,Fredlund_plus_state,149.68840311072464,-9.611596889275376
F2,multistage,0.25:1 Slope,MH,ST-51,3.0-3.5,2nd,41.4,89.6,200.0,1.09,0.72,False,,True,ST-51,200.0,calibration,200.0,measured peak deviatoric stress from Appendix F,2,ST-51,Fredlund_plus_state,190.07355606723874,-9.92644393276126
F2,multistage,0.25:1 Slope,MH,ST-52,5.6-6.2,1st,62.1,31.0,215.5,1.19,0.91,False,,True,ST-52,215.5,calibration,215.5,measured peak deviatoric stress from Appendix F,1,ST-52,Fredlund,209.2652255100133,-6.234774489986705
F2,multistage,0.25:1 Slope,MH,ST-52,5.6-6.2,2nd,62.1,62.1,266.3,1.2,0.86,False,,True,ST-52,266.3,calibration,266.3,measured peak deviatoric stress from Appendix F,2,ST-52,Fredlund,236.7361305973749,-29.5638694026251
F2,multistage,0.25:1 Slope,MH,ST-52,5.6-6.2,1st,62.1,31.0,215.5,1.19,0.91,False,,True,ST-52,215.5,calibration,215.5,measured peak deviatoric stress from Appendix F,1,ST-52,Fredlund_plus_Sr,213.50386397537594,-1.9961360246240645
F2,multistage,0.25:1 Slope,MH,ST-52,5.6-6.2,2nd,62.1,62.1,266.3,1.2,0.86,False,,True,ST-52,266.3,calibration,266.3,measured peak deviatoric stress from Appendix F,2,ST-52,Fredlund_plus_Sr,243.5198023806348,-22.780197619365225
F2,multistage,0.25:1 Slope,MH,ST-52,5.6-6.2,1st,62.1,31.0,215.5,1.19,0.91,False,,True,ST-52,215.5,calibration,215.5,measured peak deviatoric stress from Appendix F,1,ST-52,Fredlund_plus_gamma,196.6138905294302,-18.886109470569806
F2,multistage,0.25:1 Slope,MH,ST-52,5.6-6.2,2nd,62.1,62.1,266.3,1.2,0.86,False,,True,ST-52,266.3,calibration,266.3,measured peak deviatoric stress from Appendix F,2,ST-52,Fredlund_plus_gamma,231.9058318427803,-34.394168157219724
F2,multistage,0.25:1 Slope,MH,ST-52,5.6-6.2,1st,62.1,31.0,215.5,1.19,0.91,False,,True,ST-52,215.5,calibration,215.5,measured peak deviatoric stress from Appendix F,1,ST-52,Fredlund_plus_state,184.3241087248792,-31.17589127512079
F2,multistage,0.25:1 Slope,MH,ST-52,5.6-6.2,2nd,62.1,62.1,266.3,1.2,0.86,False,,True,ST-52,266.3,calibration,266.3,measured peak deviatoric stress from Appendix F,2,ST-52,Fredlund_plus_state,215.32291810688872,-50.97708189311129
F1,single_stage,0.25:1 Slope,MH,ST-53,7.7-8.3,single,82.7,27.6,202.7,1.17,0.92,False,,True,ST-53,202.7,calibration,202.7,measured peak deviatoric stress from Appendix F,1,ST-53,Fredlund,261.3883668948038,58.688366894803835
F1,single_stage,0.25:1 Slope,MH,ST-53,7.7-8.3,single,82.7,27.6,202.7,1.17,0.92,False,,True,ST-53,202.7,calibration,202.7,measured peak deviatoric stress from Appendix F,1,ST-53,Fredlund_plus_Sr,264.16288486795725,61.46288486795726
F1,single_stage,0.25:1 Slope,MH,ST-53,7.7-8.3,single,82.7,27.6,202.7,1.17,0.92,False,,True,ST-53,202.7,calibration,202.7,measured peak deviatoric stress from Appendix F,1,ST-53,Fredlund_plus_gamma,235.4539989211564,32.75399892115641
F1,single_stage,0.25:1 Slope,MH,ST-53,7.7-8.3,single,82.7,27.6,202.7,1.17,0.92,False,,True,ST-53,202.7,calibration,202.7,measured peak deviatoric stress from Appendix F,1,ST-53,Fredlund_plus_state,229.82703853271948,27.127038532719496
F1,single_stage,0.25:1 Slope,MH,ST-54,9.2-9.8,single,93.1,24.1,239.9,1.36,0.94,False,,True,ST-54,239.9,calibration,239.9,measured peak deviatoric stress from Appendix F,1,ST-54,Fredlund,281.74274495759244,41.84274495759243
F1,single_stage,0.25:1 Slope,MH,ST-54,9.2-9.8,single,93.1,24.1,239.9,1.36,0.94,False,,True,ST-54,239.9,calibration,239.9,measured peak deviatoric stress from Appendix F,1,ST-54,Fredlund_plus_Sr,284.08439729388533,44.184397293885326
F1,single_stage,0.25:1 Slope,MH,ST-54,9.2-9.8,single,93.1,24.1,239.9,1.36,0.94,False,,True,ST-54,239.9,calibration,239.9,measured peak deviatoric stress from Appendix F,1,ST-54,Fredlund_plus_gamma,296.5176269605558,56.61762696055578
F1,single_stage,0.25:1 Slope,MH,ST-54,9.2-9.8,single,93.1,24.1,239.9,1.36,0.94,False,,True,ST-54,239.9,calibration,239.9,measured peak deviatoric stress from Appendix F,1,ST-54,Fredlund_plus_state,295.68231926467524,55.78231926467524
F1,single_stage,0.5:1 Slope,MH,ST-91,3.0-3.5,single,69.0,27.6,187.5,1.3,0.92,False,,True,ST-91,187.5,holdout,187.5,measured peak deviatoric stress from Appendix F,1,ST-91,Fredlund,227.64891382414882,40.14891382414882
F1,single_stage,0.5:1 Slope,MH,ST-91,3.0-3.5,single,69.0,27.6,187.5,1.3,0.92,False,,True,ST-91,187.5,holdout,187.5,measured peak deviatoric stress from Appendix F,1,ST-91,Fredlund_plus_Sr,233.0964810735205,45.59648107352049
F1,single_stage,0.5:1 Slope,MH,ST-91,3.0-3.5,single,69.0,27.6,187.5,1.3,0.92,False,,True,ST-91,187.5,holdout,187.5,measured peak deviatoric stress from Appendix F,1,ST-91,Fredlund_plus_gamma,238.45710355480594,50.95710355480594
F1,single_stage,0.5:1 Slope,MH,ST-91,3.0-3.5,single,69.0,27.6,187.5,1.3,0.92,False,,True,ST-91,187.5,holdout,187.5,measured peak deviatoric stress from Appendix F,1,ST-91,Fredlund_plus_state,235.1961817481457,47.696181748145705
F1,single_stage,0.5:1 Slope,MH,ST-94,12.0-12.6,single,113.8,37.9,433.7,1.36,0.94,False,,True,ST-94,433.7,calibration,433.7,measured peak deviatoric stress from Appendix F,1,ST-94,Fredlund,314.65813204472624,-119.04186795527374
F1,single_stage,0.5:1 Slope,MH,ST-94,12.0-12.6,single,113.8,37.9,433.7,1.36,0.94,False,,True,ST-94,433.7,calibration,433.7,measured peak deviatoric stress from Appendix F,1,ST-94,Fredlund_plus_Sr,316.17847117081254,-117.52152882918745
F1,single_stage,0.5:1 Slope,MH,ST-94,12.0-12.6,single,113.8,37.9,433.7,1.36,0.94,False,,True,ST-94,433.7,calibration,433.7,measured peak deviatoric stress from Appendix F,1,ST-94,Fredlund_plus_gamma,321.8500611465639,-111.84993885343607
F1,single_stage,0.5:1 Slope,MH,ST-94,12.0-12.6,single,113.8,37.9,433.7,1.36,0.94,False,,True,ST-94,433.7,calibration,433.7,measured peak deviatoric stress from Appendix F,1,ST-94,Fredlund_plus_state,316.90812640010387,-116.79187359989612
F3,multistage,Sheet pile,ML,ST-30,4.9-5.5,1st,48.3,6.9,133.6,1.4,0.84,False,,True,ST-30,133.6,holdout,133.6,measured peak deviatoric stress from Appendix F,1,ST-30,Fredlund,200.43957600076538,66.83957600076539
F3,multistage,Sheet pile,ML,ST-30,4.9-5.5,2nd,48.3,48.3,196.2,1.4,0.7,False,,True,ST-30,196.2,holdout,196.2,measured peak deviatoric stress from Appendix F,2,ST-30,Fredlund,222.58479177834445,26.384791778344464
F3,multistage,Sheet pile,ML,ST-30,4.9-5.5,3rd,96.5,48.3,311.9,1.41,0.71,False,,True,ST-30,311.9,holdout,311.9,measured peak deviatoric stress from Appendix F,3,ST-30,Fredlund,330.4119282078437,18.51192820784371
F3,multistage,Sheet pile,ML,ST-30,4.9-5.5,1st,48.3,6.9,133.6,1.4,0.84,False,,True,ST-30,133.6,holdout,133.6,measured peak deviatoric stress from Appendix F,1,ST-30,Fredlund_plus_Sr,163.65380585524957,30.05380585524958
F3,multistage,Sheet pile,ML,ST-30,4.9-5.5,2nd,48.3,48.3,196.2,1.4,0.7,False,,True,ST-30,196.2,holdout,196.2,measured peak deviatoric stress from Appendix F,2,ST-30,Fredlund_plus_Sr,201.16548755162296,4.965487551622971
F3,multistage,Sheet pile,ML,ST-30,4.9-5.5,3rd,96.5,48.3,311.9,1.41,0.71,False,,True,ST-30,311.9,holdout,311.9,measured peak deviatoric stress from Appendix F,3,ST-30,Fredlund_plus_Sr,307.2217965037511,-4.678203496248898
F3,multistage,Sheet pile,ML,ST-30,4.9-5.5,1st,48.3,6.9,133.6,1.4,0.84,False,,True,ST-30,133.6,holdout,133.6,measured peak deviatoric stress from Appendix F,1,ST-30,Fredlund_plus_gamma,151.3981117793002,17.7981117793002
F3,multistage,Sheet pile,ML,ST-30,4.9-5.5,2nd,48.3,48.3,196.2,1.4,0.7,False,,True,ST-30,196.2,holdout,196.2,measured peak deviatoric stress from Appendix F,2,ST-30,Fredlund_plus_gamma,187.14148252817768,-9.058517471822313
F3,multistage,Sheet pile,ML,ST-30,4.9-5.5,3rd,96.5,48.3,311.9,1.41,0.71,False,,True,ST-30,311.9,holdout,311.9,measured peak deviatoric stress from Appendix F,3,ST-30,Fredlund_plus_gamma,291.42227069658463,-20.477729303415344
F3,multistage,Sheet pile,ML,ST-30,4.9-5.5,1st,48.3,6.9,133.6,1.4,0.84,False,,True,ST-30,133.6,holdout,133.6,measured peak deviatoric stress from Appendix F,1,ST-30,Fredlund_plus_state,159.10676362712576,25.506763627125764
F3,multistage,Sheet pile,ML,ST-30,4.9-5.5,2nd,48.3,48.3,196.2,1.4,0.7,False,,True,ST-30,196.2,holdout,196.2,measured peak deviatoric stress from Appendix F,2,ST-30,Fredlund_plus_state,197.9054607462817,1.705460746281716
F3,multistage,Sheet pile,ML,ST-30,4.9-5.5,3rd,96.5,48.3,311.9,1.41,0.71,False,,True,ST-30,311.9,holdout,311.9,measured peak deviatoric stress from Appendix F,3,ST-30,Fredlund_plus_state,304.19469012561825,-7.705309874381726
F3,multistage,Sheet pile,ML,ST-34A,13.5-14.1,1st,89.6,6.9,253.3,1.56,0.81,False,,True,ST-34,253.3,calibration,253.3,measured peak deviatoric stress from Appendix F,1,ST-34,Fredlund,288.5776735834539,35.27767358345386
F3,multistage,Sheet pile,ML,ST-34A,13.5-14.1,2nd,89.6,27.6,316.1,1.56,0.8,False,,True,ST-34,316.1,calibration,316.1,measured peak deviatoric stress from Appendix F,2,ST-34,Fredlund,300.9824421631481,-15.117557836851915
F3,multistage,Sheet pile,ML,ST-34A,13.5-14.1,3rd,89.6,55.2,351.2,1.56,0.73,False,,True,ST-34,351.2,calibration,351.2,measured peak deviatoric stress from Appendix F,3,ST-34,Fredlund,317.52213360274044,-33.67786639725955
F3,multistage,Sheet pile,ML,ST-34B,13.5-14.1,1st,44.8,6.9,173.4,1.54,0.78,False,,True,ST-34,173.4,calibration,173.4,measured peak deviatoric stress from Appendix F,1,ST-34,Fredlund,184.85713182045947,11.457131820459466
F3,multistage,Sheet pile,ML,ST-34B,13.5-14.1,2nd,89.6,6.9,254.0,1.57,0.77,False,,True,ST-34,254.0,calibration,254.0,measured peak deviatoric stress from Appendix F,2,ST-34,Fredlund,288.5776735834539,34.57767358345387
F3,multistage,Sheet pile,ML,ST-34B,13.5-14.1,3rd,89.6,27.6,288.9,1.57,0.75,False,,True,ST-34,288.9,calibration,288.9,measured peak deviatoric stress from Appendix F,3,ST-34,Fredlund,300.9824421631481,12.08244216314813
F3,multistage,Sheet pile,ML,ST-34A,13.5-14.1,1st,89.6,6.9,253.3,1.56,0.81,False,,True,ST-34,253.3,calibration,253.3,measured peak deviatoric stress from Appendix F,1,ST-34,Fredlund_plus_Sr,236.75374200288283,-16.54625799711718
F3,multistage,Sheet pile,ML,ST-34A,13.5-14.1,2nd,89.6,27.6,316.1,1.56,0.8,False,,True,ST-34,316.1,calibration,316.1,measured peak deviatoric stress from Appendix F,2,ST-34,Fredlund_plus_Sr,279.4084349745621,-36.69156502543791
F3,multistage,Sheet pile,ML,ST-34A,13.5-14.1,3rd,89.6,55.2,351.2,1.56,0.73,False,,True,ST-34,351.2,calibration,351.2,measured peak deviatoric stress from Appendix F,3,ST-34,Fredlund_plus_Sr,313.9095618785599,-37.290438121440104
F3,multistage,Sheet pile,ML,ST-34B,13.5-14.1,1st,44.8,6.9,173.4,1.54,0.78,False,,True,ST-34,173.4,calibration,173.4,measured peak deviatoric stress from Appendix F,1,ST-34,Fredlund_plus_Sr,132.41137367430917,-40.98862632569083
F3,multistage,Sheet pile,ML,ST-34B,13.5-14.1,2nd,89.6,6.9,254.0,1.57,0.77,False,,True,ST-34,254.0,calibration,254.0,measured peak deviatoric stress from Appendix F,2,ST-34,Fredlund_plus_Sr,220.96188525588906,-33.03811474411094
F3,multistage,Sheet pile,ML,ST-34B,13.5-14.1,3rd,89.6,27.6,288.9,1.57,0.75,False,,True,ST-34,288.9,calibration,288.9,measured peak deviatoric stress from Appendix F,3,ST-34,Fredlund_plus_Sr,259.6686140408199,-29.231385959180102
F3,multistage,Sheet pile,ML,ST-34A,13.5-14.1,1st,89.6,6.9,253.3,1.56,0.81,False,,True,ST-34,253.3,calibration,253.3,measured peak deviatoric stress from Appendix F,1,ST-34,Fredlund_plus_gamma,268.48616729177627,15.186167291776258
F3,multistage,Sheet pile,ML,ST-34A,13.5-14.1,2nd,89.6,27.6,316.1,1.56,0.8,False,,True,ST-34,316.1,calibration,316.1,measured peak deviatoric stress from Appendix F,2,ST-34,Fredlund_plus_gamma,286.6375176436413,-29.46248235635875
F3,multistage,Sheet pile,ML,ST-34A,13.5-14.1,3rd,89.6,55.2,351.2,1.56,0.73,False,,True,ST-34,351.2,calibration,351.2,measured peak deviatoric stress from Appendix F,3,ST-34,Fredlund_plus_gamma,310.8393181127946,-40.360681887205374
F3,multistage,Sheet pile,ML,ST-34B,13.5-14.1,1st,44.8,6.9,173.4,1.54,0.78,False,,True,ST-34,173.4,calibration,173.4,measured peak deviatoric stress from Appendix F,1,ST-34,Fredlund_plus_gamma,168.7745674335285,-4.625432566471517
F3,multistage,Sheet pile,ML,ST-34B,13.5-14.1,2nd,89.6,6.9,254.0,1.57,0.77,False,,True,ST-34,254.0,calibration,254.0,measured peak deviatoric stress from Appendix F,2,ST-34,Fredlund_plus_gamma,270.33792716587305,16.337927165873054
F3,multistage,Sheet pile,ML,ST-34B,13.5-14.1,3rd,89.6,27.6,288.9,1.57,0.75,False,,True,ST-34,288.9,calibration,288.9,measured peak deviatoric stress from Appendix F,3,ST-34,Fredlund_plus_gamma,288.48927751773806,-0.4107224822619173
F3,multistage,Sheet pile,ML,ST-34A,13.5-14.1,1st,89.6,6.9,253.3,1.56,0.81,False,,True,ST-34,253.3,calibration,253.3,measured peak deviatoric stress from Appendix F,1,ST-34,Fredlund_plus_state,234.0559649204659,-19.244035079534115
F3,multistage,Sheet pile,ML,ST-34A,13.5-14.1,2nd,89.6,27.6,316.1,1.56,0.8,False,,True,ST-34,316.1,calibration,316.1,measured peak deviatoric stress from Appendix F,2,ST-34,Fredlund_plus_state,276.7560397727427,-39.3439602272573
F3,multistage,Sheet pile,ML,ST-34A,13.5-14.1,3rd,89.6,55.2,351.2,1.56,0.73,False,,True,ST-34,351.2,calibration,351.2,measured peak deviatoric stress from Appendix F,3,ST-34,Fredlund_plus_state,312.67157490318493,-38.528425096815056
F3,multistage,Sheet pile,ML,ST-34B,13.5-14.1,1st,44.8,6.9,173.4,1.54,0.78,False,,True,ST-34,173.4,calibration,173.4,measured peak deviatoric stress from Appendix F,1,ST-34,Fredlund_plus_state,129.31955039649677,-44.08044960350324
F3,multistage,Sheet pile,ML,ST-34B,13.5-14.1,2nd,89.6,6.9,254.0,1.57,0.77,False,,True,ST-34,254.0,calibration,254.0,measured peak deviatoric stress from Appendix F,2,ST-34,Fredlund_plus_state,219.62633199943426,-34.37366800056574
F3,multistage,Sheet pile,ML,ST-34B,13.5-14.1,3rd,89.6,27.6,288.9,1.57,0.75,False,,True,ST-34,288.9,calibration,288.9,measured peak deviatoric stress from Appendix F,3,ST-34,Fredlund_plus_state,258.6173660271357,-30.28263397286429
F2,multistage,0.25:1 Slope,ML,ST-57,13.6-14.2,1st,131.0,10.3,318.4,1.69,0.9,False,,True,ST-57,318.4,calibration,318.4,measured peak deviatoric stress from Appendix F,1,ST-57,Fredlund,397.7552618477706,79.35526184777063
F2,multistage,0.25:1 Slope,ML,ST-57,13.6-14.2,2nd,131.0,41.4,366.5,1.69,0.79,False,,True,ST-57,366.5,calibration,366.5,measured peak deviatoric stress from Appendix F,2,ST-57,Fredlund,418.05358767650443,51.553587676504435
F2,multistage,0.25:1 Slope,ML,ST-57,13.6-14.2,3rd,131.0,62.1,377.8,1.7,0.7,False,,True,ST-57,377.8,calibration,377.8,measured peak deviatoric stress from Appendix F,3,ST-57,Fredlund,431.5640489194237,53.764048919423715
F2,multistage,0.25:1 Slope,ML,ST-57,13.6-14.2,1st,131.0,10.3,318.4,1.69,0.9,False,,True,ST-57,318.4,calibration,318.4,measured peak deviatoric stress from Appendix F,1,ST-57,Fredlund_plus_Sr,380.2315022174272,61.831502217427214
F2,multistage,0.25:1 Slope,ML,ST-57,13.6-14.2,2nd,131.0,41.4,366.5,1.69,0.79,False,,True,ST-57,366.5,calibration,366.5,measured peak deviatoric stress from Appendix F,2,ST-57,Fredlund_plus_Sr,405.30665929127025,38.80665929127025
F2,multistage,0.25:1 Slope,ML,ST-57,13.6-14.2,3rd,131.0,62.1,377.8,1.7,0.7,False,,True,ST-57,377.8,calibration,377.8,measured peak deviatoric stress from Appendix F,3,ST-57,Fredlund_plus_Sr,415.82949496081534,38.02949496081533
F2,multistage,0.25:1 Slope,ML,ST-57,13.6-14.2,1st,131.0,10.3,318.4,1.69,0.9,False,,True,ST-57,318.4,calibration,318.4,measured peak deviatoric stress from Appendix F,1,ST-57,Fredlund_plus_gamma,399.1356501722565,80.7356501722565
F2,multistage,0.25:1 Slope,ML,ST-57,13.6-14.2,2nd,131.0,41.4,366.5,1.69,0.79,False,,True,ST-57,366.5,calibration,366.5,measured peak deviatoric stress from Appendix F,2,ST-57,Fredlund_plus_gamma,427.61779244080674,61.11779244080674
F2,multistage,0.25:1 Slope,ML,ST-57,13.6-14.2,3rd,131.0,62.1,377.8,1.7,0.7,False,,True,ST-57,377.8,calibration,377.8,measured peak deviatoric stress from Appendix F,3,ST-57,Fredlund_plus_gamma,448.5390946505273,70.7390946505273
F2,multistage,0.25:1 Slope,ML,ST-57,13.6-14.2,1st,131.0,10.3,318.4,1.69,0.9,False,,True,ST-57,318.4,calibration,318.4,measured peak deviatoric stress from Appendix F,1,ST-57,Fredlund_plus_state,382.6176432523975,64.21764325239752
F2,multistage,0.25:1 Slope,ML,ST-57,13.6-14.2,2nd,131.0,41.4,366.5,1.69,0.79,False,,True,ST-57,366.5,calibration,366.5,measured peak deviatoric stress from Appendix F,2,ST-57,Fredlund_plus_state,410.5731077659083,44.073107765908276
F2,multistage,0.25:1 Slope,ML,ST-57,13.6-14.2,3rd,131.0,62.1,377.8,1.7,0.7,False,,True,ST-57,377.8,calibration,377.8,measured peak deviatoric stress from Appendix F,3,ST-57,Fredlund_plus_state,424.15619207804673,46.35619207804672
F2,multistage,1:1 Slope,ML,ST-62,4.0-4.5,1st,41.4,41.4,174.4,1.72,0.81,False,,True,ST-62,174.4,calibration,174.4,measured peak deviatoric stress from Appendix F,1,ST-62,Fredlund,198.09976785858035,23.699767858580344
F2,multistage,1:1 Slope,ML,ST-62,4.0-4.5,2nd,41.4,69.0,218.6,1.73,0.78,False,,True,ST-62,218.6,calibration,218.6,measured peak deviatoric stress from Appendix F,2,ST-62,Fredlund,215.4061169227201,-3.1938830772799065
F2,multistage,1:1 Slope,ML,ST-62,4.0-4.5,1st,41.4,41.4,174.4,1.72,0.81,False,,True,ST-62,174.4,calibration,174.4,measured peak deviatoric stress from Appendix F,1,ST-62,Fredlund_plus_Sr,223.871419613995,49.47141961399498
F2,multistage,1:1 Slope,ML,ST-62,4.0-4.5,2nd,41.4,69.0,218.6,1.73,0.78,False,,True,ST-62,218.6,calibration,218.6,measured peak deviatoric stress from Appendix F,2,ST-62,Fredlund_plus_Sr,278.5697089517794,59.96970895177938
F2,multistage,1:1 Slope,ML,ST-62,4.0-4.5,1st,41.4,41.4,174.4,1.72,0.81,False,,True,ST-62,174.4,calibration,174.4,measured peak deviatoric stress from Appendix F,1,ST-62,Fredlund_plus_gamma,245.46044243582222,71.06044243582221
F2,multistage,1:1 Slope,ML,ST-62,4.0-4.5,2nd,41.4,69.0,218.6,1.73,0.78,False,,True,ST-62,218.6,calibration,218.6,measured peak deviatoric stress from Appendix F,2,ST-62,Fredlund_plus_gamma,272.27413381043414,53.67413381043414
F2,multistage,1:1 Slope,ML,ST-62,4.0-4.5,1st,41.4,41.4,174.4,1.72,0.81,False,,True,ST-62,174.4,calibration,174.4,measured peak deviatoric stress from Appendix F,1,ST-62,Fredlund_plus_state,230.18297344405718,55.78297344405718
F2,multistage,1:1 Slope,ML,ST-62,4.0-4.5,2nd,41.4,69.0,218.6,1.73,0.78,False,,True,ST-62,218.6,calibration,218.6,measured peak deviatoric stress from Appendix F,2,ST-62,Fredlund_plus_state,286.5610721400406,67.96107214004061
F2,multistage,1:1 Slope,ML,ST-64,7.5-8.0,1st,75.8,34.5,237.9,1.68,0.8,False,,True,ST-64,237.9,calibration,237.9,measured peak deviatoric stress from Appendix F,1,ST-64,Fredlund,274.32170303367604,36.42170303367604
F2,multistage,1:1 Slope,ML,ST-64,7.5-8.0,2nd,75.8,69.0,257.9,1.69,0.7,False,,True,ST-64,257.9,calibration,257.9,measured peak deviatoric stress from Appendix F,2,ST-64,Fredlund,296.66899726607704,38.768997266077065
F2,multistage,1:1 Slope,ML,ST-64,7.5-8.0,1st,75.8,34.5,237.9,1.68,0.8,False,,True,ST-64,237.9,calibration,237.9,measured peak deviatoric stress from Appendix F,1,ST-64,Fredlund_plus_Sr,269.72849699501694,31.828496995016934
F2,multistage,1:1 Slope,ML,ST-64,7.5-8.0,2nd,75.8,69.0,257.9,1.69,0.7,False,,True,ST-64,257.9,calibration,257.9,measured peak deviatoric stress from Appendix F,2,ST-64,Fredlund_plus_Sr,308.81305862650674,50.91305862650677
F2,multistage,1:1 Slope,ML,ST-64,7.5-8.0,1st,75.8,34.5,237.9,1.68,0.8,False,,True,ST-64,237.9,calibration,237.9,measured peak deviatoric stress from Appendix F,1,ST-64,Fredlund_plus_gamma,292.0949538394241,54.19495383942407
F2,multistage,1:1 Slope,ML,ST-64,7.5-8.0,2nd,75.8,69.0,257.9,1.69,0.7,False,,True,ST-64,257.9,calibration,257.9,measured peak deviatoric stress from Appendix F,2,ST-64,Fredlund_plus_gamma,326.1512613546643,68.25126135466434
F2,multistage,1:1 Slope,ML,ST-64,7.5-8.0,1st,75.8,34.5,237.9,1.68,0.8,False,,True,ST-64,237.9,calibration,237.9,measured peak deviatoric stress from Appendix F,1,ST-64,Fredlund_plus_state,272.9945645890222,35.09456458902221
F2,multistage,1:1 Slope,ML,ST-64,7.5-8.0,2nd,75.8,69.0,257.9,1.69,0.7,False,,True,ST-64,257.9,calibration,257.9,measured peak deviatoric stress from Appendix F,2,ST-64,Fredlund_plus_state,315.3250590257018,57.42505902570184
F1,single_stage,1:1 Slope,ML,ST-65A,9.4-10.0,single,82.7,31.0,388.2,1.67,0.98,False,,True,ST-65,388.2,holdout,388.2,measured peak deviatoric stress from Appendix F,1,ST-65,Fredlund,274.32307853120284,-113.87692146879715
F1,single_stage,1:1 Slope,ML,ST-65B,9.4-10.0,single,100.0,31.0,432.3,1.71,0.99,False,,True,ST-65,432.3,holdout,432.3,measured peak deviatoric stress from Appendix F,1,ST-65,Fredlund,314.61590470855236,-117.68409529144765
F1,single_stage,1:1 Slope,ML,ST-65A,9.4-10.0,single,82.7,31.0,388.2,1.67,0.98,False,,True,ST-65,388.2,holdout,388.2,measured peak deviatoric stress from Appendix F,1,ST-65,Fredlund_plus_Sr,324.06678984491407,-64.13321015508592
F1,single_stage,1:1 Slope,ML,ST-65B,9.4-10.0,single,100.0,31.0,432.3,1.71,0.99,False,,True,ST-65,432.3,holdout,432.3,measured peak deviatoric stress from Appendix F,1,ST-65,Fredlund_plus_Sr,365.08064719396424,-67.21935280603577
F1,single_stage,1:1 Slope,ML,ST-65A,9.4-10.0,single,82.7,31.0,388.2,1.67,0.98,False,,True,ST-65,388.2,holdout,388.2,measured peak deviatoric stress from Appendix F,1,ST-65,Fredlund_plus_gamma,283.58999659026733,-104.61000340973266
F1,single_stage,1:1 Slope,ML,ST-65B,9.4-10.0,single,100.0,31.0,432.3,1.71,0.99,False,,True,ST-65,432.3,holdout,432.3,measured peak deviatoric stress from Appendix F,1,ST-65,Fredlund_plus_gamma,327.3212431964074,-104.9787568035926
F1,single_stage,1:1 Slope,ML,ST-65A,9.4-10.0,single,82.7,31.0,388.2,1.67,0.98,False,,True,ST-65,388.2,holdout,388.2,measured peak deviatoric stress from Appendix F,1,ST-65,Fredlund_plus_state,319.9679401147331,-68.23205988526689
F1,single_stage,1:1 Slope,ML,ST-65B,9.4-10.0,single,100.0,31.0,432.3,1.71,0.99,False,,True,ST-65,432.3,holdout,432.3,measured peak deviatoric stress from Appendix F,1,ST-65,Fredlund_plus_state,362.9286143624504,-69.37138563754962
F3,multistage,Sheet pile,ML,ST-74,6.3-6.9,1st,62.1,55.2,272.0,1.73,0.71,False,,True,ST-74,272.0,calibration,272.0,measured peak deviatoric stress from Appendix F,1,ST-74,Fredlund,249.83970678472582,-22.16029321527418
F3,multistage,Sheet pile,ML,ST-74,6.3-6.9,2nd,62.1,82.7,321.7,1.73,0.69,False,,True,ST-74,321.7,calibration,321.7,measured peak deviatoric stress from Appendix F,2,ST-74,Fredlund,266.2993892747167,-55.400610725283286
F3,multistage,Sheet pile,ML,ST-74,6.3-6.9,1st,62.1,55.2,272.0,1.73,0.71,False,,True,ST-74,272.0,calibration,272.0,measured peak deviatoric stress from Appendix F,1,ST-74,Fredlund_plus_Sr,247.6558158246,-24.344184175399988
F3,multistage,Sheet pile,ML,ST-74,6.3-6.9,2nd,62.1,82.7,321.7,1.73,0.69,False,,True,ST-74,321.7,calibration,321.7,measured peak deviatoric stress from Appendix F,2,ST-74,Fredlund_plus_Sr,300.1826486915874,-21.51735130841257
F3,multistage,Sheet pile,ML,ST-74,6.3-6.9,1st,62.1,55.2,272.0,1.73,0.71,False,,True,ST-74,272.0,calibration,272.0,measured peak deviatoric stress from Appendix F,1,ST-74,Fredlund_plus_gamma,283.1605544151462,11.16055441514618
F3,multistage,Sheet pile,ML,ST-74,6.3-6.9,2nd,62.1,82.7,321.7,1.73,0.69,False,,True,ST-74,321.7,calibration,321.7,measured peak deviatoric stress from Appendix F,2,ST-74,Fredlund_plus_gamma,306.9662668383859,-14.733733161614111
F3,multistage,Sheet pile,ML,ST-74,6.3-6.9,1st,62.1,55.2,272.0,1.73,0.71,False,,True,ST-74,272.0,calibration,272.0,measured peak deviatoric stress from Appendix F,1,ST-74,Fredlund_plus_state,248.61842847782447,-23.381571522175534
F3,multistage,Sheet pile,ML,ST-74,6.3-6.9,2nd,62.1,82.7,321.7,1.73,0.69,False,,True,ST-74,321.7,calibration,321.7,measured peak deviatoric stress from Appendix F,2,ST-74,Fredlund_plus_state,301.2030204761743,-20.4969795238257
F1,single_stage,Sheet pile,ML,ST-75,7.4-8.0,single,75.8,27.6,281.3,1.63,0.88,False,,True,ST-75,281.3,calibration,281.3,measured peak deviatoric stress from Appendix F,1,ST-75,Fredlund,265.1000757998901,-16.199924200109933
F1,single_stage,Sheet pile,ML,ST-75,7.4-8.0,single,75.8,27.6,281.3,1.63,0.88,False,,True,ST-75,281.3,calibration,281.3,measured peak deviatoric stress from Appendix F,1,ST-75,Fredlund_plus_Sr,283.70958990452425,2.409589904524239
F1,single_stage,Sheet pile,ML,ST-75,7.4-8.0,single,75.8,27.6,281.3,1.63,0.88,False,,True,ST-75,281.3,calibration,281.3,measured peak deviatoric stress from Appendix F,1,ST-75,Fredlund_plus_gamma,268.6163762997581,-12.683623700241924
F1,single_stage,Sheet pile,ML,ST-75,7.4-8.0,single,75.8,27.6,281.3,1.63,0.88,False,,True,ST-75,281.3,calibration,281.3,measured peak deviatoric stress from Appendix F,1,ST-75,Fredlund_plus_state,282.33724341650384,1.0372434165038271
F1,single_stage,Sheet pile,ML,ST-77,8.0-8.5,single,69.0,55.2,315.8,1.61,0.85,False,,True,ST-77,315.8,calibration,315.8,measured peak deviatoric stress from Appendix F,1,ST-77,Fredlund,265.4048563368599,-50.39514366314012
F1,single_stage,Sheet pile,ML,ST-77,8.0-8.5,single,69.0,55.2,315.8,1.61,0.85,False,,True,ST-77,315.8,calibration,315.8,measured peak deviatoric stress from Appendix F,1,ST-77,Fredlund_plus_Sr,319.6958535427765,3.8958535427764787
F1,single_stage,Sheet pile,ML,ST-77,8.0-8.5,single,69.0,55.2,315.8,1.61,0.85,False,,True,ST-77,315.8,calibration,315.8,measured peak deviatoric stress from Appendix F,1,ST-77,Fredlund_plus_gamma,272.7834854639239,-43.0165145360761
F1,single_stage,Sheet pile,ML,ST-77,8.0-8.5,single,69.0,55.2,315.8,1.61,0.85,False,,True,ST-77,315.8,calibration,315.8,measured peak deviatoric stress from Appendix F,1,ST-77,Fredlund_plus_state,317.6605408473736,1.8605408473736134
F3,multistage,Sheet pile,ML,ST-79A,14.1-14.7,1st,89.6,27.6,319.5,1.71,0.82,False,,True,ST-79,319.5,holdout,319.5,measured peak deviatoric stress from Appendix F,1,ST-79,Fredlund,301.49393226586545,-18.006067734134547
F3,multistage,Sheet pile,ML,ST-79A,14.1-14.7,2nd,62.1,56.2,357.2,1.71,0.77,False,,True,ST-79,357.2,holdout,357.2,measured peak deviatoric stress from Appendix F,2,ST-79,Fredlund,250.11496585157215,-107.08503414842784
F3,multistage,Sheet pile,ML,ST-79A,14.1-14.7,3rd,62.1,82.7,383.5,1.72,0.71,False,,True,ST-79,383.5,holdout,383.5,measured peak deviatoric stress from Appendix F,3,ST-79,Fredlund,265.47592762963916,-118.02407237036084
F3,multistage,Sheet pile,ML,ST-79B,14.1-14.7,1st,144.8,13.8,288.6,1.63,0.9,False,,True,ST-79,288.6,holdout,288.6,measured peak deviatoric stress from Appendix F,1,ST-79,Fredlund,429.903297143151,141.30329714315098
F3,multistage,Sheet pile,ML,ST-79B,14.1-14.7,2nd,144.8,41.4,374.9,1.64,0.83,False,,True,ST-79,374.9,holdout,374.9,measured peak deviatoric stress from Appendix F,2,ST-79,Fredlund,445.90188374974156,71.00188374974158
F3,multistage,Sheet pile,ML,ST-79B,14.1-14.7,3rd,131.0,89.6,469.1,1.64,0.63,False,,True,ST-79,469.1,holdout,469.1,measured peak deviatoric stress from Appendix F,3,ST-79,Fredlund,439.73927987262755,-29.360720127372474
F3,multistage,Sheet pile,ML,ST-79A,14.1-14.7,1st,89.6,27.6,319.5,1.71,0.82,False,,True,ST-79,319.5,holdout,319.5,measured peak deviatoric stress from Appendix F,1,ST-79,Fredlund_plus_Sr,292.7220411465071,-26.77795885349292
F3,multistage,Sheet pile,ML,ST-79A,14.1-14.7,2nd,62.1,56.2,357.2,1.71,0.77,False,,True,ST-79,357.2,holdout,357.2,measured peak deviatoric stress from Appendix F,2,ST-79,Fredlund_plus_Sr,271.16849278636374,-86.03150721363625
F3,multistage,Sheet pile,ML,ST-79A,14.1-14.7,3rd,62.1,82.7,383.5,1.72,0.71,False,,True,ST-79,383.5,holdout,383.5,measured peak deviatoric stress from Appendix F,3,ST-79,Fredlund_plus_Sr,303.31298804641057,-80.18701195358943
F3,multistage,Sheet pile,ML,ST-79B,14.1-14.7,1st,144.8,13.8,288.6,1.63,0.9,False,,True,ST-79,288.6,holdout,288.6,measured peak deviatoric stress from Appendix F,1,ST-79,Fredlund_plus_Sr,416.86506757962735,128.26506757962733
F3,multistage,Sheet pile,ML,ST-79B,14.1-14.7,2nd,144.8,41.4,374.9,1.64,0.83,False,,True,ST-79,374.9,holdout,374.9,measured peak deviatoric stress from Appendix F,2,ST-79,Fredlund_plus_Sr,447.6626047432726,72.76260474327262
F3,multistage,Sheet pile,ML,ST-79B,14.1-14.7,3rd,131.0,89.6,469.1,1.64,0.63,False,,True,ST-79,469.1,holdout,469.1,measured peak deviatoric stress from Appendix F,3,ST-79,Fredlund_plus_Sr,442.816013644462,-26.283986355538048
F3,multistage,Sheet pile,ML,ST-79A,14.1-14.7,1st,89.6,27.6,319.5,1.71,0.82,False,,True,ST-79,319.5,holdout,319.5,measured peak deviatoric stress from Appendix F,1,ST-79,Fredlund_plus_gamma,314.29152753959846,-5.208472460401538
F3,multistage,Sheet pile,ML,ST-79A,14.1-14.7,2nd,62.1,56.2,357.2,1.71,0.77,False,,True,ST-79,357.2,holdout,357.2,measured peak deviatoric stress from Appendix F,2,ST-79,Fredlund_plus_gamma,273.31397622076975,-83.88602377923024
F3,multistage,Sheet pile,ML,ST-79A,14.1-14.7,3rd,62.1,82.7,383.5,1.72,0.71,False,,True,ST-79,383.5,holdout,383.5,measured peak deviatoric stress from Appendix F,3,ST-79,Fredlund_plus_gamma,295.6468148833782,-87.85318511662177
F3,multistage,Sheet pile,ML,ST-79B,14.1-14.7,1st,144.8,13.8,288.6,1.63,0.9,False,,True,ST-79,288.6,holdout,288.6,measured peak deviatoric stress from Appendix F,1,ST-79,Fredlund_plus_gamma,418.66201485072764,130.06201485072762
F3,multistage,Sheet pile,ML,ST-79B,14.1-14.7,2nd,144.8,41.4,374.9,1.64,0.83,False,,True,ST-79,374.9,holdout,374.9,measured peak deviatoric stress from Appendix F,2,ST-79,Fredlund_plus_gamma,441.85890347640935,66.95890347640938
F3,multistage,Sheet pile,ML,ST-79B,14.1-14.7,3rd,131.0,89.6,469.1,1.64,0.63,False,,True,ST-79,469.1,holdout,469.1,measured peak deviatoric stress from Appendix F,3,ST-79,Fredlund_plus_gamma,447.88322604196327,-21.216773958036754
F3,multistage,Sheet pile,ML,ST-79A,14.1-14.7,1st,89.6,27.6,319.5,1.71,0.82,False,,True,ST-79,319.5,holdout,319.5,measured peak deviatoric stress from Appendix F,1,ST-79,Fredlund_plus_state,292.80289929904137,-26.69710070095863
F3,multistage,Sheet pile,ML,ST-79A,14.1-14.7,2nd,62.1,56.2,357.2,1.71,0.77,False,,True,ST-79,357.2,holdout,357.2,measured peak deviatoric stress from Appendix F,2,ST-79,Fredlund_plus_state,271.2653802367771,-85.93461976322288
F3,multistage,Sheet pile,ML,ST-79A,14.1-14.7,3rd,62.1,82.7,383.5,1.72,0.71,False,,True,ST-79,383.5,holdout,383.5,measured peak deviatoric stress from Appendix F,3,ST-79,Fredlund_plus_state,303.4463275360517,-80.05367246394832
F3,multistage,Sheet pile,ML,ST-79B,14.1-14.7,1st,144.8,13.8,288.6,1.63,0.9,False,,True,ST-79,288.6,holdout,288.6,measured peak deviatoric stress from Appendix F,1,ST-79,Fredlund_plus_state,416.83178770714795,128.23178770714793
F3,multistage,Sheet pile,ML,ST-79B,14.1-14.7,2nd,144.8,41.4,374.9,1.64,0.83,False,,True,ST-79,374.9,holdout,374.9,measured peak deviatoric stress from Appendix F,2,ST-79,Fredlund_plus_state,447.6713875990167,72.77138759901675
F3,multistage,Sheet pile,ML,ST-79B,14.1-14.7,3rd,131.0,89.6,469.1,1.64,0.63,False,,True,ST-79,469.1,holdout,469.1,measured peak deviatoric stress from Appendix F,3,ST-79,Fredlund_plus_state,442.9257989987572,-26.174201001242807
F3,multistage,Sheet pile,ML,ST-80A,15.0-15.5,1st,144.8,27.6,409.1,1.66,0.87,False,,True,ST-80,409.1,calibration,409.1,measured peak deviatoric stress from Appendix F,1,ST-80,Fredlund,426.7448867660843,17.644886766084255
F3,multistage,Sheet pile,ML,ST-80A,15.0-15.5,2nd,144.8,69.0,500.6,1.68,0.65,False,,True,ST-80,500.6,calibration,500.6,measured peak deviatoric stress from Appendix F,2,ST-80,Fredlund,448.8228941259773,-51.77710587402271
F3,multistage,Sheet pile,ML,ST-80A,15.0-15.5,3rd,144.8,96.5,550.9,1.68,0.56,False,,True,ST-80,550.9,calibration,550.9,measured peak deviatoric stress from Appendix F,3,ST-80,Fredlund,463.48823717904634,-87.41176282095364
F3,multistage,Sheet pile,ML,ST-80B,15.0-15.5,1st,69.0,6.9,234.3,1.66,0.89,False,,True,ST-80,234.3,calibration,234.3,measured peak deviatoric stress from Appendix F,1,ST-80,Fredlund,243.77396834701267,9.473968347012658
F3,multistage,Sheet pile,ML,ST-80B,15.0-15.5,2nd,124.1,6.9,297.9,1.66,0.89,False,,True,ST-80,297.9,calibration,297.9,measured peak deviatoric stress from Appendix F,2,ST-80,Fredlund,368.75350003732655,70.85350003732657
F3,multistage,Sheet pile,ML,ST-80B,15.0-15.5,3rd,124.1,55.2,389.9,1.67,0.72,False,,True,ST-80,389.9,calibration,389.9,measured peak deviatoric stress from Appendix F,3,ST-80,Fredlund,394.51117529053505,4.611175290535073
F3,multistage,Sheet pile,ML,ST-80B,15.0-15.5,4th,165.5,55.2,468.8,1.68,0.72,False,,True,ST-80,468.8,calibration,468.8,measured peak deviatoric stress from Appendix F,4,ST-80,Fredlund,488.4159413881574,19.61594138815741
F3,multistage,Sheet pile,ML,ST-80A,15.0-15.5,1st,144.8,27.6,409.1,1.66,0.87,False,,True,ST-80,409.1,calibration,409.1,measured peak deviatoric stress from Appendix F,1,ST-80,Fredlund_plus_Sr,421.6480868346383,12.548086834638298
F3,multistage,Sheet pile,ML,ST-80A,15.0-15.5,2nd,144.8,69.0,500.6,1.68,0.65,False,,True,ST-80,500.6,calibration,500.6,measured peak deviatoric stress from Appendix F,2,ST-80,Fredlund_plus_Sr,424.0566941778716,-76.54330582212845
F3,multistage,Sheet pile,ML,ST-80A,15.0-15.5,3rd,144.8,96.5,550.9,1.68,0.56,False,,True,ST-80,550.9,calibration,550.9,measured peak deviatoric stress from Appendix F,3,ST-80,Fredlund_plus_Sr,448.9627025380372,-101.93729746196277
F3,multistage,Sheet pile,ML,ST-80B,15.0-15.5,1st,69.0,6.9,234.3,1.66,0.89,False,,True,ST-80,234.3,calibration,234.3,measured peak deviatoric stress from Appendix F,1,ST-80,Fredlund_plus_Sr,227.72623536496732,-6.573764635032688
F3,multistage,Sheet pile,ML,ST-80B,15.0-15.5,2nd,124.1,6.9,297.9,1.66,0.89,False,,True,ST-80,297.9,calibration,297.9,measured peak deviatoric stress from Appendix F,2,ST-80,Fredlund_plus_Sr,340.6533152484303,42.75331524843034
F3,multistage,Sheet pile,ML,ST-80B,15.0-15.5,3rd,124.1,55.2,389.9,1.67,0.72,False,,True,ST-80,389.9,calibration,389.9,measured peak deviatoric stress from Appendix F,3,ST-80,Fredlund_plus_Sr,379.4453897771973,-10.454610222802671
F3,multistage,Sheet pile,ML,ST-80B,15.0-15.5,4th,165.5,55.2,468.8,1.68,0.72,False,,True,ST-80,468.8,calibration,468.8,measured peak deviatoric stress from Appendix F,4,ST-80,Fredlund_plus_Sr,464.2944116860062,-4.505588313993826
F3,multistage,Sheet pile,ML,ST-80A,15.0-15.5,1st,144.8,27.6,409.1,1.66,0.87,False,,True,ST-80,409.1,calibration,409.1,measured peak deviatoric stress from Appendix F,1,ST-80,Fredlund_plus_gamma,424.12193916869285,15.021939168692825
F3,multistage,Sheet pile,ML,ST-80A,15.0-15.5,2nd,144.8,69.0,500.6,1.68,0.65,False,,True,ST-80,500.6,calibration,500.6,measured peak deviatoric stress from Appendix F,2,ST-80,Fredlund_plus_gamma,460.1057296652861,-40.49427033471392
F3,multistage,Sheet pile,ML,ST-80A,15.0-15.5,3rd,144.8,96.5,550.9,1.68,0.56,False,,True,ST-80,550.9,calibration,550.9,measured peak deviatoric stress from Appendix F,3,ST-80,Fredlund_plus_gamma,481.63628174022307,-69.26371825977691
F3,multistage,Sheet pile,ML,ST-80B,15.0-15.5,1st,69.0,6.9,234.3,1.66,0.89,False,,True,ST-80,234.3,calibration,234.3,measured peak deviatoric stress from Appendix F,1,ST-80,Fredlund_plus_gamma,247.64497042635938,13.344970426359367
F3,multistage,Sheet pile,ML,ST-80B,15.0-15.5,2nd,124.1,6.9,297.9,1.66,0.89,False,,True,ST-80,297.9,calibration,297.9,measured peak deviatoric stress from Appendix F,2,ST-80,Fredlund_plus_gamma,364.1475490335601,66.24754903356012
F3,multistage,Sheet pile,ML,ST-80B,15.0-15.5,3rd,124.1,55.2,389.9,1.67,0.72,False,,True,ST-80,389.9,calibration,389.9,measured peak deviatoric stress from Appendix F,3,ST-80,Fredlund_plus_gamma,403.7482892734298,13.848289273429828
F3,multistage,Sheet pile,ML,ST-80B,15.0-15.5,4th,165.5,55.2,468.8,1.68,0.72,False,,True,ST-80,468.8,calibration,468.8,measured peak deviatoric stress from Appendix F,4,ST-80,Fredlund_plus_gamma,493.06906356095243,24.269063560952418
F3,multistage,Sheet pile,ML,ST-80A,15.0-15.5,1st,144.8,27.6,409.1,1.66,0.87,False,,True,ST-80,409.1,calibration,409.1,measured peak deviatoric stress from Appendix F,1,ST-80,Fredlund_plus_state,421.65039390247847,12.550393902478447
F3,multistage,Sheet pile,ML,ST-80A,15.0-15.5,2nd,144.8,69.0,500.6,1.68,0.65,False,,True,ST-80,500.6,calibration,500.6,measured peak deviatoric stress from Appendix F,2,ST-80,Fredlund_plus_state,424.07016927074636,-76.52983072925366
F3,multistage,Sheet pile,ML,ST-80A,15.0-15.5,3rd,144.8,96.5,550.9,1.68,0.56,False,,True,ST-80,550.9,calibration,550.9,measured peak deviatoric stress from Appendix F,3,ST-80,Fredlund_plus_state,448.9794719373711,-101.92052806262888
F3,multistage,Sheet pile,ML,ST-80B,15.0-15.5,1st,69.0,6.9,234.3,1.66,0.89,False,,True,ST-80,234.3,calibration,234.3,measured peak deviatoric stress from Appendix F,1,ST-80,Fredlund_plus_state,227.72594085316285,-6.574059146837158
F3,multistage,Sheet pile,ML,ST-80B,15.0-15.5,2nd,124.1,6.9,297.9,1.66,0.89,False,,True,ST-80,297.9,calibration,297.9,measured peak deviatoric stress from Appendix F,2,ST-80,Fredlund_plus_state,340.6550385242782,42.755038524278234
F3,multistage,Sheet pile,ML,ST-80B,15.0-15.5,3rd,124.1,55.2,389.9,1.67,0.72,False,,True,ST-80,389.9,calibration,389.9,measured peak deviatoric stress from Appendix F,3,ST-80,Fredlund_plus_state,379.4543175877141,-10.445682412285862
F3,multistage,Sheet pile,ML,ST-80B,15.0-15.5,4th,165.5,55.2,468.8,1.68,0.72,False,,True,ST-80,468.8,calibration,468.8,measured peak deviatoric stress from Appendix F,4,ST-80,Fredlund_plus_state,464.30561113222836,-4.494388867771647
F3,multistage,Sheet pile,ML,ST-81,2.4-3.0,1st,20.7,96.5,150.1,1.24,0.42,False,,True,ST-81,150.1,calibration,150.1,measured peak deviatoric stress from Appendix F,1,ST-81,Fredlund,204.02715159631043,53.92715159631044
F3,multistage,Sheet pile,ML,ST-81,2.4-3.0,2nd,20.7,117.2,163.6,1.25,0.39,False,,True,ST-81,163.6,calibration,163.6,measured peak deviatoric stress from Appendix F,2,ST-81,Fredlund,222.83653164776817,59.236531647768174
F3,multistage,Sheet pile,ML,ST-81,2.4-3.0,3rd,41.4,117.2,199.6,1.26,0.39,False,,True,ST-81,199.6,calibration,199.6,measured peak deviatoric stress from Appendix F,3,ST-81,Fredlund,269.5873178871195,69.98731788711953
F3,multistage,Sheet pile,ML,ST-81,2.4-3.0,4th,62.1,117.2,236.9,1.26,0.39,False,,True,ST-81,236.9,calibration,236.9,measured peak deviatoric stress from Appendix F,4,ST-81,Fredlund,316.33810412647085,79.43810412647085
F3,multistage,Sheet pile,ML,ST-81,2.4-3.0,1st,20.7,96.5,150.1,1.24,0.42,False,,True,ST-81,150.1,calibration,150.1,measured peak deviatoric stress from Appendix F,1,ST-81,Fredlund_plus_Sr,143.3331607499935,-6.766839250006484
F3,multistage,Sheet pile,ML,ST-81,2.4-3.0,2nd,20.7,117.2,163.6,1.25,0.39,False,,True,ST-81,163.6,calibration,163.6,measured peak deviatoric stress from Appendix F,2,ST-81,Fredlund_plus_Sr,181.38563910601712,17.78563910601713
F3,multistage,Sheet pile,ML,ST-81,2.4-3.0,3rd,41.4,117.2,199.6,1.26,0.39,False,,True,ST-81,199.6,calibration,199.6,measured peak deviatoric stress from Appendix F,3,ST-81,Fredlund_plus_Sr,226.29708017508855,26.69708017508856
F3,multistage,Sheet pile,ML,ST-81,2.4-3.0,4th,62.1,117.2,236.9,1.26,0.39,False,,True,ST-81,236.9,calibration,236.9,measured peak deviatoric stress from Appendix F,4,ST-81,Fredlund_plus_Sr,271.20852124416,34.308521244160005
F3,multistage,Sheet pile,ML,ST-81,2.4-3.0,1st,20.7,96.5,150.1,1.24,0.42,False,,True,ST-81,150.1,calibration,150.1,measured peak deviatoric stress from Appendix F,1,ST-81,Fredlund_plus_gamma,144.23988853295597,-5.860111467044021
F3,multistage,Sheet pile,ML,ST-81,2.4-3.0,2nd,20.7,117.2,163.6,1.25,0.39,False,,True,ST-81,163.6,calibration,163.6,measured peak deviatoric stress from Appendix F,2,ST-81,Fredlund_plus_gamma,164.89944095119046,1.299440951190462
F3,multistage,Sheet pile,ML,ST-81,2.4-3.0,3rd,41.4,117.2,199.6,1.26,0.39,False,,True,ST-81,199.6,calibration,199.6,measured peak deviatoric stress from Appendix F,3,ST-81,Fredlund_plus_gamma,211.37133688213012,11.771336882130129
F3,multistage,Sheet pile,ML,ST-81,2.4-3.0,4th,62.1,117.2,236.9,1.26,0.39,False,,True,ST-81,236.9,calibration,236.9,measured peak deviatoric stress from Appendix F,4,ST-81,Fredlund_plus_gamma,256.06514911412995,19.165149114129946
F3,multistage,Sheet pile,ML,ST-81,2.4-3.0,1st,20.7,96.5,150.1,1.24,0.42,False,,True,ST-81,150.1,calibration,150.1,measured peak deviatoric stress from Appendix F,1,ST-81,Fredlund_plus_state,143.59772695311221,-6.50227304688778
F3,multistage,Sheet pile,ML,ST-81,2.4-3.0,2nd,20.7,117.2,163.6,1.25,0.39,False,,True,ST-81,163.6,calibration,163.6,measured peak deviatoric stress from Appendix F,2,ST-81,Fredlund_plus_state,181.6447752120723,18.044775212072295
F3,multistage,Sheet pile,ML,ST-81,2.4-3.0,3rd,41.4,117.2,199.6,1.26,0.39,False,,True,ST-81,199.6,calibration,199.6,measured peak deviatoric stress from Appendix F,3,ST-81,Fredlund_plus_state,226.53831942131046,26.938319421310467
F3,multistage,Sheet pile,ML,ST-81,2.4-3.0,4th,62.1,117.2,236.9,1.26,0.39,False,,True,ST-81,236.9,calibration,236.9,measured peak deviatoric stress from Appendix F,4,ST-81,Fredlund_plus_state,271.44096999090067,34.54096999090066
F3,multistage,Sheet pile,ML,ST-83,5.5-6.1,1st,41.4,75.8,161.7,1.43,0.49,False,,True,ST-83,161.7,holdout,161.7,measured peak deviatoric stress from Appendix F,1,ST-83,Fredlund,229.88142119190616,68.18142119190617
F3,multistage,Sheet pile,ML,ST-83,5.5-6.1,2nd,41.4,103.4,190.9,1.43,0.44,False,,True,ST-83,190.9,holdout,190.9,measured peak deviatoric stress from Appendix F,2,ST-83,Fredlund,252.57795449645693,61.67795449645692
F3,multistage,Sheet pile,ML,ST-83,5.5-6.1,3rd,41.4,124.1,217.4,1.43,0.41,False,,True,ST-83,217.4,holdout,217.4,measured peak deviatoric stress from Appendix F,3,ST-83,Fredlund,269.60035447487,52.20035447487001
F3,multistage,Sheet pile,ML,ST-83,5.5-6.1,1st,41.4,75.8,161.7,1.43,0.49,False,,True,ST-83,161.7,holdout,161.7,measured peak deviatoric stress from Appendix F,1,ST-83,Fredlund_plus_Sr,168.15431380535065,6.454313805350665
F3,multistage,Sheet pile,ML,ST-83,5.5-6.1,2nd,41.4,103.4,190.9,1.43,0.44,False,,True,ST-83,190.9,holdout,190.9,measured peak deviatoric stress from Appendix F,2,ST-83,Fredlund_plus_Sr,214.07842235901876,23.178422359018754
F3,multistage,Sheet pile,ML,ST-83,5.5-6.1,3rd,41.4,124.1,217.4,1.43,0.41,False,,True,ST-83,217.4,holdout,217.4,measured peak deviatoric stress from Appendix F,3,ST-83,Fredlund_plus_Sr,251.493036544486,34.09303654448598
F3,multistage,Sheet pile,ML,ST-83,5.5-6.1,1st,41.4,75.8,161.7,1.43,0.49,False,,True,ST-83,161.7,holdout,161.7,measured peak deviatoric stress from Appendix F,1,ST-83,Fredlund_plus_gamma,212.49973834633067,50.799738346330685
F3,multistage,Sheet pile,ML,ST-83,5.5-6.1,2nd,41.4,103.4,190.9,1.43,0.44,False,,True,ST-83,190.9,holdout,190.9,measured peak deviatoric stress from Appendix F,2,ST-83,Fredlund_plus_gamma,240.31517573496922,49.41517573496921
F3,multistage,Sheet pile,ML,ST-83,5.5-6.1,3rd,41.4,124.1,217.4,1.43,0.41,False,,True,ST-83,217.4,holdout,217.4,measured peak deviatoric stress from Appendix F,3,ST-83,Fredlund_plus_gamma,261.17675377644815,43.776753776448146
F3,multistage,Sheet pile,ML,ST-83,5.5-6.1,1st,41.4,75.8,161.7,1.43,0.49,False,,True,ST-83,161.7,holdout,161.7,measured peak deviatoric stress from Appendix F,1,ST-83,Fredlund_plus_state,167.58858547330695,5.888585473306961
F3,multistage,Sheet pile,ML,ST-83,5.5-6.1,2nd,41.4,103.4,190.9,1.43,0.44,False,,True,ST-83,190.9,holdout,190.9,measured peak deviatoric stress from Appendix F,2,ST-83,Fredlund_plus_state,213.87094670773104,22.97094670773103
F3,multistage,Sheet pile,ML,ST-83,5.5-6.1,3rd,41.4,124.1,217.4,1.43,0.41,False,,True,ST-83,217.4,holdout,217.4,measured peak deviatoric stress from Appendix F,3,ST-83,Fredlund_plus_state,251.45967537179146,34.05967537179146
F1,single_stage,Sheet pile,ML,ST-85,10.0-10.5,single,103.4,27.6,330.3,1.53,0.83,False,,True,ST-85,330.3,calibration,330.3,measured peak deviatoric stress from Appendix F,1,ST-85,Fredlund,331.7892012328922,1.489201232892185
F1,single_stage,Sheet pile,ML,ST-85,10.0-10.5,single,103.4,27.6,330.3,1.53,0.83,False,,True,ST-85,330.3,calibration,330.3,measured peak deviatoric stress from Appendix F,1,ST-85,Fredlund_plus_Sr,321.3968284574174,-8.903171542582584
F1,single_stage,Sheet pile,ML,ST-85,10.0-10.5,single,103.4,27.6,330.3,1.53,0.83,False,,True,ST-85,330.3,calibration,330.3,measured peak deviatoric stress from Appendix F,1,ST-85,Fredlund_plus_gamma,306.9950063043897,-23.304993695610335
F1,single_stage,Sheet pile,ML,ST-85,10.0-10.5,single,103.4,27.6,330.3,1.53,0.83,False,,True,ST-85,330.3,calibration,330.3,measured peak deviatoric stress from Appendix F,1,ST-85,Fredlund_plus_state,316.9126974748316,-13.387302525168423
F3,multistage,Sheet pile,ML,ST-87,11.5-12.0,1st,117.2,20.7,318.0,1.55,0.89,False,,True,ST-87,318.0,calibration,318.0,measured peak deviatoric stress from Appendix F,1,ST-87,Fredlund,359.93024063602445,41.93024063602445
F3,multistage,Sheet pile,ML,ST-87,11.5-12.0,2nd,117.2,55.2,388.2,1.55,0.67,False,,True,ST-87,388.2,calibration,388.2,measured peak deviatoric stress from Appendix F,2,ST-87,Fredlund,379.6825476094446,-8.517452390555377
F3,multistage,Sheet pile,ML,ST-87,11.5-12.0,3rd,117.2,75.8,443.3,1.56,0.62,False,,True,ST-87,443.3,calibration,443.3,measured peak deviatoric stress from Appendix F,3,ST-87,Fredlund,391.47667872980566,-51.823321270194356
F3,multistage,Sheet pile,ML,ST-87,11.5-12.0,1st,117.2,20.7,318.0,1.55,0.89,False,,True,ST-87,318.0,calibration,318.0,measured peak deviatoric stress from Appendix F,1,ST-87,Fredlund_plus_Sr,358.0478944060219,40.047894406021896
F3,multistage,Sheet pile,ML,ST-87,11.5-12.0,2nd,117.2,55.2,388.2,1.55,0.67,False,,True,ST-87,388.2,calibration,388.2,measured peak deviatoric stress from Appendix F,2,ST-87,Fredlund_plus_Sr,344.0355889033105,-44.16441109668949
F3,multistage,Sheet pile,ML,ST-87,11.5-12.0,3rd,117.2,75.8,443.3,1.56,0.62,False,,True,ST-87,443.3,calibration,443.3,measured peak deviatoric stress from Appendix F,3,ST-87,Fredlund_plus_Sr,370.1586127396691,-73.14138726033093
F3,multistage,Sheet pile,ML,ST-87,11.5-12.0,1st,117.2,20.7,318.0,1.55,0.89,False,,True,ST-87,318.0,calibration,318.0,measured peak deviatoric stress from Appendix F,1,ST-87,Fredlund_plus_gamma,336.41851277236776,18.418512772367762
F3,multistage,Sheet pile,ML,ST-87,11.5-12.0,2nd,117.2,55.2,388.2,1.55,0.67,False,,True,ST-87,388.2,calibration,388.2,measured peak deviatoric stress from Appendix F,2,ST-87,Fredlund_plus_gamma,364.19561663297833,-24.00438336702166
F3,multistage,Sheet pile,ML,ST-87,11.5-12.0,3rd,117.2,75.8,443.3,1.56,0.62,False,,True,ST-87,443.3,calibration,443.3,measured peak deviatoric stress from Appendix F,3,ST-87,Fredlund_plus_gamma,382.6528597362595,-60.64714026374054
F3,multistage,Sheet pile,ML,ST-87,11.5-12.0,1st,117.2,20.7,318.0,1.55,0.89,False,,True,ST-87,318.0,calibration,318.0,measured peak deviatoric stress from Appendix F,1,ST-87,Fredlund_plus_state,356.5835096835683,38.58350968356831
F3,multistage,Sheet pile,ML,ST-87,11.5-12.0,2nd,117.2,55.2,388.2,1.55,0.67,False,,True,ST-87,388.2,calibration,388.2,measured peak deviatoric stress from Appendix F,2,ST-87,Fredlund_plus_state,344.07940694722134,-44.120593052778645
F3,multistage,Sheet pile,ML,ST-87,11.5-12.0,3rd,117.2,75.8,443.3,1.56,0.62,False,,True,ST-87,443.3,calibration,443.3,measured peak deviatoric stress from Appendix F,3,ST-87,Fredlund_plus_state,370.61076029318855,-72.68923970681146
F1,single_stage,1:1 Slope,SC,ST-114B,0.5-1.1,single,82.7,55.2,336.5,1.72,0.63,True,source-confirmed in Appendix F; outside initial tube-range summary,True,ST-114,336.5,holdout,336.5,measured peak deviatoric stress from Appendix F,1,ST-114,Fredlund,311.42742368953185,-25.07257631046815
F1,single_stage,1:1 Slope,SC,ST-114B,0.5-1.1,single,82.7,55.2,336.5,1.72,0.63,True,source-confirmed in Appendix F; outside initial tube-range summary,True,ST-114,336.5,holdout,336.5,measured peak deviatoric stress from Appendix F,1,ST-114,Fredlund_plus_Sr,312.86634812365764,-23.633651876342356
F1,single_stage,1:1 Slope,SC,ST-114B,0.5-1.1,single,82.7,55.2,336.5,1.72,0.63,True,source-confirmed in Appendix F; outside initial tube-range summary,True,ST-114,336.5,holdout,336.5,measured peak deviatoric stress from Appendix F,1,ST-114,Fredlund_plus_gamma,293.381597544404,-43.118402455596026
F1,single_stage,1:1 Slope,SC,ST-114B,0.5-1.1,single,82.7,55.2,336.5,1.72,0.63,True,source-confirmed in Appendix F; outside initial tube-range summary,True,ST-114,336.5,holdout,336.5,measured peak deviatoric stress from Appendix F,1,ST-114,Fredlund_plus_state,295.05994060095907,-41.44005939904093
F1,single_stage,1:1 Slope,SC,ST-116E,0.5-1.1,single,137.9,10.3,392.3,1.76,0.79,True,source-confirmed in Appendix F; outside initial tube-range summary,True,ST-116,392.3,calibration,392.3,measured peak deviatoric stress from Appendix F,1,ST-116,Fredlund,439.695257154627,47.39525715462696
F1,single_stage,1:1 Slope,SC,ST-116E,0.5-1.1,single,137.9,10.3,392.3,1.76,0.79,True,source-confirmed in Appendix F; outside initial tube-range summary,True,ST-116,392.3,calibration,392.3,measured peak deviatoric stress from Appendix F,1,ST-116,Fredlund_plus_Sr,436.97522580495473,44.67522580495472
F1,single_stage,1:1 Slope,SC,ST-116E,0.5-1.1,single,137.9,10.3,392.3,1.76,0.79,True,source-confirmed in Appendix F; outside initial tube-range summary,True,ST-116,392.3,calibration,392.3,measured peak deviatoric stress from Appendix F,1,ST-116,Fredlund_plus_gamma,473.8076898031572,81.50768980315718
F1,single_stage,1:1 Slope,SC,ST-116E,0.5-1.1,single,137.9,10.3,392.3,1.76,0.79,True,source-confirmed in Appendix F; outside initial tube-range summary,True,ST-116,392.3,calibration,392.3,measured peak deviatoric stress from Appendix F,1,ST-116,Fredlund_plus_state,470.6350800252812,78.33508002528117
F1,single_stage,1:1 Slope,SC,ST-59B,0.5-1.0,single,20.7,72.4,175.1,1.74,0.52,False,,True,ST-59,175.1,calibration,175.1,measured peak deviatoric stress from Appendix F,1,ST-59,Fredlund,208.77141892377315,33.67141892377316
F2,multistage,1:1 Slope,SC,ST-59A,0.5-1.0,1st,20.7,20.7,136.5,1.83,0.61,False,,True,ST-59,136.5,calibration,136.5,measured peak deviatoric stress from Appendix F,1,ST-59,Fredlund,107.56139808894308,-28.93860191105692
F2,multistage,1:1 Slope,SC,ST-59A,0.5-1.0,2nd,20.7,137.9,252.4,1.83,0.43,False,,True,ST-59,252.4,calibration,252.4,measured peak deviatoric stress from Appendix F,2,ST-59,Fredlund,336.99688052302594,84.59688052302593
F2,multistage,1:1 Slope,SC,ST-59C,0.5-1.0,1st,20.7,10.3,89.5,1.79,0.69,False,,True,ST-59,89.5,calibration,89.5,measured peak deviatoric stress from Appendix F,1,ST-59,Fredlund,87.20193548387088,-2.2980645161291164
F2,multistage,1:1 Slope,SC,ST-59C,0.5-1.0,2nd,20.7,103.4,206.2,1.79,0.58,False,,True,ST-59,206.2,calibration,206.2,measured peak deviatoric stress from Appendix F,2,ST-59,Fredlund,269.45827861196915,63.25827861196916
F1,single_stage,1:1 Slope,SC,ST-59B,0.5-1.0,single,20.7,72.4,175.1,1.74,0.52,False,,True,ST-59,175.1,calibration,175.1,measured peak deviatoric stress from Appendix F,1,ST-59,Fredlund_plus_Sr,208.72467851480155,33.62467851480156
F2,multistage,1:1 Slope,SC,ST-59A,0.5-1.0,1st,20.7,20.7,136.5,1.83,0.61,False,,True,ST-59,136.5,calibration,136.5,measured peak deviatoric stress from Appendix F,1,ST-59,Fredlund_plus_Sr,107.41766490912619,-29.082335090873812
F2,multistage,1:1 Slope,SC,ST-59A,0.5-1.0,2nd,20.7,137.9,252.4,1.83,0.43,False,,True,ST-59,252.4,calibration,252.4,measured peak deviatoric stress from Appendix F,2,ST-59,Fredlund_plus_Sr,337.1046261568263,84.70462615682632
F2,multistage,1:1 Slope,SC,ST-59C,0.5-1.0,1st,20.7,10.3,89.5,1.79,0.69,False,,True,ST-59,89.5,calibration,89.5,measured peak deviatoric stress from Appendix F,1,ST-59,Fredlund_plus_Sr,87.12011732108488,-2.3798826789151235
F2,multistage,1:1 Slope,SC,ST-59C,0.5-1.0,2nd,20.7,103.4,206.2,1.79,0.58,False,,True,ST-59,206.2,calibration,206.2,measured peak deviatoric stress from Appendix F,2,ST-59,Fredlund_plus_Sr,269.61962221582553,63.41962221582554
F1,single_stage,1:1 Slope,SC,ST-59B,0.5-1.0,single,20.7,72.4,175.1,1.74,0.52,False,,True,ST-59,175.1,calibration,175.1,measured peak deviatoric stress from Appendix F,1,ST-59,Fredlund_plus_gamma,208.67865890653772,33.578658906537726
F2,multistage,1:1 Slope,SC,ST-59A,0.5-1.0,1st,20.7,20.7,136.5,1.83,0.61,False,,True,ST-59,136.5,calibration,136.5,measured peak deviatoric stress from Appendix F,1,ST-59,Fredlund_plus_gamma,107.29091125639505,-29.20908874360495
F2,multistage,1:1 Slope,SC,ST-59A,0.5-1.0,2nd,20.7,137.9,252.4,1.83,0.43,False,,True,ST-59,252.4,calibration,252.4,measured peak deviatoric stress from Appendix F,2,ST-59,Fredlund_plus_gamma,337.74834086287785,85.34834086287785
F2,multistage,1:1 Slope,SC,ST-59C,0.5-1.0,1st,20.7,10.3,89.5,1.79,0.69,False,,True,ST-59,89.5,calibration,89.5,measured peak deviatoric stress from Appendix F,1,ST-59,Fredlund_plus_gamma,86.71939461304981,-2.780605386950185
F2,multistage,1:1 Slope,SC,ST-59C,0.5-1.0,2nd,20.7,103.4,206.2,1.79,0.58,False,,True,ST-59,206.2,calibration,206.2,measured peak deviatoric stress from Appendix F,2,ST-59,Fredlund_plus_gamma,269.7875404864589,63.58754048645892
F1,single_stage,1:1 Slope,SC,ST-59B,0.5-1.0,single,20.7,72.4,175.1,1.74,0.52,False,,True,ST-59,175.1,calibration,175.1,measured peak deviatoric stress from Appendix F,1,ST-59,Fredlund_plus_state,208.63544185882031,33.53544185882032
F2,multistage,1:1 Slope,SC,ST-59A,0.5-1.0,1st,20.7,20.7,136.5,1.83,0.61,False,,True,ST-59,136.5,calibration,136.5,measured peak deviatoric stress from Appendix F,1,ST-59,Fredlund_plus_state,107.15787101059556,-29.342128989404443
F2,multistage,1:1 Slope,SC,ST-59A,0.5-1.0,2nd,20.7,137.9,252.4,1.83,0.43,False,,True,ST-59,252.4,calibration,252.4,measured peak deviatoric stress from Appendix F,2,ST-59,Fredlund_plus_state,337.84279733610305,85.44279733610304
F2,multistage,1:1 Slope,SC,ST-59C,0.5-1.0,1st,20.7,10.3,89.5,1.79,0.69,False,,True,ST-59,89.5,calibration,89.5,measured peak deviatoric stress from Appendix F,1,ST-59,Fredlund_plus_state,86.64682112306957,-2.8531788769304285
F2,multistage,1:1 Slope,SC,ST-59C,0.5-1.0,2nd,20.7,103.4,206.2,1.79,0.58,False,,True,ST-59,206.2,calibration,206.2,measured peak deviatoric stress from Appendix F,2,ST-59,Fredlund_plus_state,269.9366346684399,63.73663466843993
F1,single_stage,1:1 Slope,SC,ST-60,1.5-2.0,single,20.7,55.2,175.1,1.82,0.61,False,,True,ST-60,175.1,calibration,175.1,measured peak deviatoric stress from Appendix F,1,ST-60,Fredlund,162.81266893301967,-12.287331066980329
F1,single_stage,1:1 Slope,SC,ST-60,1.5-2.0,single,20.7,55.2,175.1,1.82,0.61,False,,True,ST-60,175.1,calibration,175.1,measured peak deviatoric stress from Appendix F,1,ST-60,Fredlund_plus_Sr,153.1122397683045,-21.98776023169549
F1,single_stage,1:1 Slope,SC,ST-60,1.5-2.0,single,20.7,55.2,175.1,1.82,0.61,False,,True,ST-60,175.1,calibration,175.1,measured peak deviatoric stress from Appendix F,1,ST-60,Fredlund_plus_gamma,152.84321129840015,-22.256788701599845
F1,single_stage,1:1 Slope,SC,ST-60,1.5-2.0,single,20.7,55.2,175.1,1.82,0.61,False,,True,ST-60,175.1,calibration,175.1,measured peak deviatoric stress from Appendix F,1,ST-60,Fredlund_plus_state,148.13448367631193,-26.965516323688064
F2,multistage,0.5:1 Slope,MH,ST-37A,2.0-2.5,1st,20.7,82.7,177.4,1.19,0.54,False,,True,ST-37,177.4,calibration,177.4,measured peak deviatoric stress from Appendix F,1,ST-37,Fredlund,151.34900443340396,-26.050995566596043
F2,multistage,0.5:1 Slope,MH,ST-37A,2.0-2.5,2nd,20.7,124.1,195.6,1.21,0.49,False,,True,ST-37,195.6,calibration,195.6,measured peak deviatoric stress from Appendix F,2,ST-37,Fredlund,185.62588047567704,-9.974119524322958
F2,multistage,0.5:1 Slope,MH,ST-37B,2.0-2.5,1st,20.7,93.1,177.2,1.08,0.65,False,,True,ST-37,177.2,calibration,177.2,measured peak deviatoric stress from Appendix F,1,ST-37,Fredlund,159.95962063726,-17.240379362739986
F2,multistage,0.5:1 Slope,MH,ST-37B,2.0-2.5,2nd,20.7,124.1,197.2,1.09,0.6,False,,True,ST-37,197.2,calibration,197.2,measured peak deviatoric stress from Appendix F,2,ST-37,Fredlund,185.62588047567704,-11.574119524322953
F2,multistage,0.5:1 Slope,MH,ST-37A,2.0-2.5,1st,20.7,82.7,177.4,1.19,0.54,False,,True,ST-37,177.4,calibration,177.4,measured peak deviatoric stress from Appendix F,1,ST-37,Fredlund_plus_stage,143.44915847051888,-33.950841529481124
F2,multistage,0.5:1 Slope,MH,ST-37A,2.0-2.5,2nd,20.7,124.1,195.6,1.21,0.49,False,,True,ST-37,195.6,calibration,195.6,measured peak deviatoric stress from Appendix F,2,ST-37,Fredlund_plus_stage,182.75312104576554,-12.846878954234455
F2,multistage,0.5:1 Slope,MH,ST-37B,2.0-2.5,1st,20.7,93.1,177.2,1.08,0.65,False,,True,ST-37,177.2,calibration,177.2,measured peak deviatoric stress from Appendix F,1,ST-37,Fredlund_plus_stage,149.73558377736197,-27.46441622263802
F2,multistage,0.5:1 Slope,MH,ST-37B,2.0-2.5,2nd,20.7,124.1,197.2,1.09,0.6,False,,True,ST-37,197.2,calibration,197.2,measured peak deviatoric stress from Appendix F,2,ST-37,Fredlund_plus_stage,182.75312104576554,-14.44687895423445
F2,multistage,0.5:1 Slope,MH,ST-38A,2.5-3.0,1st,27.6,75.8,186.5,1.15,0.63,False,,True,ST-38,186.5,holdout,186.5,measured peak deviatoric stress from Appendix F,1,ST-38,Fredlund,168.3155752727478,-18.184424727252207
F2,multistage,0.5:1 Slope,MH,ST-38A,2.5-3.0,2nd,27.6,137.9,180.1,1.16,0.59,False,,True,ST-38,180.1,holdout,180.1,measured peak deviatoric stress from Appendix F,2,ST-38,Fredlund,225.87818596179372,45.778185961793724
F2,multistage,0.5:1 Slope,MH,ST-38B,2.5-3.0,1st,27.6,20.7,103.4,1.08,0.91,False,,True,ST-38,103.4,holdout,103.4,measured peak deviatoric stress from Appendix F,1,ST-38,Fredlund,117.24150363077631,13.841503630776302
F2,multistage,0.5:1 Slope,MH,ST-38B,2.5-3.0,2nd,27.6,89.6,195.1,1.09,0.65,False,,True,ST-38,195.1,holdout,195.1,measured peak deviatoric stress from Appendix F,2,ST-38,Fredlund,181.1072665369802,-13.992733463019789
F2,multistage,0.5:1 Slope,MH,ST-38A,2.5-3.0,1st,27.6,75.8,186.5,1.15,0.63,False,,True,ST-38,186.5,holdout,186.5,measured peak deviatoric stress from Appendix F,1,ST-38,Fredlund_plus_stage,169.06232453262857,-17.437675467371434
F2,multistage,0.5:1 Slope,MH,ST-38A,2.5-3.0,2nd,27.6,137.9,180.1,1.16,0.59,False,,True,ST-38,180.1,holdout,180.1,measured peak deviatoric stress from Appendix F,2,ST-38,Fredlund_plus_stage,226.87703696568013,46.77703696568014
F2,multistage,0.5:1 Slope,MH,ST-38B,2.5-3.0,1st,27.6,20.7,103.4,1.08,0.91,False,,True,ST-38,103.4,holdout,103.4,measured peak deviatoric stress from Appendix F,1,ST-38,Fredlund_plus_stage,116.10135856781088,12.701358567810871
F2,multistage,0.5:1 Slope,MH,ST-38B,2.5-3.0,2nd,27.6,89.6,195.1,1.09,0.65,False,,True,ST-38,195.1,holdout,195.1,measured peak deviatoric stress from Appendix F,2,ST-38,Fredlund_plus_stage,180.45208857909762,-14.647911420902375
F2,multistage,0.5:1 Slope,MH,ST-39A,4.9-5.5,1st,20.7,55.2,146.1,1.08,0.67,False,,True,ST-39,146.1,calibration,146.1,measured peak deviatoric stress from Appendix F,1,ST-39,Fredlund,131.4745673414985,-14.625432658501495
F2,multistage,0.5:1 Slope,MH,ST-39A,4.9-5.5,2nd,20.7,82.7,166.2,1.09,0.61,False,,True,ST-39,166.2,calibration,166.2,measured peak deviatoric stress from Appendix F,2,ST-39,Fredlund,155.1674390397869,-11.03256096021309
F2,multistage,0.5:1 Slope,MH,ST-39B,4.9-5.5,1st,34.5,55.2,143.5,1.1,0.66,False,,True,ST-39,143.5,calibration,143.5,measured peak deviatoric stress from Appendix F,1,ST-39,Fredlund,167.4694223240514,23.969422324051408
F2,multistage,0.5:1 Slope,MH,ST-39B,4.9-5.5,2nd,34.5,106.9,207.3,1.11,0.59,False,,True,ST-39,207.3,calibration,207.3,measured peak deviatoric stress from Appendix F,2,ST-39,Fredlund,212.0120211168336,4.712021116833597
F2,multistage,0.5:1 Slope,MH,ST-39A,4.9-5.5,1st,20.7,55.2,146.1,1.08,0.67,False,,True,ST-39,146.1,calibration,146.1,measured peak deviatoric stress from Appendix F,1,ST-39,Fredlund_plus_stage,131.3640603842343,-14.735939615765687
F2,multistage,0.5:1 Slope,MH,ST-39A,4.9-5.5,2nd,20.7,82.7,166.2,1.09,0.61,False,,True,ST-39,166.2,calibration,166.2,measured peak deviatoric stress from Appendix F,2,ST-39,Fredlund_plus_stage,153.4883603060219,-12.7116396939781
F2,multistage,0.5:1 Slope,MH,ST-39B,4.9-5.5,1st,34.5,55.2,143.5,1.1,0.66,False,,True,ST-39,143.5,calibration,143.5,measured peak deviatoric stress from Appendix F,1,ST-39,Fredlund_plus_stage,167.99570644512434,24.49570644512434
F2,multistage,0.5:1 Slope,MH,ST-39B,4.9-5.5,2nd,34.5,106.9,207.3,1.11,0.59,False,,True,ST-39,207.3,calibration,207.3,measured peak deviatoric stress from Appendix F,2,ST-39,Fredlund_plus_stage,211.98915278060653,4.68915278060652
F2,multistage,0.25:1 Slope,MH,ST-49A,2.0-2.5,1st,24.1,75.8,168.2,1.13,0.65,False,,True,ST-49,168.2,calibration,168.2,measured peak deviatoric stress from Appendix F,1,ST-49,Fredlund,158.79027974843157,-9.409720251568416
F2,multistage,0.25:1 Slope,MH,ST-49A,2.0-2.5,2nd,24.1,120.7,202.7,1.13,0.62,False,,True,ST-49,202.7,calibration,202.7,measured peak deviatoric stress from Appendix F,2,ST-49,Fredlund,196.43826416791646,-6.261735832083531
F2,multistage,0.25:1 Slope,MH,ST-49B,2.0-2.5,1st,24.1,27.6,111.7,1.12,0.9,False,,True,ST-49,111.7,calibration,111.7,measured peak deviatoric stress from Appendix F,1,ST-49,Fredlund,118.37529424689104,6.675294246891042
F2,multistage,0.25:1 Slope,MH,ST-49B,2.0-2.5,2nd,24.1,89.6,169.6,1.12,0.69,False,,True,ST-49,169.6,calibration,169.6,measured peak deviatoric stress from Appendix F,2,ST-49,Fredlund,170.36137518248262,0.7613751824826238
F2,multistage,0.25:1 Slope,MH,ST-49B,2.0-2.5,3rd,24.1,137.9,206.2,1.13,0.58,False,,True,ST-49,206.2,calibration,206.2,measured peak deviatoric stress from Appendix F,3,ST-49,Fredlund,210.8602092016612,4.6602092016612175
F2,multistage,0.25:1 Slope,MH,ST-49A,2.0-2.5,1st,24.1,75.8,168.2,1.13,0.65,False,,True,ST-49,168.2,calibration,168.2,measured peak deviatoric stress from Appendix F,1,ST-49,Fredlund_plus_stage,156.53864844484855,-11.661351555151441
F2,multistage,0.25:1 Slope,MH,ST-49A,2.0-2.5,2nd,24.1,120.7,202.7,1.13,0.62,False,,True,ST-49,202.7,calibration,202.7,measured peak deviatoric stress from Appendix F,2,ST-49,Fredlund_plus_stage,196.6529829220373,-6.047017077962693
F2,multistage,0.25:1 Slope,MH,ST-49B,2.0-2.5,1st,24.1,27.6,111.7,1.12,0.9,False,,True,ST-49,111.7,calibration,111.7,measured peak deviatoric stress from Appendix F,1,ST-49,Fredlund_plus_stage,121.07089378697462,9.37089378697462
F2,multistage,0.25:1 Slope,MH,ST-49B,2.0-2.5,2nd,24.1,89.6,169.6,1.12,0.69,False,,True,ST-49,169.6,calibration,169.6,measured peak deviatoric stress from Appendix F,2,ST-49,Fredlund_plus_stage,173.76818686685306,4.168186866853063
F2,multistage,0.25:1 Slope,MH,ST-49B,2.0-2.5,3rd,24.1,137.9,206.2,1.13,0.58,False,,True,ST-49,206.2,calibration,206.2,measured peak deviatoric stress from Appendix F,3,ST-49,Fredlund_plus_stage,216.3843961539333,10.184396153933307
F2,multistage,0.25:1 Slope,MH,ST-51,3.0-3.5,1st,41.4,44.8,159.3,1.08,0.76,False,,True,ST-51,159.3,calibration,159.3,measured peak deviatoric stress from Appendix F,1,ST-51,Fredlund,180.70166853842107,21.401668538421063
F2,multistage,0.25:1 Slope,MH,ST-51,3.0-3.5,2nd,41.4,89.6,200.0,1.09,0.72,False,,True,ST-51,200.0,calibration,200.0,measured peak deviatoric stress from Appendix F,2,ST-51,Fredlund,218.04631081410372,18.04631081410372
F2,multistage,0.25:1 Slope,MH,ST-51,3.0-3.5,1st,41.4,44.8,159.3,1.08,0.76,False,,True,ST-51,159.3,calibration,159.3,measured peak deviatoric stress from Appendix F,1,ST-51,Fredlund_plus_stage,180.41605277556377,21.11605277556376
F2,multistage,0.25:1 Slope,MH,ST-51,3.0-3.5,2nd,41.4,89.6,200.0,1.09,0.72,False,,True,ST-51,200.0,calibration,200.0,measured peak deviatoric stress from Appendix F,2,ST-51,Fredlund_plus_stage,218.31809592303867,18.31809592303867
F2,multistage,0.25:1 Slope,MH,ST-52,5.6-6.2,1st,62.1,31.0,215.5,1.19,0.91,False,,True,ST-52,215.5,calibration,215.5,measured peak deviatoric stress from Appendix F,1,ST-52,Fredlund,172.2897135406504,-43.21028645934959
F2,multistage,0.25:1 Slope,MH,ST-52,5.6-6.2,2nd,62.1,62.1,266.3,1.2,0.86,False,,True,ST-52,266.3,calibration,266.3,measured peak deviatoric stress from Appendix F,2,ST-52,Fredlund,197.18978987789174,-69.11021012210827
F2,multistage,0.25:1 Slope,MH,ST-52,5.6-6.2,1st,62.1,31.0,215.5,1.19,0.91,False,,True,ST-52,215.5,calibration,215.5,measured peak deviatoric stress from Appendix F,1,ST-52,Fredlund_plus_stage,173.27625482397255,-42.22374517602745
F2,multistage,0.25:1 Slope,MH,ST-52,5.6-6.2,2nd,62.1,62.1,266.3,1.2,0.86,False,,True,ST-52,266.3,calibration,266.3,measured peak deviatoric stress from Appendix F,2,ST-52,Fredlund_plus_stage,196.03266470278723,-70.26733529721278
F3,multistage,Sheet pile,ML,ST-30,4.9-5.5,1st,48.3,6.9,133.6,1.4,0.84,False,,True,ST-30,133.6,holdout,133.6,measured peak deviatoric stress from Appendix F,1,ST-30,Fredlund,162.33096401680163,28.730964016801636
F3,multistage,Sheet pile,ML,ST-30,4.9-5.5,2nd,48.3,48.3,196.2,1.4,0.7,False,,True,ST-30,196.2,holdout,196.2,measured peak deviatoric stress from Appendix F,2,ST-30,Fredlund,199.36314579208553,3.163145792085544
F3,multistage,Sheet pile,ML,ST-30,4.9-5.5,3rd,96.5,48.3,311.9,1.41,0.71,False,,True,ST-30,311.9,holdout,311.9,measured peak deviatoric stress from Appendix F,3,ST-30,Fredlund,313.37406555314794,1.474065553147966
F3,multistage,Sheet pile,ML,ST-30,4.9-5.5,1st,48.3,6.9,133.6,1.4,0.84,False,,True,ST-30,133.6,holdout,133.6,measured peak deviatoric stress from Appendix F,1,ST-30,Fredlund_plus_stage,169.95148754728166,36.351487547281664
F3,multistage,Sheet pile,ML,ST-30,4.9-5.5,2nd,48.3,48.3,196.2,1.4,0.7,False,,True,ST-30,196.2,holdout,196.2,measured peak deviatoric stress from Appendix F,2,ST-30,Fredlund_plus_stage,208.63060060328652,12.430600603286535
F3,multistage,Sheet pile,ML,ST-30,4.9-5.5,3rd,96.5,48.3,311.9,1.41,0.71,False,,True,ST-30,311.9,holdout,311.9,measured peak deviatoric stress from Appendix F,3,ST-30,Fredlund_plus_stage,327.80694645599544,15.906946455995467
F3,multistage,Sheet pile,ML,ST-34A,13.5-14.1,1st,89.6,6.9,253.3,1.56,0.81,False,,True,ST-34,253.3,calibration,253.3,measured peak deviatoric stress from Appendix F,1,ST-34,Fredlund,251.2239091989545,-2.076090801045524
F3,multistage,Sheet pile,ML,ST-34A,13.5-14.1,2nd,89.6,27.6,316.1,1.56,0.8,False,,True,ST-34,316.1,calibration,316.1,measured peak deviatoric stress from Appendix F,2,ST-34,Fredlund,272.2443477503599,-43.855652249640116
F3,multistage,Sheet pile,ML,ST-34A,13.5-14.1,3rd,89.6,55.2,351.2,1.56,0.73,False,,True,ST-34,351.2,calibration,351.2,measured peak deviatoric stress from Appendix F,3,ST-34,Fredlund,300.2715991522338,-50.92840084776617
F3,multistage,Sheet pile,ML,ST-34B,13.5-14.1,1st,44.8,6.9,173.4,1.54,0.78,False,,True,ST-34,173.4,calibration,173.4,measured peak deviatoric stress from Appendix F,1,ST-34,Fredlund,142.46143440126247,-30.93856559873754
F3,multistage,Sheet pile,ML,ST-34B,13.5-14.1,2nd,89.6,6.9,254.0,1.57,0.77,False,,True,ST-34,254.0,calibration,254.0,measured peak deviatoric stress from Appendix F,2,ST-34,Fredlund,251.2239091989545,-2.7760908010455125
F3,multistage,Sheet pile,ML,ST-34B,13.5-14.1,3rd,89.6,27.6,288.9,1.57,0.75,False,,True,ST-34,288.9,calibration,288.9,measured peak deviatoric stress from Appendix F,3,ST-34,Fredlund,272.2443477503599,-16.65565224964007
F3,multistage,Sheet pile,ML,ST-34A,13.5-14.1,1st,89.6,6.9,253.3,1.56,0.81,False,,True,ST-34,253.3,calibration,253.3,measured peak deviatoric stress from Appendix F,1,ST-34,Fredlund_plus_stage,252.1095017559597,-1.190498244040299
F3,multistage,Sheet pile,ML,ST-34A,13.5-14.1,2nd,89.6,27.6,316.1,1.56,0.8,False,,True,ST-34,316.1,calibration,316.1,measured peak deviatoric stress from Appendix F,2,ST-34,Fredlund_plus_stage,276.3487059129866,-39.751294087013434
F3,multistage,Sheet pile,ML,ST-34A,13.5-14.1,3rd,89.6,55.2,351.2,1.56,0.73,False,,True,ST-34,351.2,calibration,351.2,measured peak deviatoric stress from Appendix F,3,ST-34,Fredlund_plus_stage,306.70166331622795,-44.49833668377204
F3,multistage,Sheet pile,ML,ST-34B,13.5-14.1,1st,44.8,6.9,173.4,1.54,0.78,False,,True,ST-34,173.4,calibration,173.4,measured peak deviatoric stress from Appendix F,1,ST-34,Fredlund_plus_stage,146.49125281352116,-26.90874718647885
F3,multistage,Sheet pile,ML,ST-34B,13.5-14.1,2nd,89.6,6.9,254.0,1.57,0.77,False,,True,ST-34,254.0,calibration,254.0,measured peak deviatoric stress from Appendix F,2,ST-34,Fredlund_plus_stage,258.00744617434333,4.007446174343329
F3,multistage,Sheet pile,ML,ST-34B,13.5-14.1,3rd,89.6,27.6,288.9,1.57,0.75,False,,True,ST-34,288.9,calibration,288.9,measured peak deviatoric stress from Appendix F,3,ST-34,Fredlund_plus_stage,282.24665033137023,-6.653349668629744
F2,multistage,0.25:1 Slope,ML,ST-57,13.6-14.2,1st,131.0,10.3,318.4,1.69,0.9,False,,True,ST-57,318.4,calibration,318.4,measured peak deviatoric stress from Appendix F,1,ST-57,Fredlund,370.3393895126765,51.93938951267654
F2,multistage,0.25:1 Slope,ML,ST-57,13.6-14.2,2nd,131.0,41.4,366.5,1.69,0.79,False,,True,ST-57,366.5,calibration,366.5,measured peak deviatoric stress from Appendix F,2,ST-57,Fredlund,399.3312448084794,32.831244808479426
F2,multistage,0.25:1 Slope,ML,ST-57,13.6-14.2,3rd,131.0,62.1,377.8,1.7,0.7,False,,True,ST-57,377.8,calibration,377.8,measured peak deviatoric stress from Appendix F,3,ST-57,Fredlund,418.6280745391264,40.82807453912636
F2,multistage,0.25:1 Slope,ML,ST-57,13.6-14.2,1st,131.0,10.3,318.4,1.69,0.9,False,,True,ST-57,318.4,calibration,318.4,measured peak deviatoric stress from Appendix F,1,ST-57,Fredlund_plus_stage,364.93755233773595,46.537552337735974
F2,multistage,0.25:1 Slope,ML,ST-57,13.6-14.2,2nd,131.0,41.4,366.5,1.69,0.79,False,,True,ST-57,366.5,calibration,366.5,measured peak deviatoric stress from Appendix F,2,ST-57,Fredlund_plus_stage,397.4497180377212,30.949718037721198
F2,multistage,0.25:1 Slope,ML,ST-57,13.6-14.2,3rd,131.0,62.1,377.8,1.7,0.7,False,,True,ST-57,377.8,calibration,377.8,measured peak deviatoric stress from Appendix F,3,ST-57,Fredlund_plus_stage,421.8175726425856,44.017572642585606
F2,multistage,1:1 Slope,ML,ST-62,4.0-4.5,1st,41.4,41.4,174.4,1.72,0.81,False,,True,ST-62,174.4,calibration,174.4,measured peak deviatoric stress from Appendix F,1,ST-62,Fredlund,170.73748529128235,-3.6625147087176515
F2,multistage,1:1 Slope,ML,ST-62,4.0-4.5,2nd,41.4,69.0,218.6,1.73,0.78,False,,True,ST-62,218.6,calibration,218.6,measured peak deviatoric stress from Appendix F,2,ST-62,Fredlund,197.2620283078204,-21.337971692179593
F2,multistage,1:1 Slope,ML,ST-62,4.0-4.5,1st,41.4,41.4,174.4,1.72,0.81,False,,True,ST-62,174.4,calibration,174.4,measured peak deviatoric stress from Appendix F,1,ST-62,Fredlund_plus_stage,169.08359388816396,-5.316406111836045
F2,multistage,1:1 Slope,ML,ST-62,4.0-4.5,2nd,41.4,69.0,218.6,1.73,0.78,False,,True,ST-62,218.6,calibration,218.6,measured peak deviatoric stress from Appendix F,2,ST-62,Fredlund_plus_stage,199.85131227485434,-18.748687725145658
F2,multistage,1:1 Slope,ML,ST-64,7.5-8.0,1st,75.8,34.5,237.9,1.68,0.8,False,,True,ST-64,237.9,calibration,237.9,measured peak deviatoric stress from Appendix F,1,ST-64,Fredlund,251.4082911583705,13.508291158370497
F2,multistage,1:1 Slope,ML,ST-64,7.5-8.0,2nd,75.8,69.0,257.9,1.69,0.7,False,,True,ST-64,257.9,calibration,257.9,measured peak deviatoric stress from Appendix F,2,ST-64,Fredlund,284.2142536158673,26.3142536158673
F2,multistage,1:1 Slope,ML,ST-64,7.5-8.0,1st,75.8,34.5,237.9,1.68,0.8,False,,True,ST-64,237.9,calibration,237.9,measured peak deviatoric stress from Appendix F,1,ST-64,Fredlund_plus_stage,247.27416397275627,9.374163972756264
F2,multistage,1:1 Slope,ML,ST-64,7.5-8.0,2nd,75.8,69.0,257.9,1.69,0.7,False,,True,ST-64,257.9,calibration,257.9,measured peak deviatoric stress from Appendix F,2,ST-64,Fredlund_plus_stage,283.13296205410893,25.232962054108953
F3,multistage,Sheet pile,ML,ST-74,6.3-6.9,1st,62.1,55.2,272.0,1.73,0.71,False,,True,ST-74,272.0,calibration,272.0,measured peak deviatoric stress from Appendix F,1,ST-74,Fredlund,230.58279033452553,-41.41720966547447
F3,multistage,Sheet pile,ML,ST-74,6.3-6.9,2nd,62.1,82.7,321.7,1.73,0.69,False,,True,ST-74,321.7,calibration,321.7,measured peak deviatoric stress from Appendix F,2,ST-74,Fredlund,255.59007216452406,-66.10992783547593
F3,multistage,Sheet pile,ML,ST-74,6.3-6.9,1st,62.1,55.2,272.0,1.73,0.71,False,,True,ST-74,272.0,calibration,272.0,measured peak deviatoric stress from Appendix F,1,ST-74,Fredlund_plus_stage,218.76683766955418,-53.23316233044582
F3,multistage,Sheet pile,ML,ST-74,6.3-6.9,2nd,62.1,82.7,321.7,1.73,0.69,False,,True,ST-74,321.7,calibration,321.7,measured peak deviatoric stress from Appendix F,2,ST-74,Fredlund_plus_stage,251.30863854892644,-70.39136145107355
F3,multistage,Sheet pile,ML,ST-79A,14.1-14.7,1st,89.6,27.6,319.5,1.71,0.82,False,,True,ST-79,319.5,holdout,319.5,measured peak deviatoric stress from Appendix F,1,ST-79,Fredlund,276.821177259425,-42.678822740575015
F3,multistage,Sheet pile,ML,ST-79A,14.1-14.7,2nd,62.1,56.2,357.2,1.71,0.77,False,,True,ST-79,357.2,holdout,357.2,measured peak deviatoric stress from Appendix F,2,ST-79,Fredlund,232.70165491473279,-124.4983450852672
F3,multistage,Sheet pile,ML,ST-79A,14.1-14.7,3rd,62.1,82.7,383.5,1.72,0.71,False,,True,ST-79,383.5,holdout,383.5,measured peak deviatoric stress from Appendix F,3,ST-79,Fredlund,256.1447046468173,-127.35529535318273
F3,multistage,Sheet pile,ML,ST-79B,14.1-14.7,1st,144.8,13.8,288.6,1.63,0.9,False,,True,ST-79,288.6,holdout,288.6,measured peak deviatoric stress from Appendix F,1,ST-79,Fredlund,403.9586199839892,115.35861998398917
F3,multistage,Sheet pile,ML,ST-79B,14.1-14.7,2nd,144.8,41.4,374.9,1.64,0.83,False,,True,ST-79,374.9,holdout,374.9,measured peak deviatoric stress from Appendix F,2,ST-79,Fredlund,428.3747774408017,53.474777440801745
F3,multistage,Sheet pile,ML,ST-79B,14.1-14.7,3rd,131.0,89.6,469.1,1.64,0.63,False,,True,ST-79,469.1,holdout,469.1,measured peak deviatoric stress from Appendix F,3,ST-79,Fredlund,436.1782082883693,-32.9217917116307
F3,multistage,Sheet pile,ML,ST-79A,14.1-14.7,1st,89.6,27.6,319.5,1.71,0.82,False,,True,ST-79,319.5,holdout,319.5,measured peak deviatoric stress from Appendix F,1,ST-79,Fredlund_plus_stage,276.84231978210323,-42.65768021789677
F3,multistage,Sheet pile,ML,ST-79A,14.1-14.7,2nd,62.1,56.2,357.2,1.71,0.77,False,,True,ST-79,357.2,holdout,357.2,measured peak deviatoric stress from Appendix F,2,ST-79,Fredlund_plus_stage,232.68900499627023,-124.51099500372976
F3,multistage,Sheet pile,ML,ST-79A,14.1-14.7,3rd,62.1,82.7,383.5,1.72,0.71,False,,True,ST-79,383.5,holdout,383.5,measured peak deviatoric stress from Appendix F,3,ST-79,Fredlund_plus_stage,256.1107501946999,-127.3892498053001
F3,multistage,Sheet pile,ML,ST-79B,14.1-14.7,1st,144.8,13.8,288.6,1.63,0.9,False,,True,ST-79,288.6,holdout,288.6,measured peak deviatoric stress from Appendix F,1,ST-79,Fredlund_plus_stage,403.9973393255794,115.39733932557937
F3,multistage,Sheet pile,ML,ST-79B,14.1-14.7,2nd,144.8,41.4,374.9,1.64,0.83,False,,True,ST-79,374.9,holdout,374.9,measured peak deviatoric stress from Appendix F,2,ST-79,Fredlund_plus_stage,428.39305182446543,53.493051824465454
F3,multistage,Sheet pile,ML,ST-79B,14.1-14.7,3rd,131.0,89.6,469.1,1.64,0.63,False,,True,ST-79,469.1,holdout,469.1,measured peak deviatoric stress from Appendix F,3,ST-79,Fredlund_plus_stage,436.1850450764153,-32.91495492358473
F3,multistage,Sheet pile,ML,ST-80A,15.0-15.5,1st,144.8,27.6,409.1,1.66,0.87,False,,True,ST-80,409.1,calibration,409.1,measured peak deviatoric stress from Appendix F,1,ST-80,Fredlund,403.34749826644145,-5.752501733558574
F3,multistage,Sheet pile,ML,ST-80A,15.0-15.5,2nd,144.8,69.0,500.6,1.68,0.65,False,,True,ST-80,500.6,calibration,500.6,measured peak deviatoric stress from Appendix F,2,ST-80,Fredlund,438.4544315475916,-62.14556845240844
F3,multistage,Sheet pile,ML,ST-80A,15.0-15.5,3rd,144.8,96.5,550.9,1.68,0.56,False,,True,ST-80,550.9,calibration,550.9,measured peak deviatoric stress from Appendix F,3,ST-80,Fredlund,461.77425437927343,-89.12574562072655
F3,multistage,Sheet pile,ML,ST-80B,15.0-15.5,1st,69.0,6.9,234.3,1.66,0.89,False,,True,ST-80,234.3,calibration,234.3,measured peak deviatoric stress from Appendix F,1,ST-80,Fredlund,211.5320784106458,-22.767921589354216
F3,multistage,Sheet pile,ML,ST-80B,15.0-15.5,2nd,124.1,6.9,297.9,1.66,0.89,False,,True,ST-80,297.9,calibration,297.9,measured peak deviatoric stress from Appendix F,2,ST-80,Fredlund,338.20534519374144,40.30534519374146
F3,multistage,Sheet pile,ML,ST-80B,15.0-15.5,3rd,124.1,55.2,389.9,1.67,0.72,False,,True,ST-80,389.9,calibration,389.9,measured peak deviatoric stress from Appendix F,3,ST-80,Fredlund,379.16343402174994,-10.736565978250042
F3,multistage,Sheet pile,ML,ST-80B,15.0-15.5,4th,165.5,55.2,468.8,1.68,0.72,False,,True,ST-80,468.8,calibration,468.8,measured peak deviatoric stress from Appendix F,4,ST-80,Fredlund,474.3408068859997,5.5408068859997
F3,multistage,Sheet pile,ML,ST-80A,15.0-15.5,1st,144.8,27.6,409.1,1.66,0.87,False,,True,ST-80,409.1,calibration,409.1,measured peak deviatoric stress from Appendix F,1,ST-80,Fredlund_plus_stage,386.15403644649274,-22.945963553507283
F3,multistage,Sheet pile,ML,ST-80A,15.0-15.5,2nd,144.8,69.0,500.6,1.68,0.65,False,,True,ST-80,500.6,calibration,500.6,measured peak deviatoric stress from Appendix F,2,ST-80,Fredlund_plus_stage,424.149261466824,-76.45073853317604
F3,multistage,Sheet pile,ML,ST-80A,15.0-15.5,3rd,144.8,96.5,550.9,1.68,0.56,False,,True,ST-80,550.9,calibration,550.9,measured peak deviatoric stress from Appendix F,3,ST-80,Fredlund_plus_stage,454.74316256143516,-96.15683743856482
F3,multistage,Sheet pile,ML,ST-80B,15.0-15.5,1st,69.0,6.9,234.3,1.66,0.89,False,,True,ST-80,234.3,calibration,234.3,measured peak deviatoric stress from Appendix F,1,ST-80,Fredlund_plus_stage,214.71113082362086,-19.58886917637915
F3,multistage,Sheet pile,ML,ST-80B,15.0-15.5,2nd,124.1,6.9,297.9,1.66,0.89,False,,True,ST-80,297.9,calibration,297.9,measured peak deviatoric stress from Appendix F,2,ST-80,Fredlund_plus_stage,347.2740712629475,49.374071262947496
F3,multistage,Sheet pile,ML,ST-80B,15.0-15.5,3rd,124.1,55.2,389.9,1.67,0.72,False,,True,ST-80,389.9,calibration,389.9,measured peak deviatoric stress from Appendix F,3,ST-80,Fredlund_plus_stage,388.9433347787801,-0.9566652212198505
F3,multistage,Sheet pile,ML,ST-80B,15.0-15.5,4th,165.5,55.2,468.8,1.68,0.72,False,,True,ST-80,468.8,calibration,468.8,measured peak deviatoric stress from Appendix F,4,ST-80,Fredlund_plus_stage,492.5120163148319,23.712016314831885
F3,multistage,Sheet pile,ML,ST-81,2.4-3.0,1st,20.7,96.5,150.1,1.24,0.42,False,,True,ST-81,150.1,calibration,150.1,measured peak deviatoric stress from Appendix F,1,ST-81,Fredlund,197.15219034102006,47.052190341020065
F3,multistage,Sheet pile,ML,ST-81,2.4-3.0,2nd,20.7,117.2,163.6,1.25,0.39,False,,True,ST-81,163.6,calibration,163.6,measured peak deviatoric stress from Appendix F,2,ST-81,Fredlund,222.46422343128123,58.86422343128123
F3,multistage,Sheet pile,ML,ST-81,2.4-3.0,3rd,41.4,117.2,199.6,1.26,0.39,False,,True,ST-81,199.6,calibration,199.6,measured peak deviatoric stress from Appendix F,3,ST-81,Fredlund,270.6557355154816,71.05573551548159
F3,multistage,Sheet pile,ML,ST-81,2.4-3.0,4th,62.1,117.2,236.9,1.26,0.39,False,,True,ST-81,236.9,calibration,236.9,measured peak deviatoric stress from Appendix F,4,ST-81,Fredlund,318.8472475996819,81.9472475996819
F3,multistage,Sheet pile,ML,ST-81,2.4-3.0,1st,20.7,96.5,150.1,1.24,0.42,False,,True,ST-81,150.1,calibration,150.1,measured peak deviatoric stress from Appendix F,1,ST-81,Fredlund_plus_stage,181.76192226554556,31.66192226554557
F3,multistage,Sheet pile,ML,ST-81,2.4-3.0,2nd,20.7,117.2,163.6,1.25,0.39,False,,True,ST-81,163.6,calibration,163.6,measured peak deviatoric stress from Appendix F,2,ST-81,Fredlund_plus_stage,216.3105168362413,52.71051683624131
F3,multistage,Sheet pile,ML,ST-81,2.4-3.0,3rd,41.4,117.2,199.6,1.26,0.39,False,,True,ST-81,199.6,calibration,199.6,measured peak deviatoric stress from Appendix F,3,ST-81,Fredlund_plus_stage,276.22210471923825,76.62210471923825
F3,multistage,Sheet pile,ML,ST-81,2.4-3.0,4th,62.1,117.2,236.9,1.26,0.39,False,,True,ST-81,236.9,calibration,236.9,measured peak deviatoric stress from Appendix F,4,ST-81,Fredlund_plus_stage,336.13369260223516,99.23369260223515
F3,multistage,Sheet pile,ML,ST-83,5.5-6.1,1st,41.4,75.8,161.7,1.43,0.49,False,,True,ST-83,161.7,holdout,161.7,measured peak deviatoric stress from Appendix F,1,ST-83,Fredlund,217.51694109377962,55.81694109377963
F3,multistage,Sheet pile,ML,ST-83,5.5-6.1,2nd,41.4,103.4,190.9,1.43,0.44,False,,True,ST-83,190.9,holdout,190.9,measured peak deviatoric stress from Appendix F,2,ST-83,Fredlund,248.45515849816533,57.555158498165326
F3,multistage,Sheet pile,ML,ST-83,5.5-6.1,3rd,41.4,124.1,217.4,1.43,0.41,False,,True,ST-83,217.4,holdout,217.4,measured peak deviatoric stress from Appendix F,3,ST-83,Fredlund,271.6588215514546,54.25882155145459
F3,multistage,Sheet pile,ML,ST-83,5.5-6.1,1st,41.4,75.8,161.7,1.43,0.49,False,,True,ST-83,161.7,holdout,161.7,measured peak deviatoric stress from Appendix F,1,ST-83,Fredlund_plus_stage,212.7882495608995,51.0882495608995
F3,multistage,Sheet pile,ML,ST-83,5.5-6.1,2nd,41.4,103.4,190.9,1.43,0.44,False,,True,ST-83,190.9,holdout,190.9,measured peak deviatoric stress from Appendix F,2,ST-83,Fredlund_plus_stage,246.0436584773152,55.1436584773152
F3,multistage,Sheet pile,ML,ST-83,5.5-6.1,3rd,41.4,124.1,217.4,1.43,0.41,False,,True,ST-83,217.4,holdout,217.4,measured peak deviatoric stress from Appendix F,3,ST-83,Fredlund_plus_stage,272.2526771311635,54.85267713116352
F3,multistage,Sheet pile,ML,ST-87,11.5-12.0,1st,117.2,20.7,318.0,1.55,0.89,False,,True,ST-87,318.0,calibration,318.0,measured peak deviatoric stress from Appendix F,1,ST-87,Fredlund,333.90816069834887,15.908160698348865
F3,multistage,Sheet pile,ML,ST-87,11.5-12.0,2nd,117.2,55.2,388.2,1.55,0.67,False,,True,ST-87,388.2,calibration,388.2,measured peak deviatoric stress from Appendix F,2,ST-87,Fredlund,364.0058271633025,-24.194172836697476
F3,multistage,Sheet pile,ML,ST-87,11.5-12.0,3rd,117.2,75.8,443.3,1.56,0.62,False,,True,ST-87,443.3,calibration,443.3,measured peak deviatoric stress from Appendix F,3,ST-87,Fredlund,381.97718742933273,-61.32281257066728
F3,multistage,Sheet pile,ML,ST-87,11.5-12.0,1st,117.2,20.7,318.0,1.55,0.89,False,,True,ST-87,318.0,calibration,318.0,measured peak deviatoric stress from Appendix F,1,ST-87,Fredlund_plus_stage,328.26719433306647,10.26719433306647
F3,multistage,Sheet pile,ML,ST-87,11.5-12.0,2nd,117.2,55.2,388.2,1.55,0.67,False,,True,ST-87,388.2,calibration,388.2,measured peak deviatoric stress from Appendix F,2,ST-87,Fredlund_plus_stage,361.2894205789782,-26.910579421021794
F3,multistage,Sheet pile,ML,ST-87,11.5-12.0,3rd,117.2,75.8,443.3,1.56,0.62,False,,True,ST-87,443.3,calibration,443.3,measured peak deviatoric stress from Appendix F,3,ST-87,Fredlund_plus_stage,384.25493034077937,-59.045069659220644
